MANDT,QMNUM,FENUM,COUNTER,QMNUM_Z2,DELIVERPLAN,ACTUALCOMMITDATE,LASTCOMMITDATE,DELIVERPLANHIST,RECOMMITEDHIST,REMARKSRS,TIMESTAMPRS,REMARKSOC,TIMESTAMPOC,REMARKSVM,TIMESTAMPVM,REMARKSSPM,TIMESTAMPSPM,REMARKSPUR,TIMESTAMPPUR,REMARKSLOG,TIMESTAMPLOG,GSIREMARKS,CHANGES,STATUS,PRIORITY,AEDAT,AEUHR,AENAM
100,000310065904,1,1,001000048828,,,,,,,,,,,,,,,,,,,,,,,,
100,000310072967,1,1,001000053100,,,,,,,,,,,,,,,,,,,,,,,,
100,000310073594,1,1,001000053097,,,,,,,,,,,,,,,,,,,,,,,,
100,000310074706,1,1,001000053101,,,,,,,,,,,,,,,,,,,,,,,,
100,000310075656,1,1,001000057785,,,,,,,,,,,,,,,,,,,,,,,,
100,000310075959,1,1,001000082055,,,,,,,,,,scrapped 26.05.2014,25-06-2014,,,,,,,scrapped 26.05.2014,,,,25-06-2014,11:58:04,NHSITPM03
100,000310076224,1,1,001000057787,,,,,,,,,,,,,,,,,,,,,,,,
100,000310076225,1,1,001000057768,,,,,,,,,,,,,,,,,,,,,,,,
100,000310076976,1,1,001000054746,,,,,,,,,,,,,,,,,,,,,,,,
100,000310077126,1,1,001000057762,,,,,,,,,,,,,,,,,,,,,,,,
100,000310077659,1,1,001000064718,,,,,,,,,,,,,,,,,,,,,,,,
100,000310077716,1,1,001000053096,,,,,,,,,,,,,,,,,,,,,,,,
100,000310077717,1,1,001000053095,,,,,,,,,,,,,,,,,,,,,,,,
100,000310078660,1,1,001000053988,,,,,,,,,,,,,,,,,,,,,,,,
100,000310078865,1,1,001000057783,,,,,,,,,,,,,,,,,,,,,,,,
100,000310079353,1,1,001000057773,,,,,,,,,,,,,,,,,,,,,,,,
100,000310079399,1,1,001000059175,,,,,,,,,,,,,,,,,,,,,,,,
100,000310080146,1,1,001000057784,,,,,,,,,,,,,,,,,,,,,,,,
100,000310080344,1,1,001000071233,,,,,,,,,,,,,,,,,,,,,,,,
100,000310080663,1,1,001000059173,,,,,,,,,,,,,,,,,,,,,,,,
100,000310081292,1,1,001000068437,,,,,,,,,,,,,,,,,,,,,,,,
100,000310081392,1,1,001000059185,,,,,,,,,,,,,,,,,,,,,,,,
100,000310084393,1,1,001000057778,,,,,,,,,,,,,,,,,,,,,,,,
100,000310084400,1,1,001000057776,,,,,,,,,,,,,,,,,,,,,,,,
100,000310084401,1,1,001000057772,,,,,,,,,,,,,,,,,,,,,,,,
100,000310084402,1,1,001000057763,,,,,,,,,,,,,,,,,,,,,,,,
100,000310084412,1,1,001000057764,,,,,,,,,,,,,,,,,,,,,,,,
100,000310084756,1,1,001000057777,,,,,,,,,,,,,,,,,,,,,,,,
100,000310085120,1,1,001000057782,,,,,,,,,,,,,,,,,,,,,,,,
100,000310086085,1,1,001000059187,,,,,,,,,,,,,,,,,,,,,,,,
100,000310086087,1,1,001000059190,,,,,,,,,,,,,,,,,,,,,,,,
100,000310086088,1,1,001000075184,,,,,,,,,,,,,,,,,,,,,,,,
100,000310086089,1,1,001000059179,,,,,,,,,,,,,,,,,,,,,,,,
100,000310086090,1,1,001000057786,,,,,,,,,,,,,,,,,,,,,,,,
100,000310086091,1,1,001000059188,,,,,,,,,,,,,,,,,,,,,,,,
100,000310086092,1,1,001000059171,,,,,,,,,,,,,,,,,,,,,,,,
100,000310088344,1,1,001000086607,,,,,,,,,,,,,,,,,,,,,,,,
100,000310089198,1,1,001000057781,,,,,,,,,,,,,,,,,,,,,,,,
100,000310089211,1,1,001000074424,,,,,,,,,,,,,,,,,,,,,,,,
100,000310089502,1,1,001000057650,,,,,,,,,,,,,,,,,,,,,,,,
100,000310090490,1,1,001000057780,,,,,,,,,,,,,,,,,,,,,,,,
100,000310091149,1,1,001000057774,,,,,,,,,,,,,,,,,,,,,,,,
100,000310091150,1,1,001000057775,,,,,,,,,,,,,,,,,,,,,,,,
100,000310092340,1,1,001000068412,,,,,,,,,,,,,,,,,,,,,,,,
100,000310092591,1,1,001000061695,,,,,,,,,,,,,,,,,,,,,,,,
100,000310092613,1,1,001000068416,,,,,,,,,,,,,,,,,,,,,,,,
100,000310092676,1,1,001000058872,,,,,,,,,,,,,,,,,,,,,,,,
100,000310092680,1,1,001000058902,,,,,,,,,,,,,,,,,,,,,,,,
100,000310092704,1,1,001000058899,,,,,,,,,,,,,,,,,,,,,,,,
100,000310092706,1,1,001000058892,,,,,,,,,,,,,,,,,,,,,,,,
100,000310092725,1,1,001000058901,,,,,,,,,,,,,,,,,,,,,,,,
100,000310092788,1,1,001000058891,,,,,,,,,,,,,,,,,,,,,,,,
100,000310092794,1,1,001000058882,,,,,,,,,,,,,,,,,,,,,,,,
100,000310092862,1,1,001000058873,,,,,,,,,,,,,,,,,,,,,,,,
100,000310092902,1,1,001000072387,,,,,,,,,,,,,,,,,,,,,,,,
100,000310092918,1,1,001000058856,,,,,,,,,,,,,,,,,,,,,,,,
100,000310092919,1,1,001000058867,,,,,,,,,,,,,,,,,,,,,,,,
100,000310092938,1,1,001000081691,,,,,,,,,,,,,,,,,,,,,,,,
100,000310092959,1,1,001000058903,,,,,,,,,,,,,,,,,,,,,,,,
100,000310093001,1,1,001000058898,,,,,,,,,,,,,,,,,,,,,,,,
100,000310093012,1,1,001000068413,,,,,,,,,,,,,,,,,,,,,,,,
100,000310093150,1,1,001000058862,,,,,,,,,,,,,,,,,,,,,,,,
100,000310093166,1,1,001000060403,,,,,,,,,,,,,,,,,,,,,,,,
100,000310093216,1,1,001000058896,,,,,,,,,,,,,,,,,,,,,,,,
100,000310093246,1,1,001000068420,,,,,,,,,,,,,,,,,,,,,,,,
100,000310093249,1,1,001000083308,,,,,,,,,,,,,,,,,,,,,,,,
100,000310093348,1,1,001000058870,,,,,,,,,,,,,,,,,,,,,,,,
100,000310093349,1,1,001000058895,,,,,,,,,,,,,,,,,,,,,,,,
100,000310093389,1,1,001000058886,,,,,,,,,,,,,,,,,,,,,,,,
100,000310093416,1,1,001000058851,,,,,,,,,,,,,,,,,,,,,,,,
100,000310093501,1,1,001000058866,,,,,,,,,,,,,,,,,,,,,,,,
100,000310093503,1,1,001000058897,,,,,,,,,,,,,,,,,,,,,,,,
100,000310093505,1,1,001000058875,,,,,,,,,,,,,,,,,,,,,,,,
100,000310093513,1,1,001000058893,,,,,,,,,,,,,,,,,,,,,,,,
100,000310093571,1,1,001000058894,,,,,,,,,,,,,,,,,,,,,,,,
100,000310093601,1,1,001000068414,,,,,,,,,,,,,,,,,,,,,,,,
100,000310093607,1,1,001000068424,,,,,,,,,,,,,,,,,,,,,,,,
100,000310093766,1,1,001000068419,,,,,,,,,,,,,,,,,,,,,,,,
100,000310094648,1,1,001000068773,,,,,,,,,,,,,,,,,,,,,,,,
100,000310094734,1,1,001000068418,,,,,,,,,,,,,,,,,,,,,,,,
100,000310094788,1,1,001000068774,,,,,,,,,,,,,,,,,,,,,,,,
100,000310094912,1,1,001000072386,,,,,,,,,,,,,,,,,,,,,,,,
100,000310094928,1,1,001000072649,,,,,,,,,,,,,,,,,,,,,,,,
100,000310095024,1,1,001000068417,,,,,,,,,,,,,,,,,,,,,,,,
100,000310096163,1,1,001000088215,,,,,,,,,,,,,,,,,,,,,,,,
100,000310097112,1,1,001000082064,,,,,,,,,,no goods received in GÖ,25-06-2014,,,,,,,no goods received in GÖ,,,,25-06-2014,11:58:07,NHSITPM03
100,000310097464,1,1,001000064269,,,,,,,,,,,,,,,,,,,,,,,,
100,000310097586,1,1,001000077729,,,,,,,,,,,,,,,,,,,,,,,,
100,000310098675,1,1,001000068410,,,,,,,,,,,,,,,,,,,,,,,,
100,000310098683,1,1,001000063181,,,,,,,,,,,,,,,,,,,,,,,,
100,000310099541,1,1,001000068422,,,,,,,,,,,,,,,,,,,,,,,,
100,000310100645,1,1,001000068423,,,,,,,,,,,,,,,,,,,,,,,,
100,000310100727,1,1,001000082683,,,,,,,,,,,,,,,,,,,,,,,,
100,000310101031,1,1,001000072652,,,,,,,,,,,,,,,,,,,,,,,,
100,000310101316,1,1,001000062852,,,,,,,,,,,,,,,,,,,,,,,,
100,000310101762,1,1,001000068415,,,,,,,,,,,,,,,,,,,,,,,,
100,000310101912,1,1,001000072664,,,,,,,,,,,,,,,,,,,,,,,,
100,000310101975,1,1,001000078849,,,,,,,,,,,,,,,,,,,,,,,,
100,000310104700,1,1,001000068384,"CW 26,2014",27-06-2014,17-06-2014,"CW 22,2014;CW 26,2014",30-05-2014,,,,,STILL UNDER REPAIR/STILL UNDER REPAIR,17-06-2014,,,,,,,STILL UNDER REPAIR/STILL UNDER REPAIR,,5,,17-06-2014,08:54:36,NHS001415
100,000310105132,1,1,001000072659,,,,,,,,,,,,,,,,,,,,,,,,
100,000310105202,1,1,001000068750,,,,,,,,,,,,,,,,,,,,,,,,
100,000310105748,1,1,001000072657,,,,,,,,,,,,,,,,,,,,,,,,
100,000310106427,1,1,001000068800,,,,,,,,,,,,,,,,,,,,,,,,
100,000310107445,1,1,001000068799,,,,,,,,,,,,,,,,,,,,,,,,
100,000310107790,1,1,001000072658,,,,,,,,,,,,,,,,,,,,,,,,
100,000310107866,1,1,001000075706,,,,,,,,,,,,,,,,,,,,,,,,
100,000310108913,1,1,001000072647,,,,,,,,,,,,,,,,,,,,,,,,
100,000310108940,1,1,001000072653,,,,,,,,,,,,,,,,,,,,,,,,
100,000310109267,1,1,001000072654,,,,,,,,,,,,,,,,,,,,,,,,
100,000310110148,1,1,001000079374,,,,,,,,,,Difficult Repair ; settled failures. foc,25-06-2014,,,,,,,Difficult Repair ; settled failures. foc,,,,25-06-2014,12:01:00,NHSITPM03
100,000310113814,1,1,001000083331,,,,,,,,,,,,,,,,,,,,,,,,
100,000310114819,1,1,001000125914,,,,,,,,,,,,,,,,,,,,,,,,
100,000310115475,1,1,001000074218,,,,,,,,,,,,,,,,,,,,,,,,
100,000310116254,1,1,001000080889,,,,,,,,PO REQUESTED CNSL150501/PO REQUESTED CNSL140601,18-05-2015,,,,,,,,,,,,,18-05-2015,14:45:03,NHS070287
100,000310116255,1,1,001000080891,,,,,,,,PO REQUESTED CNSL150501/PO REQUESTED CNSL140601,18-05-2015,,,,,,,,,,,,,18-05-2015,14:47:50,NHS070287
100,000310117612,1,1,001000074888,,,,,,,,,,,,,,,,,,,,,,,,
100,000310118178,1,1,001000082345,,,,,,,,,,Difficult Repair ; settled failures. foc,25-06-2014,,,,,,,Difficult Repair ; settled failures. foc,,,,25-06-2014,12:00:00,NHSITPM03
100,000310118625,1,1,001000077730,,,,,,,,,,,,,,,,,,,,,,,,
100,000310118975,1,1,001000077721,,,,,,,,,,,,,,,,,,,,,,,,
100,000310119032,1,1,001000126054,,,,,,,,,,,,,,,,,,,,,,,,
100,000310119674,1,1,001000077738,,,,,,,,,,,,,,,,,,,,,,,,
100,000310119878,1,1,001000082257,,,,,,,,,,no spareparts available (2900001709),25-06-2014,,,,,,,no spareparts available (2900001709),,,,25-06-2014,11:59:12,NHSITPM03
100,000310120345,1,1,001000078435,,,,,,,,,,,,,,,,,,,,,,,,
100,000310121407,1,1,001000103165,,,,,,,,,,,,,,,,,,,,,,,,
100,000310121967,1,1,001000082207,,,,,,,,,,no spareparts available (2900001709),25-06-2014,,,,,,,no spareparts available (2900001709),,,,25-06-2014,11:58:54,NHSITPM03
100,000310122523,1,1,001000079375,,,,,,,,,,,,,,,,,,,,,,,,
100,000310122644,1,1,001000079358,,,,,,,,,,,,,,,,,,,,,,,,
100,000310123814,1,1,001000079359,,,,,,,,,,,,,,,,,,,,,,,,
100,000310123815,1,1,001000079371,,,,,,,,,,,,,,,,,,,,,,,,
100,000310123816,1,1,001000079372,,,,,,,,,,,,,,,,,,,,,,,,
100,000310125468,1,1,001000082315,,,,,,,,,,no goods received in GÖ,25-06-2014,,,,,,,no goods received in GÖ,,,,25-06-2014,11:59:47,NHSITPM03
100,000310125473,1,1,001000083053,,,,,,,,,,,,,,,,,,,,,,,,
100,000310126540,1,1,001000082688,,,,,,,,,,,,,,,,,,,,,,,,
100,000310126541,1,1,001000082687,,,,,,,,,,,,,,,,,,,,,,,,
100,000310126929,1,1,001000082335,,,,,,,,,,no goods received in GÖ,25-06-2014,,,,,,,no goods received in GÖ,,,,25-06-2014,11:59:56,NHSITPM03
100,000310127925,1,1,001000080788,,,,,,,,,,,,,,,,,,,,,,,,
100,000310128935,1,1,001000081462,,,,,,,,,,,,,,,,,,,,,,,,
100,000310129594,1,1,001000083167,,,,,,,,,,,,,,,,,,,,,,,,
100,000310129944,1,1,001000089257,,,,,,,,,,,,,,,,,,,,,,,,
100,000310130406,1,1,001000081044,,,,,,,,,,,,,,,,,,,,,,,,
100,000310131045,1,1,001000082686,,,,,,,,,,,,,,,,,,,,,,,,
100,000310132492,1,1,001000086228,,,,,,,,,,,,,,,,,,,,,,,,
100,000310132566,1,1,001000080892,,,,,,,,PO REQUESTED CNSL150501/PO REQUESTED CNSL140601,18-05-2015,,,,,,,,,,,,,18-05-2015,14:50:02,NHS070287
100,000310136866,1,1,001000147066,,,,,,,,PO REQUESTED CNSL150501,18-05-2015,,,,,,,,,,,,,18-05-2015,14:52:18,NHS070287
100,000310136869,1,1,001000147067,,,,,,,,PO REQUESTED CNSL150501,18-05-2015,,,,,,,,,,,,,18-05-2015,14:54:28,NHS070287
100,000310142112,1,1,001000262005,,,,,,,,,,,,,,,,,,,,,,,,
100,000310145875,1,1,001000093515,,,,,,,,,,,,,,,,,,,,,,,,
100,000310145919,1,1,001000094842,,,,,,,,,,,,,,,,,,,,,,,,
100,000310145932,1,1,001000093540,,,,,,,,,,,,,,,,,,,,,,,,
100,000310148788,1,1,001000147069,,,,,,,,PO REQUESTED CNSL150501,18-05-2015,,,,,,,,,,,,,18-05-2015,14:56:23,NHS070287
100,000310153454,1,1,001000147072,,,,,,,,PO REQUESTED CNSL150501,18-05-2015,,,,,,,,,,,,,18-05-2015,15:11:54,NHS070287
100,000310153462,1,1,001000147074,,,,,,,,PO REQUESTED CNSL150501,18-05-2015,,,,,,,,,,,,,18-05-2015,15:15:08,NHS070287
100,000310157350,1,1,001000262830,,,,,,,,,,,,,,,,,,,,,,,,
100,000310157350,1,2,001000262830,,,,,,,,,,,,,,,,,,,,,,,,
100,000310164161,1,1,001000103524,,,,,,,,,,,,,,,,,,,,,,,,
100,000310174070,1,1,001000267239,,,,,,,,,,,,,,,,,,,,,,,,
100,000310175032,1,1,001000147076,,,,,,,,PO REQUESTED CNSL150501,18-05-2015,,,,,,,,,,,,,18-05-2015,15:21:30,NHS070287
100,000310175035,1,1,001000147077,,,,,,,,PO REQUESTED CNSL150501,18-05-2015,,,,,,,,,,,,,18-05-2015,15:23:01,NHS070287
100,000310175037,1,1,001000147078,,,,,,,,PO REQUESTED CNSL150501,18-05-2015,,,,,,,,,,,,,18-05-2015,15:29:45,NHS070287
100,000310175040,1,1,001000147090,,,,,,,,PO REQUESTED CNSL150501,18-05-2015,,,,,,,,,,,,,18-05-2015,15:34:10,NHS070287
100,000310175043,1,1,001000147092,,,,,,,,PO REQUESTED CNSL150501,18-05-2015,,,,,,,,,,,,,18-05-2015,15:46:06,NHS070287
100,000310177691,1,1,001000110394,,,,,,,,,,,,,,,,,,,,,,,,
100,000310179666,1,1,001000113264,,,,,,,,,,,,,,,,,,,,,,,,
100,000310179676,1,1,001000112310,,,,,,,,,,,,,,,,,,,,,,,,
100,000310194730,1,1,001000119877,,,,,,,,,,,,,,,,,,,,,,,,
100,000310203118,1,1,001000124052,,,,,,,,,,,,,,,,,,,,,,,,
100,000310221936,1,1,001000135672,,,,,,,,,,,,,,,,,,,,,,,,
100,000310222283,1,1,001000135689,,,,,,,,,,,,,,,,,,,,,,,,
100,000310222287,1,1,001000135686,,,,,,,,,,,,,,,,,,,,,,,,
100,000310222288,1,1,001000135691,,,,,,,,,,,,,,,,,,,,,,,,
100,000310222292,1,1,001000135692,,,,,,,,,,,,,,,,,,,,,,,,
100,000310222314,1,1,001000135674,,,,,,,,,,,,,,,,,,,,,,,,
100,000310223224,1,1,001000134153,,,,,,,,,,,,,,,,,,,,,,,,
100,000310229922,1,1,001000147093,,,,,,,,PO REQUESTED CNSL150501,18-05-2015,,,,,,,,,,,,,18-05-2015,15:49:59,NHS070287
100,000310229923,1,1,001000147094,,,,,,,,PO REQUESTED CNSL150501,18-05-2015,,,,,,,,,,,,,18-05-2015,15:53:01,NHS070287
100,000310229924,1,1,001000147095,,,,,,,,PO REQUESTED CNSL150501,18-05-2015,,,,,,,,,,,,,18-05-2015,15:56:02,NHS070287
100,000310229925,1,1,001000147096,,,,,,,,PO REQUESTED CNSL150501,18-05-2015,,,,,,,,,,,,,18-05-2015,15:59:02,NHS070287
100,000310229927,1,1,001000147097,,,,,,,,PO REQUESTED CNSL150501,18-05-2015,,,,,,,,,,,,,18-05-2015,16:04:01,NHS070287
100,000310229928,1,1,001000147098,,,,,,,,PO REQUESTED CNSL150501,18-05-2015,,,,,,,,,,,,,18-05-2015,16:07:03,NHS070287
100,000310229929,1,1,001000147099,,,,,,,,PO REQUESTED CNSL150501,18-05-2015,,,,,,,,,,,,,18-05-2015,16:09:17,NHS070287
100,000310229930,1,1,001000147100,,,,,,,,PO REQUESTED CNSL150501,18-05-2015,,,,,,,,,,,,,18-05-2015,16:11:38,NHS070287
100,000310229932,1,1,001000147101,,,,,,,,PO REQUESTED CNSL150501,18-05-2015,,,,,,,,,,,,,18-05-2015,16:13:41,NHS070287
100,000310229934,1,1,001000147102,,,,,,,,PO REQUESTED CNSL150501,18-05-2015,,,,,,,,,,,,,18-05-2015,16:15:35,NHS070287
100,000310229935,1,1,001000147103,,,,,,,,PO REQUESTED CNSL150501,18-05-2015,,,,,,,,,,,,,18-05-2015,16:17:00,NHS070287
100,000310250017,1,1,001000148515,,,,,,,,PO REQUESTED CNSL150502,27-05-2015,,,,,,,,,,,,,27-05-2015,09:59:53,NHS070287
100,000310250018,1,1,001000148520,,,,,,,,PO REQUESTED CNSL150502,27-05-2015,,,,,,,,,,,,,27-05-2015,10:04:23,NHS070287
100,000310287615,1,1,001000436535,,,,,,,,,,,,,,,,,,,,,,,,
100,000310287722,1,1,001000188869,MISSING,10-10-2020,26-01-2016,MISSING,,,,,,,,,,,,,,,,3,,26-01-2016,15:30:15,ALEREMOTE
100,000310288748,1,1,001000261985,,,,,,,,,,,,,,,,,,,,,,,,
100,000310294919,1,1,001000177110,"CW 00,0000",,13-11-2015,"CW 00,0000",,WE erst am 05.10.15,13-11-2015,,,,,,,,,,,WE erst am 05.10.15,,5A,,13-11-2015,17:39:30,ALEREMOTE
100,000310305049,1,1,001000190032,,,,,,,,,,,,,,,,,,,,,,,,
100,000310315163,2,1,001000182249,,,,,,,,,,,,,,,,,,,,,,,,
100,000310315163,3,1,001000182246,,,,,,,,,,,,,,,,,,,,,,,,
100,000310315395,1,1,001000262004,,,,,,,,,,,,,,,,,,,,,,,,
100,000310322472,1,1,001000437729,,,,,,,,,,,,,,,,,,,,,,,,
100,000310322485,1,1,001000345213,,,,,,,,,,,,,,,,,,,,,,,,
100,000310322488,1,1,001000345214,,,,,,,,,,,,,,,,,,,,,,,,
100,000310322494,1,1,001000345215,,,,,,,,,,,,,,,,,,,,,,,,
100,000310325881,1,1,001000188280,,,,,,,,,,,,,,,,,,,,,,,,
100,000310325961,1,1,001000189838,,,,,,,,,,,,,,,,,,,,,,,,
100,000310328263,1,1,001000436530,,,,,,,,,,,,,,,,,,,,,,,,
100,000310328264,1,1,001000436555,,,,,,,,,,,,,,,,,,,,,,,,
100,000310328265,1,1,001000436523,,,,,,,,,,,,,,,,,,,,,,,,
100,000310328273,1,1,001000465076,,,,,,,,,,,,,,,,,,,,,,,,
100,000310328598,1,1,001000188299,,,,,,,,,,,,,,,,,,,,,,,,
100,000310333903,1,1,001000197762,,,,,,,,,,,,,,,,,,,,,,,,
100,000310336501,1,1,001000195567,,,,,,,,,,,,,,,,,,,,,,,,
100,000310337754,1,1,001000195228,,,,,,,,,,,,,,,,,,,,,,,,
100,000310339222,1,1,001000465113,,,,,,,,,,,,,,,,,,,,,,,,
100,000310341205,1,1,001000196094,,,,,,,,,,,,,,,,,,,,,,,,
100,000310341348,1,1,001000201670,,,,,,,,,,,,,,,,,,,,,,,,
100,000310342730,1,1,001000198762,,,,,,,,,,,,,,,,,,,,,,,,
100,000310343873,1,1,001000214610,"CW 41,2020",10-10-2020,25-05-2016,"CW 41,2020",,,,,,Item on loan,25-05-2016,,,,,,,Item on loan,,5,,25-05-2016,08:19:51,NHS001867
100,000310343873,2,1,001000214611,"CW 41,2020",10-10-2020,25-05-2016,"CW 41,2020",,,,,,Item on loan,25-05-2016,,,,,,,Item on loan,,5,,25-05-2016,08:19:51,NHS001867
100,000310343873,3,1,001000214612,"CW 41,2020",10-10-2020,25-05-2016,"CW 41,2020",,,,,,Item on loan,25-05-2016,,,,,,,Item on loan,,5,,25-05-2016,08:19:51,NHS001867
100,000310343873,4,1,001000214613,"CW 41,2020",10-10-2020,25-05-2016,"CW 41,2020",,,,,,Item on loan,25-05-2016,,,,,,,Item on loan,,5,,25-05-2016,08:19:52,NHS001867
100,000310343873,5,1,001000214614,"CW 41,2020",10-10-2020,25-05-2016,"CW 41,2020",,,,,,Item on loan,25-05-2016,,,,,,,Item on loan,,5,,25-05-2016,08:19:52,NHS001867
100,000310343873,6,1,001000214615,"CW 41,2020",10-10-2020,25-05-2016,"CW 41,2020",,,,,,Item on loan,25-05-2016,,,,,,,Item on loan,,5,,25-05-2016,08:19:52,NHS001867
100,000310344795,1,1,001000200067,,,,,,,,,,,,,,,,,,,,,,,,
100,000310346148,1,1,001000200068,,,,,,,,,,,,,,,,,,,,,,,,
100,000310346265,1,1,001000198743,,,,,,,,,,,,,,,,,,,,,,,,
100,000310354090,1,1,001000261986,,,,,,,,,,,,,,,,,,,,,,,,
100,000310354091,1,1,001000261987,,,,,,,,,,,,,,,,,,,,,,,,
100,000310354092,1,1,001000262006,,,,,,,,,,,,,,,,,,,,,,,,
100,000310354093,1,1,001000262003,,,,,,,,,,,,,,,,,,,,,,,,
100,000310360192,1,1,001000230787,,,,,,,,,,,,,,,,,,,,,,,,
100,000310365283,1,1,001000259007,,,,,,,,,,,,,,,,,,,,,,,,
100,000310372947,1,1,001000259312,,,,,,,,,,,,,,,,,,,,,,,,
100,000310373260,1,1,001000259311,,,,,,,,,,,,,,,,,,,,,,,,
100,000310379282,1,1,001000242692,,,,,,,,,,,,,,,,,,,,,,,,
100,000310387770,1,1,001000215004,"CW 41,2020",10-10-2020,27-09-2016,"CW 41,2020",,,,,,Leihgabe,27-09-2016,,,,,,,Leihgabe,,5,,27-09-2016,09:32:24,NHS000813
100,000310390032,1,1,001000259038,,,,,,,,,,,,,,,,,,,,,,,,
100,000310412295,1,1,001000259031,,,,,,,,,,,,,,,,,,,,,,,,
100,000310414356,1,1,001000259342,,,,,,,,,,,,,,,,,,,,,,,,
100,000310415253,1,1,001000258963,,,,,,,,,,,,,,,,,,,,,,,,
100,000310415257,1,1,001000259008,,,,,,,,,,,,,,,,,,,,,,,,
100,000310415782,1,1,001000237018,,,,,,,,,,,,,,,,,,,,,,,,
100,000310418984,1,1,001000237641,,,,,,,,,,,,,,,,,,,,,,,,
100,000310425162,1,1,001000263683,,,,,,,,,,,,,,,,,,,,,,,,
100,000310426178,1,1,001000257463,,,,,,,,,,,,,,,,,,,,,,,,
100,000310430303,1,1,001000257460,,,,,,,,,,,,,,,,,,,,,,,,
100,000310431193,1,1,001000261989,,,,,,,,,,,,,,,,,,,,,,,,
100,000310431204,1,1,001000262002,,,,,,,,,,,,,,,,,,,,,,,,
100,000310436807,1,1,001000259006,,,,,,,,,,,,,,,,,,,,,,,,
100,000310438484,1,1,001000239756,,,,,,,,,,,,,,,,,,,,,,,,
100,000310439467,1,1,001000259350,,,,,,,,,,,,,,,,,,,,,,,,
100,000310446022,1,1,001000259570,,,,,,,,,,,,,,,,,,,,,,,,
100,000310446431,1,1,001000258966,,,,,,,,,,,,,,,,,,,,,,,,
100,000310446436,1,1,001000258982,,,,,,,,,,,,,,,,,,,,,,,,
100,000310446454,1,1,001000257461,,,,,,,,,,,,,,,,,,,,,,,,
100,000310447017,1,1,001000258980,,,,,,,,,,,,,,,,,,,,,,,,
100,000310448464,1,1,001000262017,,,,,,,,,,,,,,,,,,,,,,,,
100,000310448465,1,1,001000262018,,,,,,,,,,,,,,,,,,,,,,,,
100,000310448466,1,1,001000262016,,,,,,,,,,,,,,,,,,,,,,,,
100,000310449934,1,1,001000259046,,,,,,,,,,,,,,,,,,,,,,,,
100,000310451505,1,1,001000259335,,,,,,,,,,,,,,,,,,,,,,,,
100,000310453505,1,1,001000259315,,,,,,,,,,,,,,,,,,,,,,,,
100,000310455308,1,1,001000246475,,,,,,,,,,,,,,,,,,,,,,,,
100,000310455308,4,1,001000251431,,,,,,,,,,,,,,,,,,,,,,,,
100,000310455309,1,1,001000246411,MISSING,10-10-2020,25-10-2016,MISSING,,,,,,Keine Fehlerangabe vom Kunde,25-10-2016,,,,,,,Keine Fehlerangabe vom Kunde,,5,,25-10-2016,14:13:47,NHS001549
100,000310455836,1,1,001000257438,,,,,,,,,,,,,,,,,,,,,,,,
100,000310456063,1,1,001000262001,,,,,,,,,,,,,,,,,,,,,,,,
100,000310456064,1,1,001000262000,,,,,,,,,,,,,,,,,,,,,,,,
100,000310456667,1,1,001000257462,,,,,,,,,,,,,,,,,,,,,,,,
100,000310458160,1,1,001000259572,,,,,,,,,,,,,,,,,,,,,,,,
100,000310460465,1,1,001000259339,,,,,,,,,,,,,,,,,,,,,,,,
100,000310462072,1,1,001000259308,,,,,,,,,,,,,,,,,,,,,,,,
100,000310479486,1,1,001000264844,,,,,,,,,,,,,,,,,,,,,,,,
100,000310481312,1,1,001000264846,,,,,,,,,,,,,,,,,,,,,,,,
100,000310483270,1,1,001000261988,,,,,,,,,,,,,,,,,,,,,,,,
100,000310483271,1,1,001000262012,,,,,,,,,,,,,,,,,,,,,,,,
100,000310483272,1,1,001000262008,,,,,,,,,,,,,,,,,,,,,,,,
100,000310483273,1,1,001000262010,,,,,,,,,,,,,,,,,,,,,,,,
100,000310483274,1,1,001000262015,,,,,,,,,,,,,,,,,,,,,,,,
100,000310483275,1,1,001000262007,,,,,,,,,,,,,,,,,,,,,,,,
100,000310483276,1,1,001000262011,,,,,,,,,,,,,,,,,,,,,,,,
100,000310483277,1,1,001000262014,,,,,,,,,,,,,,,,,,,,,,,,
100,000310483278,1,1,001000261983,,,,,,,,,,,,,,,,,,,,,,,,
100,000310483279,1,1,001000262009,,,,,,,,,,,,,,,,,,,,,,,,
100,000310486420,1,1,001000260881,,,,,,,,,,,,,,,,,,,,,,,,
100,000310504524,1,1,001000270628,,,,,,,,,,,,,,,,,,,,,,,,
100,000310507432,1,1,001000281818,"CW 22,2017",31-05-2017,10-04-2017,"CW 17,2017;CW 22,2017",30-04-2017,Vendor Bearbeitung m. WK/ME 12.04.17/Noch kein Vendor definiert/ME 29.03.17/In Klärung wo BG bearbeitet. ME 29.03.17,12-04-2017,,,,,,,,,,,Vendor Bearbeitung m. WK/ME 12.04.17/Noch kein Vendor definiert/ME 29.03.17/In Klärung wo BG bearbeitet. ME 29.03.17,,3,,12-04-2017,15:21:58,NHS000085
100,000310517963,1,1,001000277592,,,,,,,,,,,,,,,,,,,,,,,,
100,000310520028,15,1,001000328506,,,,,,,,,,,,,,,,,,,,,,,,
100,000310549182,2,1,001000295435,,,,,,,,,,,,,,,,,,,,,,,,
100,000310578309,1,1,001000309003,,,,,,,,,,,,,,,,,,,,,,,,
100,000310598964,6,1,001000313998,,,,,,,,,,,,,,,,,,,,,,,,
100,000310653218,1,1,001000337958,,,,,,,,,,,,,,,,,,,,,,,,
100,000310665486,1,1,001000370705,,,,,,,,,,,,,,,,,,,,,,,,
100,000310746332,3,1,001000374698,"CW 22,2018",30-05-2018,15-05-2018,"CW 22,2018",,TD wird benötigt ME 15.05.18,15-05-2018,,,,,,,,,,,TD wird benötigt ME 15.05.18,,3,,15-05-2018,16:41:34,NHS000085
100,000310755374,3,1,001000399500,,,,,,,,,,,,,,,,,,,,,,,,
100,000310764330,1,1,001000418250,,,,,,,,,,,,,,,,,,,,,,,,
100,000310766406,2,1,001000385075,,,,,,,,,,,,,,,,,,,,,,,,
100,000310766862,1,1,001000377027,,,,,,,,,,,,,,,,,,,,,,,,
100,000310767340,2,1,001000384622,,,,,,,,,,,,,,,,,,,,,,,,
100,000310768039,2,1,001000390162,,,,,,,,,,,,,,,,,,,,,,,,
100,000310784676,2,1,001000382854,,,,,,Supply Anfrage (RS 14.06.18),14-06-2018,,,,,,,,,,,Supply Anfrage (RS 14.06.18),,5,,14-06-2018,13:19:25,NHS000440
100,000310785147,2,1,001000394167,,,,,,,,,,,,,,,,,,,,,,,,
100,000310786253,1,1,001000399395,"CW 00,0000",,13-07-2018,"CW 00,0000",,WE zu spät (RS 15.06.18),13-07-2018,,,,,,,,,,,WE zu spät (RS 15.06.18),,5,,13-07-2018,10:11:58,ALEREMOTE
100,000310788977,4,1,001000387118,,,,,,,,,,,,,,,,,,,,,,,,
100,000310791754,2,1,001000396040,,,,,,,,,,,,,,,,,,,,,,,,
100,000310795112,4,1,001000404948,,,,,,,,,,,,,,,,,,,,,,,,
100,000310804997,1,1,001000574285,,,,,,,,,,,,,,,,,,,,,,,,
100,000310804998,1,1,001000574284,,,,,,,,,,,,,,,,,,,,,,,,
100,000310826947,2,1,001000416696,,,,,,,,,,,,,,,,,,,,,,,,
100,000310830226,1,1,001000442137,,,,,,,,,,,,,,,,,,,,,,,,
100,000310833798,1,1,001000414620,"CW 33,2018",17-08-2018,10-08-2018,"CW 33,2018",,WE zu spät (RS 10.08.18),10-08-2018,,,,,,,,,,,WE zu spät (RS 10.08.18),,5,,10-08-2018,13:48:50,NHS000440
100,000310917034,1,1,001000574337,,,,,,,,,,,,,,,,,,,,,,,,
100,000310917037,1,1,001000467222,,,,,,,,,,,,,,,,,,,,,,,,
100,000310964583,1,1,001000500919,,,,,,,,,,,,,,,,,,,,,,,,
100,000310969238,1,1,,,,,,,,,,,,,,,,,,,,,,,08-01-2019,10:44:47,NHSROCS01
100,000310971813,1,1,001000496234,,,,,,,,,,,,,,,,,,,,,,,,
100,000310973898,1,1,,,,,,,,,,,,,,,,,,,,,,,14-01-2019,09:03:25,NHSROCS01
100,000310973901,1,1,,,,,,,,,,,,,,,,,,,,,,,14-01-2019,09:03:53,NHSROCS01
100,000310973904,1,1,,,,,,,,,,,,,,,,,,,,,,,14-01-2019,09:04:49,NHSROCS01
100,000310973905,1,1,,,,,,,,,,,,,,,,,,,,,,,14-01-2019,09:05:15,NHSROCS01
100,000310973906,1,1,,,,,,,,,,,,,,,,,,,,,,,14-01-2019,09:05:39,NHSROCS01
100,000310973908,1,1,,,,,,,,,,,,,,,,,,,,,,,14-01-2019,09:06:00,NHSROCS01
100,000310973909,1,1,,,,,,,,,,,,,,,,,,,,,,,14-01-2019,09:06:18,NHSROCS01
100,000310973910,1,1,,,,,,,,,,,,,,,,,,,,,,,14-01-2019,09:06:39,NHSROCS01
100,000310973911,1,1,,,,,,,,,,,,,,,,,,,,,,,14-01-2019,09:06:57,NHSROCS01
100,000310973912,1,1,,,,,,,,,,,,,,,,,,,,,,,14-01-2019,09:07:17,NHSROCS01
100,000310973914,1,1,,,,,,,,,,,,,,,,,,,,,,,14-01-2019,09:07:38,NHSROCS01
100,000310973929,1,1,,,,,,,,,,,,,,,,,,,,,,,14-01-2019,09:07:57,NHSROCS01
100,000310973930,1,1,,,,,,,,,,,,,,,,,,,,,,,14-01-2019,09:08:15,NHSROCS01
100,000310973931,1,1,,,,,,,,,,,,,,,,,,,,,,,14-01-2019,09:08:34,NHSROCS01
100,000310973932,1,1,,,,,,,,,,,,,,,,,,,,,,,14-01-2019,09:08:52,NHSROCS01
100,000310973934,1,1,,,,,,,,,,,,,,,,,,,,,,,14-01-2019,09:09:15,NHSROCS01
100,000310973935,1,1,,,,,,,,,,,,,,,,,,,,,,,14-01-2019,09:09:34,NHSROCS01
100,000310973936,1,1,,,,,,,,,,,,,,,,,,,,,,,14-01-2019,09:09:53,NHSROCS01
100,000310973937,1,1,,,,,,,,,,,,,,,,,,,,,,,14-01-2019,09:10:12,NHSROCS01
100,000310973940,1,1,,,,,,,,,,,,,,,,,,,,,,,14-01-2019,09:10:51,NHSROCS01
100,000310973941,1,1,,,,,,,,,,,,,,,,,,,,,,,14-01-2019,09:11:14,NHSROCS01
100,000310973942,1,1,,,,,,,,,,,,,,,,,,,,,,,14-01-2019,09:11:33,NHSROCS01
100,000310973943,1,1,,,,,,,,,,,,,,,,,,,,,,,14-01-2019,09:11:52,NHSROCS01
100,000310973944,1,1,,,,,,,,,,,,,,,,,,,,,,,14-01-2019,09:12:19,NHSROCS01
100,000310973947,1,1,,,,,,,,,,,,,,,,,,,,,,,14-01-2019,09:12:40,NHSROCS01
100,000310973948,1,1,,,,,,,,,,,,,,,,,,,,,,,14-01-2019,09:13:05,NHSROCS01
100,000310973950,1,1,,,,,,,,,,,,,,,,,,,,,,,14-01-2019,09:13:29,NHSROCS01
100,000310973951,1,1,,,,,,,,,,,,,,,,,,,,,,,14-01-2019,09:13:52,NHSROCS01
100,000310973952,1,1,,,,,,,,,,,,,,,,,,,,,,,14-01-2019,09:14:11,NHSROCS01
100,000310973954,1,1,,,,,,,,,,,,,,,,,,,,,,,14-01-2019,09:14:29,NHSROCS01
100,000310973955,1,1,,,,,,,,,,,,,,,,,,,,,,,14-01-2019,09:14:48,NHSROCS01
100,000310973959,1,1,,,,,,,,,,,,,,,,,,,,,,,14-01-2019,09:15:14,NHSROCS01
100,000310973960,1,1,,,,,,,,,,,,,,,,,,,,,,,14-01-2019,09:15:33,NHSROCS01
100,000310973961,1,1,,,,,,,,,,,,,,,,,,,,,,,14-01-2019,09:15:52,NHSROCS01
100,000310973963,1,1,,,,,,,,,,,,,,,,,,,,,,,14-01-2019,09:16:10,NHSROCS01
100,000310973964,1,1,,,,,,,,,,,,,,,,,,,,,,,14-01-2019,09:16:28,NHSROCS01
100,000310973965,1,1,,,,,,,,,,,,,,,,,,,,,,,14-01-2019,09:16:50,NHSROCS01
100,000310973966,1,1,,,,,,,,,,,,,,,,,,,,,,,14-01-2019,09:17:13,NHSROCS01
100,000310973967,1,1,,,,,,,,,,,,,,,,,,,,,,,14-01-2019,09:17:31,NHSROCS01
100,000310973968,1,1,,,,,,,,,,,,,,,,,,,,,,,14-01-2019,09:17:49,NHSROCS01
100,000310977010,1,1,,,,,,,,,,,,,,,,,,,,,,,16-01-2019,12:00:56,NHSROCS01
100,000310977011,1,1,,,,,,,,,,,,,,,,,,,,,,,16-01-2019,12:01:15,NHSROCS01
100,000310977012,1,1,,,,,,,,,,,,,,,,,,,,,,,16-01-2019,12:01:33,NHSROCS01
100,000310977014,1,1,,,,,,,,,,,,,,,,,,,,,,,16-01-2019,12:02:28,NHSROCS01
100,000310977016,1,1,,,,,,,,,,,,,,,,,,,,,,,16-01-2019,12:02:47,NHSROCS01
100,000310977017,1,1,,,,,,,,,,,,,,,,,,,,,,,16-01-2019,12:03:06,NHSROCS01
100,000310977021,1,1,,,,,,,,,,,,,,,,,,,,,,,16-01-2019,12:03:25,NHSROCS01
100,000310977022,1,1,,,,,,,,,,,,,,,,,,,,,,,16-01-2019,12:03:45,NHSROCS01
100,000310977023,1,1,,,,,,,,,,,,,,,,,,,,,,,16-01-2019,12:04:03,NHSROCS01
100,000310977024,1,1,,,,,,,,,,,,,,,,,,,,,,,16-01-2019,12:04:23,NHSROCS01
100,000310977025,1,1,,,,,,,,,,,,,,,,,,,,,,,16-01-2019,12:04:42,NHSROCS01
100,000310977026,1,1,,,,,,,,,,,,,,,,,,,,,,,16-01-2019,12:05:04,NHSROCS01
100,000310977028,1,1,,,,,,,,,,,,,,,,,,,,,,,16-01-2019,12:05:23,NHSROCS01
100,000310977029,1,1,,,,,,,,,,,,,,,,,,,,,,,16-01-2019,12:05:41,NHSROCS01
100,000310977032,1,1,,,,,,,,,,,,,,,,,,,,,,,16-01-2019,12:06:01,NHSROCS01
100,000310977033,1,1,,,,,,,,,,,,,,,,,,,,,,,16-01-2019,12:06:21,NHSROCS01
100,000310977034,1,1,,,,,,,,,,,,,,,,,,,,,,,16-01-2019,12:06:45,NHSROCS01
100,000310977035,1,1,,,,,,,,,,,,,,,,,,,,,,,16-01-2019,12:07:03,NHSROCS01
100,000310977037,1,1,,,,,,,,,,,,,,,,,,,,,,,16-01-2019,12:07:24,NHSROCS01
100,000310977039,1,1,,,,,,,,,,,,,,,,,,,,,,,16-01-2019,12:07:44,NHSROCS01
100,000310977040,1,1,,,,,,,,,,,,,,,,,,,,,,,16-01-2019,12:08:01,NHSROCS01
100,000310977041,1,1,,,,,,,,,,,,,,,,,,,,,,,16-01-2019,12:08:18,NHSROCS01
100,000310983799,1,1,001000497417,,,,,,,,,,,,,,,,,,,,,,,,
100,000310991096,1,1,001000511432,,,,,,,,,,,,,,,,,,,,,,,,
100,000310999494,1,1,,,,,,,,,,,,,,,,,,,,,,,06-02-2019,09:52:45,NHS000504
100,000311005423,1,1,001000514883,,,,,,,,,,,,,,,,,,,,,,,,
100,000311011138,50,1,001000511558,"CW 10,2019",08-03-2019,25-02-2019,"CW 09,2019;CW 10,2019",01-03-2019,Bulk shipment (RS 25.02.19)/PR-Baugruppe (RS 25.02.19),25-02-2019,,,,,,,,,,,Bulk shipment (RS 25.02.19)/PR-Baugruppe (RS 25.02.19),,5,,25-02-2019,10:48:05,NHS000440
100,000311044470,1,1,001000604956,,,,,,,,,,,,,,,,,,,,,,,,
100,000311050806,1,1,001000534472,,,,,,,,,,,,,,,,,,,,,,,,
100,000311086852,1,1,001000572722,,,,,,,,,,,,,,,,,,,,,,,,
100,000311095858,1,1,001000570817,,,,,,,,,,,,,,,,,,,,,,,,
100,000311102559,1,1,001000570822,,,,,,,,,,,,,,,,,,,,,,,,
100,000311126586,1,1,001000605518,"CW 00,0000",,17-09-2019,"CW 00,0000",,Bottleneck and Test Bench,17-09-2019,,,,,,,,,,,Bottleneck and Test Bench,,5,,17-09-2019,13:09:14,ALEREMOTE
100,000311163782,2,1,001000581404,"CW 31,2019",02-08-2019,29-07-2019,"CW 31,2019",,PR-Baugruppe 29.07.19,29-07-2019,,,,,,,,,,,PR-Baugruppe 29.07.19,,5,,29-07-2019,10:15:00,NHS000440
100,000311182253,1,1,001001038815,,,,,,,,,,Diese wurden bereits an Sie ausgeliefert,17-08-2022,,,,,,,Diese wurden bereits an Sie ausgeliefert,,,,17-08-2022,10:33:14,NHS002382
100,000311233092,1,1,,,,,,,,,,,,,,,,,,,,,,,12-09-2019,11:49:34,NHS002080
100,000311233189,6,1,001000666950,,,,,,Klärung OPM (MT),18-02-2020,,,,,,,,,,,Klärung OPM (MT),,,,18-02-2020,09:51:00,NHS001462
100,000311243903,1,1,,,,,,,,,,,,,,,,,,,,,,,23-09-2019,15:20:22,NHS002080
100,000311305104,1,1,001000636627,,,,,,,,,,,,,,,,,,,,,,,,
100,000311331878,1,1,001000638697,,,,,,,,,,,,,,,,,,,,,,,,
100,000311351064,1,1,001000864907,,,,,,,,,,,,,,,,,,,,,,,,
100,000311387686,1,1,001001038816,,,,,,,,,,Diese wurden bereits an Sie ausgeliefert,17-08-2022,,,,,,,Diese wurden bereits an Sie ausgeliefert,,,,17-08-2022,10:33:41,NHS002382
100,000311399593,1,1,001000665556,,,,,,,,,,,,,,,,,,,,,,,,
100,000311414074,1,1,001000663332,,,,,,,,,,,,,,,,,,,,,,,,
100,000311414076,1,1,001000663283,,,,,,,,,,,,,,,,,,,,,,,,
100,000311414077,1,1,001000663334,,,,,,,,,,,,,,,,,,,,,,,,
100,000311414078,1,1,001000663335,,,,,,,,,,,,,,,,,,,,,,,,
100,000311414079,1,1,001000663336,,,,,,,,,,,,,,,,,,,,,,,,
100,000311414081,1,1,001000663333,,,,,,,,,,,,,,,,,,,,,,,,
100,000311414109,1,1,,,,,,,,,,,,,,,,,,,,,,,22-01-2020,15:15:55,NHSMARVAL
100,000311414244,1,1,001000801860,,,,,,,,,,,,,,,,,,,,,,,,
100,000311419663,1,1,001000664967,,,,,,,,,,,,,,,,,,,,,,,,
100,000311429835,1,1,001000991467,,,,,,,,,,,,,,,,,,,,,,,,
100,000311429933,1,1,001000664370,,,,,,,,,,,,,,,,,,,,,,,,
100,000311430680,1,1,,,,,,,,,,,,,,,,,,,,,,,03-02-2020,14:56:26,NHSROOC06
100,000311432980,1,1,001000666758,,,,,,,,,,,,,,,,,,,,,,,,
100,000311433872,1,1,,,,,,,,,,,,,,,,,,,,,,,05-02-2020,09:08:09,NHSROOC06
100,000311434198,1,1,001000664359,,,,,,,,,,,,,,,,,,,,,,,,
100,000311439611,1,1,001000676905,,,,,,,,,,,,,,,,,,,,,,,,
100,000311442052,1,1,001000664887,,,,,,,,,,,,,,,,,,,,,,,,
100,000311442053,1,1,001000664939,,,,,,,,,,,,,,,,,,,,,,,,
100,000311444104,1,1,001000669735,,,,,,,,,,,,,,,,,,,,,,,,
100,000311447766,1,1,001000681790,,,,,,difficult repair (02.03.20 MT),26-03-2020,,,,,,,,,,,difficult repair (02.03.20 MT),,5A,,26-03-2020,11:17:38,ALEREMOTE
100,000311457078,1,1,,,,,,,,,,,,,,,,,,,,,,,19-02-2020,07:17:36,NHS000056
100,000311461243,1,1,001000672509,,,,,,,,,,,,,,,,,,,,,,,,
100,000311476544,1,1,001000679556,,,,,,,,,,,,,,,,,,,,,,,,
100,000311484248,1,1,,,,,,,,,,,,,,,,,,,,,,,10-03-2020,10:07:59,NHS000056
100,000311489665,1,1,001000683304,,,,,,,,,,,,,,,,,,,,,,,,
100,000311495247,1,1,001000682796,,,,,,,,,,,,,,,,,,,,,,,,
100,000311501472,1,1,001001052593,,,,,,,,,,,,,,,,,,,,,,,,
100,000311503320,1,1,001000684493,,,,,,,,,,,,,,,,,,,,,,,,
100,000311503325,1,1,001000685552,,,,,,,,,,,,,,,,,,,,,,,,
100,000311518053,1,1,001000690636,,,,,,,,,,,,,,,,,,,,,,,,
100,000311533964,1,1,001000694783,,,,,,,,,,,,,,,,,,,,,,,,
100,000311542928,1,1,001001243290,,,,,,,,,,,,,,,,,,,,,,,,
100,000311543122,1,1,001000697560,,,,,,,,,,,,,,,,,,,,,,,,
100,000311543125,1,1,001000698837,,,,,,,,,,,,,,,,,,,,,,,,
100,000311543127,1,1,001000698245,,,,,,,,,,,,,,,,,,,,,,,,
100,000311543141,1,1,001000698823,,,,,,,,,,,,,,,,,,,,,,,,
100,000311564332,1,1,001000699232,,,,,,,,,,,,,,,,,,,,,,,,
100,000311588873,1,1,001000707328,,,,,,Bulk Shipment,09-06-2020,,,,,,,,,,,Bulk Shipment,,5,,09-06-2020,09:53:47,ALEREMOTE
100,000311593632,3,1,001000715066,"CW 28,2020",10-07-2020,01-07-2020,"CW 28,2020",,Physical Repair 01.07.20/Test bench broken 29.06.20,01-07-2020,,,,,,,,,,,Physical Repair 01.07.20/Test bench broken 29.06.20,,5,,01-07-2020,09:30:06,NHS000440
100,000311602948,1,1,001000708806,,,,,,to late incoming from Spain,15-06-2020,,,,,,,,,,,to late incoming from Spain,,2,,15-06-2020,08:13:10,NHS000064
100,000311604541,1,1,001000709416,,,,,,,,,,,,,,,,,,,,,,,,
100,000311607241,1,1,,,,,,,,,,,,,,,,,,,,,,,03-06-2020,13:21:24,NHSROCS01
100,000311611172,1,1,001000802631,,,,,,,,,,,,,,,,,,,,,,,,
100,000311611257,1,1,001000935069,,,,,,,,,,,,,,,,,,,,,,,,
100,000311612442,2,1,001000798874,,,,,,,,,,,,,,,,,,,,,,,,
100,000311612442,4,1,001000715020,,,,,,,,,,,,,,,,,,,,,,,,
100,000311626647,1,1,001000715006,,,,,,,,,,,,,,,,,,,,,,,,
100,000311626727,1,1,001000714688,,,,,,,,,,,,,,,,,,,,,,,,
100,000311629480,1,1,001000714314,,,,,,,,,,,,,,,,,,,,,,,,
100,000311629483,1,1,001000715103,,,,,,,,,,,,,,,,,,,,,,,,
100,000311640309,1,1,001000717415,,,,,,,,,,,,,,,,,,,,,,,,
100,000311640818,1,1,001000717532,,,,,,,,,,,,,,,,,,,,,,,,
100,000311642675,1,1,,,,,,,,,,,,,,,,,,,,,,,23-06-2020,08:26:33,NHS000504
100,000311654569,1,1,001000718202,,,,,,Logistik Delay 03.07. RS Ende 03.07.,06-07-2020,,,,,,,,,,,Logistik Delay 03.07. RS Ende 03.07.,,2,,06-07-2020,06:34:38,NHS000448
100,000311668312,1,1,001000725570,,,,,,,,,,,,,,,,,,,,,,,,
100,000311668822,1,1,001000727409,,,,,,,,,,,,,,,,,,,,,,,,
100,000311676005,1,1,001000726526,,,,,,,,,,,,,,,,,,,,,,,,
100,000311678527,1,1,001000731933,,,,,,,,,,,,,,,,,,,,,,,,
100,000311687216,2,1,001000905645,,,,,,BG zu spät im RS 23.09.21,23-09-2021,,,,,,,,,,,BG zu spät im RS 23.09.21,,5,,23-09-2021,09:06:46,NHS000440
100,000311688003,1,1,001000729207,,,,,,,,,,,,,,,,,,,,,,,,
100,000311690480,1,1,001000730547,,,,,,,,,,,,,,,,,,,,,,,,
100,000311693752,1,1,001000731156,,,,,,,,,,,,,,,,,,,,,,,,
100,000311693768,1,1,001000731799,,,,,,,,,,,,,,,,,,,,,,,,
100,000311693845,1,1,,,,,,,,,,,,,,,,,,,,,,,20-07-2020,14:04:03,NHS053044
100,000311701037,1,1,001000912202,,,,,,,,,,,,,,,,,,,,,,,,
100,000311701750,1,1,001000732369,,,,,,,,,,,,,,,,,,,,,,,,
100,000311701751,1,1,001000732333,,,,,,,,,,,,,,,,,,,,,,,,
100,000311701754,1,1,001000734457,,,,,,,,,,,,,,,,,,,,,,,,
100,000311701755,1,1,001000732320,,,,,,,,,,,,,,,,,,,,,,,,
100,000311703430,3,1,001000757516,,,,,,,,,,,,,,,,,,,,,,,,
100,000311704898,1,1,001000734333,,,,,,,,,,,,,,,,,,,,,,,,
100,000311708843,1,1,001000737488,,,,,,,,,,,,,,,,,,,,,,,,
100,000311709410,1,1,001000742897,,,,,,nomat 3500003429  1*,31-08-2020,,,,,nomat 3500003429  1*,31-08-2020,,,,,nomat 3500003429  1*/nomat 3500003429  1*,,5M,,31-08-2020,13:44:17,ALEREMOTE
100,000311710217,1,1,001000993562,,,,,,,,,,,,,,,,,,,,,,,,
100,000311716218,1,1,001000750195,,,,,,,,,,,,,,,,,,,,,,,,
100,000311716504,1,1,001000737506,,,,,,,,,,,,,,,,,,,,,,,,
100,000311722422,1,1,001000738022,,,,,,,,,,,,,,,,,,,,,,,,
100,000311722450,1,1,001000993568,,,,,,,,,,,,,,,,,,,,,,,,
100,000311724892,1,1,001000741417,,,,,,,,,,,,,,,,,,,,,,,,
100,000311724895,1,1,001000740538,,,,,,,,,,,,,,,,,,,,,,,,
100,000311724896,1,1,001000738037,,,,,,,,,,,,,,,,,,,,,,,,
100,000311725137,1,1,001000992850,,,,,,,,,,,,,,,,,,,,,,,,
100,000311729524,1,1,001000751473,,,,,,,,,,,,,,,,,,,,,,,,
100,000311729600,1,1,001000740745,,,,,,,,,,,,,,,,,,,,,,,,
100,000311730571,1,1,001000740927,,,,,,,,,,,,,,,,,,,,,,,,
100,000311734037,1,1,001000741412,,,,,,,,,,,,,,,,,,,,,,,,
100,000311735527,1,1,001000740631,,,,,,,,,,,,,,,,,,,,,,,,
100,000311736508,1,1,001000744153,,,,,,,,,,,,,,,,,,,,,,,,
100,000311737713,1,1,001000757996,,,,,,,,,,,,,,,,,,,,,,,,
100,000311738602,1,1,,,,,,,,,,,,,,,,,,,,,,,17-08-2020,10:00:28,NHS001549
100,000311739576,1,1,001000741253,,,,,,,,,,,,,,,,,,,,,,,,
100,000311739599,1,1,001000743091,,,,,,,,,,,,,,,,,,,,,,,,
100,000311743321,1,1,001000754764,,,,,,,,,,,,,,,,,,,,,,,,
100,000311743830,1,1,001000745611,,,,,,Bottleneck on test bench 07.09.20,07-09-2020,,,,,,,,,,,Bottleneck on test bench 07.09.20,,5,,07-09-2020,10:14:31,NHS000440
100,000311752387,1,1,001000749085,"CW 53,2020",31-12-2020,15-09-2020,"CW 53,2020",,Bottleneck and Test Bench,15-09-2020,,,,,,,,,,,Bottleneck and Test Bench,,5,,15-09-2020,08:11:22,NHS000844
100,000311755256,1,1,001000757508,,,,,,,,,,,,,,,,,,,,,,,,
100,000311759362,1,1,001000764588,,,,,,,,,,,,,,,,,,,,,,,,
100,000311764894,1,1,001000763239,,,,,,,,,,,,,,,,,,,,,,,,
100,000311765129,1,1,001000748242,,,,,,,,,,,,,,,,,,,,,,,,
100,000311770514,4,1,001000993570,,,,,,,,,,,,,,,,,,,,,,,,
100,000311772544,3,1,001000825548,,,,,,,,,,,,,,,,,,,,,,,,
100,000311773848,4,1,001000993564,,,,,,,,,,,,,,,,,,,,,,,,
100,000311775794,1,1,001000993566,,,,,,,,,,,,,,,,,,,,,,,,
100,000311775836,1,1,001000765253,,,,,,,,,,,,,,,,,,,,,,,,
100,000311777435,1,1,001000756402,,,,,,,,,,,,,,,,,,,,,,,,
100,000311791245,1,1,001000756607,,,,,,,,,,,,,,,,,,,,,,,,
100,000311791253,1,1,001000756917,,,,,,,,,,,,,,,,,,,,,,,,
100,000311791266,1,1,001000756338,,,,,,,,,,,,,,,,,,,,,,,,
100,000311791268,1,1,001000756337,,,,,,,,,,,,,,,,,,,,,,,,
100,000311795093,1,1,001000756344,,,,,,,,,,,,,,,,,,,,,,,,
100,000311795101,1,1,001000757729,,,,,,,,,,,,,,,,,,,,,,,,
100,000311803259,1,1,001000759280,,,,,,,,,,,,,,,,,,,,,,,,
100,000311803266,1,1,001000761606,,,,,,,,,,,,,,,,,,,,,,,,
100,000311803394,1,1,001000774623,,,,,,,,,,,,,,,,,,,,,,,,
100,000311804514,10,1,001000760108,,,,,,,,,,,,,,,,,,,,,,,,
100,000311805245,1,1,001000757358,,,,,,,,,,,,,,,,,,,,,,,,
100,000311807251,1,1,001000758664,,,,,,,,,,,,,,,,,,,,,,,,
100,000311810865,1,1,001000774621,,,,,,,,,,,,,,,,,,,,,,,,
100,000311816318,1,1,001000767807,,,,,,,,,,,,,,,,,,,,,,,,
100,000311816440,1,1,001000765886,,,,,,to late incoming from Spain,22-10-2020,,,,,,,,,,,to late incoming from Spain,,5,,22-10-2020,11:05:04,NHS000064
100,000311824642,1,1,001000774123,,,,,,,,,,,,,,,,,,,,,,,,
100,000311828368,1,1,001000766120,,,,,,,,,,,,,,,,,,,,,,,,
100,000311830383,1,1,001000772640,,,,,,,,,,,,,,,,,,,,,,,,
100,000311832373,1,1,001000767159,,,,,,,,,,,,,,,,,,,,,,,,
100,000311832427,1,1,001000765687,,,,,,,,,,,,,,,,,,,,,,,,
100,000311835229,2,1,001000769866,,,,,,,,,,,,,,,,,,,,,,,,
100,000311835417,5,1,001000767327,,,,,,,,,,,,,,,,,,,,,,,,
100,000311837344,1,1,001000774633,,,,,,,,,,,,,,,,,,,,,,,,
100,000311840206,1,1,001000769773,,,,,,,,,,,,,,,,,,,,,,,,
100,000311840227,1,1,001000769605,,,,,,,,,,,,,,,,,,,,,,,,
100,000311840234,1,1,001000770377,,,,,,,,,,,,,,,,,,,,,,,,
100,000311842051,3,1,001000801319,,,,,,,,,,,,,,,,,,,,,,,,
100,000311842079,2,1,001000934860,,,,,,,,,,,,,,,,,,,,,,,,
100,000311844233,1,1,001000770259,,,,,,,,,,,,,,,,,,,,,,,,
100,000311844543,3,1,001000993572,,,,,,,,,,,,,,,,,,,,,,,,
100,000311844755,1,1,001000907797,,,,,,,,,,,,,,,,,,,,,,,,
100,000311852395,1,1,001000770785,,,,,,,,,,,,,,,,,,,,,,,,
100,000311852402,1,1,001000771578,,,,,,,,,,,,,,,,,,,,,,,,
100,000311859491,1,1,001000771956,,,,,,,,,,,,,,,,,,,,,,,,
100,000311864088,1,1,001000774859,,,,,,,,,,,,,,,,,,,,,,,,
100,000311867999,1,1,001000775914,,,,,,,,,,,,,,,,,,,,,,,,
100,000311868001,1,1,001000775234,,,,,,,,,,,,,,,,,,,,,,,,
100,000311868076,1,1,001000773651,,,,,,,,,,,,,,,,,,,,,,,,
100,000311871224,2,1,001000800777,,,,,,,,,,,,,,,,,,,,,,,,
100,000311875806,1,1,001000775988,,,,,,,,,,,,,,,,,,,,,,,,
100,000311879522,1,1,001000776979,,,,,,,,,,,,,,,,,,,,,,,,
100,000311886563,1,1,001000780119,,,,,,,,,,,,,,,,,,,,,,,,
100,000311891232,1,1,001000778994,,,,,,,,,,,,,,,,,,,,,,,,
100,000311891235,1,1,001000779102,,,,,,,,,,,,,,,,,,,,,,,,
100,000311899308,1,1,001000781560,,,,,,,,,,,,,,,,,,,,,,,,
100,000311901321,1,1,001000802934,,,,,,,,,,,,,,,,,,,,,,,,
100,000311901695,1,1,001000790865,,,,,,,,,,,,,,,,,,,,,,,,
100,000311901896,1,1,001000861262,,,,,,Anfrage Supply 21.09.21/BG nicht im RS21 21.06.21,21-09-2021,,,,,,,,,,,Anfrage Supply 21.09.21/BG nicht im RS21 21.06.21,,5,,21-09-2021,11:26:17,NHS000440
100,000311901896,2,1,001000907801,,,,,,,,,,,,,,,,,,,,,,,,
100,000311903085,1,1,001000781492,,,,,,,,,,,,,,,,,,,,,,,,
100,000311903157,1,1,001000782463,,,,,,,,,,,,,,,,,,,,,,,,
100,000311903161,1,1,001000806503,,,,,,to late incoming from logistic,08-02-2021,,,,,,,,,,,to late incoming from logistic,,2,,08-02-2021,08:44:52,NHS000064
100,000311906879,1,1,001000787378,,,,,,Difficult Repair,15-12-2020,,,,,,,,,,,Difficult Repair,,5A,,15-12-2020,14:32:24,NHS000448
100,000311907231,1,1,001000818838,,,,,,"Bearb. OC,/Zwei RadMan mit einem Auftrag geliefert bearbeitet und zwei Geräteberechnet",08-03-2021,,,,,,,,,,,"Bearb. OC,/Zwei RadMan mit einem Auftrag geliefert bearbeitet und zwei Geräteberechnet",,5,,08-03-2021,09:18:37,NHS052614
100,000311914100,1,1,001000787376,,,,,,,,,,,,,,,,,,,,,,,,
100,000311914104,1,1,001000787375,,,,,,,,,,,,,,,,,,,,,,,,
100,000311914106,1,1,001000787381,,,,,,,,,,,,,,,,,,,,,,,,
100,000311918027,1,1,001000783863,,,,,,,,,,,,,,,,,,,,,,,,
100,000311919153,3,1,001000918314,,,,,,BG zu spät im RS 21.10.21,21-10-2021,,,,,,,,,,,BG zu spät im RS 21.10.21,,5,,21-10-2021,09:15:14,NHS000440
100,000311921665,1,1,001000787479,,,,,,,,,,,,,,,,,,,,,,,,
100,000311925705,2,1,001000786042,,,,,,,,,,,,,,,,,,,,,,,,
100,000311926096,12,1,001000800656,,,,,,,,,,,,,,,,,,,,,,,,
100,000311927322,1,1,001000785544,,,,,,,,,,,,,,,,,,,,,,,,
100,000311927323,1,1,001000786854,,,,,,,,,,,,,,,,,,,,,,,,
100,000311927334,1,1,001000785888,,,,,,,,,,,,,,,,,,,,,,,,
100,000311928676,2,1,001000822807,,,,,,,,,,,,,,,,,,,,,,,,
100,000311932368,1,1,001000788436,,,,,,,,,,,,,,,,,,,,,,,,
100,000311933742,1,1,001000804835,,,,,,,,,,,,,,,,,,,,,,,,
100,000311934713,2,1,001000999027,,,,,,,,,,,,,,,,,,,,,,,,
100,000311935155,4,1,001000811436,,,,,,,,,,,,,,,,,,,,,,,,
100,000311937166,1,1,001000799241,,,,,,,,,,,,,,,,,,,,,,,,
100,000311937191,1,1,001000788792,,,,,,,,,,,,,,,,,,,,,,,,
100,000311937240,1,1,001000788794,,,,,,,,,,,,,,,,,,,,,,,,
100,000311937754,1,1,001000805528,,,,,,,,,,,,,,,,,,,,,,,,
100,000311937754,2,1,001000805529,,,,,,,,,,,,,,,,,,,,,,,,
100,000311937754,3,1,001000813711,,,,,,,,,,,,,,,,,,,,,,,,
100,000311942434,2,1,001000811437,,,,,,,,,,,,,,,,,,,,,,,,
100,000311944925,1,1,001000789386,,,,,,,,,,,,,,,,,,,,,,,,
100,000311944931,1,1,001000789481,,,,,,,,,,,,,,,,,,,,,,,,
100,000311948111,1,1,001000791453,,,,,,,,,,,,,,,,,,,,,,,,
100,000311948113,1,1,001000791951,,,,,,to late incoming in repairshop,05-01-2021,,,,,,,,,,,to late incoming in repairshop,,5,,05-01-2021,09:45:13,NHS000064
100,000311950329,1,1,001000794779,,,,,,,,,,,,,,,,,,,,,,,,
100,000311951379,1,1,001000801044,,,,,,,,,,,,,,,,,,,,,,,,
100,000311952824,1,1,001000791246,,,,,,,,,,,,,,,,,,,,,,,,
100,000311952826,1,1,001000791449,,,,,,,,,,,,,,,,,,,,,,,,
100,000311956293,1,1,001000791781,,,,,,,,,,,,,,,,,,,,,,,,
100,000311958803,1,1,001000793535,"CW 41,2020",10-10-2020,08-01-2021,"CW 41,2020",,to late incoming from logistic,08-01-2021,,,,,,,,,,,to late incoming from logistic,,2,,08-01-2021,10:17:51,NHS000064
100,000311959218,6,1,001000790948,,,,,,,,,,,,,,,,,,,,,,,,
100,000311961934,3,1,001000821406,,,,,,,,,,,,,,,,,,,,,,,,
100,000311962011,1,1,001000793543,"CW 41,2020",10-10-2020,08-01-2021,"CW 41,2020",,to late incoming from Spain,08-01-2021,,,,,,,,,,,to late incoming from Spain,,5,,08-01-2021,10:17:54,NHS000064
100,000311962018,1,1,001000793544,"CW 41,2020",10-10-2020,08-01-2021,"CW 41,2020",,to late incoming from Spain,08-01-2021,,,,,,,,,,,to late incoming from Spain,,5,,08-01-2021,10:17:54,NHS000064
100,000311964820,1,1,001000795964,,,,,,,,,,,,,,,,,,,,,,,,
100,000311964823,1,1,001000795860,,,,,,,,,,,,,,,,,,,,,,,,
100,000311966379,3,1,001000795089,,,,,,,,,,,,,,,,,,,,,,,,
100,000311967092,1,1,001000816677,,,,,,,,,,,,,,,,,,,,,,,,
100,000311970018,1,1,,,,,,,,,,,,,,,,,,07-01-2021,,,,,07-01-2021,14:33:52,NHS000394
100,000311970197,1,1,001000798867,,,,,,,,,,,,,,,,,,,,,,,,
100,000311970802,1,1,001000797990,,,,,,,,,,,,,,,,,,,,,,,,
100,000311970914,1,1,001000794763,,,,,,,,,,,,,,,,,,,,,,,,
100,000311972393,1,1,001000794587,,,,,,,,,,,,,,,,,,,,,,,,
100,000311972505,1,1,001000800518,,,,,,,,,,,,,,,,,,,,,,,,
100,000311973167,1,1,001000803076,,,,,,,,,,,,,,,,,,,,,,,,
100,000311974307,1,1,001000833149,,,,,,,,,,,,,,,,,,,,,,,,
100,000311975700,1,1,001000803072,,,,,,,,,,,,,,,,,,,,,,,,
100,000311976763,1,1,001000803368,,,,,,,,,,,,,,,,,,,,,,,,
100,000311976763,4,1,001000803335,,,,,,,,,,,,,,,,,,,,,,,,
100,000311977929,4,1,001000802474,,,,,,,,,,,,,,,,,,,,,,,,
100,000311978091,1,1,001000800607,,,,,,,,,,,,,,,,,,,,,,,,
100,000311978260,1,1,001000797888,,,,,,,,,,,,,,,,,,,,,,,,
100,000311978611,1,1,001000802092,,,,,,,,,,,,,,,,,,,,,,,,
100,000311979429,3,1,001000797407,,,,,,Anfrage Supply 18.01.21,18-01-2021,,,,,,,,,,,Anfrage Supply 18.01.21,,5,,18-01-2021,10:25:24,NHS000440
100,000311980495,1,1,001000813975,,,,,,,,,,,,,,,,,,,,,,,,
100,000311981513,1,1,001000803339,,,,,,,,,,,,,,,,,,,,,,,,
100,000311983358,1,1,001000813964,,,,,,,,,,,,,,,,,,,,,,,,
100,000311985943,1,1,001000833780,,,,,,,,,,,,,,,,,,,,,,,,
100,000311985972,2,1,001000823822,,,,,,,,,,,,,,,,,,,,,,,,
100,000311985972,3,1,001000823855,,,,,,,,,,,,,,,,,,,,,,,,
100,000311985972,4,1,001000825393,,,,,,,,,,,,,,,,,,,,,,,,
100,000311986167,1,1,001000802896,,,,,,,,,,,,,,,,,,,,,,,,
100,000311987276,1,1,001000800028,"CW 04,2021",29-01-2021,22-01-2021,"CW 04,2021",,Physical Repair 22.01.21,22-01-2021,,,,,,,,,,,Physical Repair 22.01.21,,5,,22-01-2021,10:28:10,NHS000440
100,000311987869,1,1,001000815518,,,,,,,,,,,,,,,,,,,,,,,,
100,000311989695,1,1,001000804696,,,,,,,,,,,,,,,,,,,,,,,,
100,000311989704,1,1,001000802323,,,,,,,,,,,,,,,,,,,,,,,,
100,000311989716,1,1,001000801842,,,,,,,,,,,,,,,,,,,,,,,,
100,000311989716,2,1,001000809891,,,,,,Good Part Return,16-02-2021,,,,,,,,,,,Good Part Return,,2,,16-02-2021,07:45:27,NHS000448
100,000311989737,1,1,001000800976,,,,,,,,,,,,,,,,,,,,,,,,
100,000311992264,4,1,001000809646,,,,,,,,,,,,,,,,,,,,,,,,
100,000311992402,1,1,001000813259,,,,,,,,,,,,,,,,,,,,,,,,
100,000311992496,1,1,001000808800,,,,,,,,,,,,,,,,,,,,,,,,
100,000311993115,1,1,001000803989,,,,,,,,,,,,,,,,,,,,,,,,
100,000311993246,1,1,001000801724,,,,,,,,,,,,,,,,,,,,,,,,
100,000311993834,1,1,001000806083,,,,,,,,,,,,,,,,,,,,,,,,
100,000311994481,1,1,001000803167,,,,,,,,,,,,,,,,,,,,,,,,
100,000311996250,1,1,001000801139,"CW 04,2021",29-01-2021,26-01-2021,"CW 04,2021",,PI-Baugruppe 26.01.21,26-01-2021,,,,,,,,,,,PI-Baugruppe 26.01.21,,5,,26-01-2021,10:13:29,NHS000440
100,000311996250,3,1,001000801141,"CW 04,2021",29-01-2021,26-01-2021,"CW 04,2021",,PI-Baugruppe 26.01.21,26-01-2021,,,,,,,,,,,PI-Baugruppe 26.01.21,,5,,26-01-2021,10:13:30,NHS000440
100,000311996250,6,1,001000801143,"CW 04,2021",29-01-2021,26-01-2021,"CW 04,2021",,PI-Baugruppe 26.01.21,26-01-2021,,,,,,,,,,,PI-Baugruppe 26.01.21,,5,,26-01-2021,10:13:31,NHS000440
100,000311996252,3,1,001000801149,"CW 04,2021",29-01-2021,26-01-2021,"CW 04,2021",,PI-Baugruppe 26.01.21,26-01-2021,,,,,,,,,,,PI-Baugruppe 26.01.21,,5,,26-01-2021,10:13:32,NHS000440
100,000311996255,1,1,001000801156,"CW 04,2021",29-01-2021,26-01-2021,"CW 04,2021",,PI-Baugruppe 26.01.21,26-01-2021,,,,,,,,,,,PI-Baugruppe 26.01.21,,5,,26-01-2021,10:13:34,NHS000440
100,000311996255,2,1,001000801157,"CW 04,2021",29-01-2021,26-01-2021,"CW 04,2021",,PI-Baugruppe 26.01.21,26-01-2021,,,,,,,,,,,PI-Baugruppe 26.01.21,,5,,26-01-2021,10:13:34,NHS000440
100,000311996255,3,1,001000801158,"CW 04,2021",29-01-2021,26-01-2021,"CW 04,2021",,PI-Baugruppe 26.01.21,26-01-2021,,,,,,,,,,,PI-Baugruppe 26.01.21,,5,,26-01-2021,10:13:34,NHS000440
100,000311996255,7,1,001000801162,"CW 04,2021",29-01-2021,26-01-2021,"CW 04,2021",,PI-Baugruppe 26.01.21,26-01-2021,,,,,,,,,,,PI-Baugruppe 26.01.21,,5,,26-01-2021,10:13:35,NHS000440
100,000311996256,2,1,001000801166,"CW 04,2021",29-01-2021,26-01-2021,"CW 04,2021",,PI-Baugruppe 26.01.21,26-01-2021,,,,,,,,,,,PI-Baugruppe 26.01.21,,5,,26-01-2021,10:13:36,NHS000440
100,000311996256,3,1,001000801167,"CW 04,2021",29-01-2021,26-01-2021,"CW 04,2021",,PI-Baugruppe 26.01.21,26-01-2021,,,,,,,,,,,PI-Baugruppe 26.01.21,,5,,26-01-2021,10:13:36,NHS000440
100,000311996256,6,1,001000801170,"CW 04,2021",29-01-2021,26-01-2021,"CW 04,2021",,PI-Baugruppe 26.01.21,26-01-2021,,,,,,,,,,,PI-Baugruppe 26.01.21,,5,,26-01-2021,10:13:36,NHS000440
100,000311996256,7,1,001000801171,"CW 04,2021",29-01-2021,26-01-2021,"CW 04,2021",,PI-Baugruppe 26.01.21,26-01-2021,,,,,,,,,,,PI-Baugruppe 26.01.21,,5,,26-01-2021,10:13:37,NHS000440
100,000311996256,8,1,001000801172,"CW 04,2021",29-01-2021,26-01-2021,"CW 04,2021",,PI-Baugruppe 26.01.21,26-01-2021,,,,,,,,,,,PI-Baugruppe 26.01.21,,5,,26-01-2021,10:13:37,NHS000440
100,000311996258,7,1,001000801181,"CW 04,2021",29-01-2021,26-01-2021,"CW 04,2021",,PI-Baugruppe 26.01.21,26-01-2021,,,,,,,,,,,PI-Baugruppe 26.01.21,,5,,26-01-2021,10:13:39,NHS000440
100,000311996258,8,1,001000801182,"CW 04,2021",29-01-2021,26-01-2021,"CW 04,2021",,PI-Baugruppe 26.01.21,26-01-2021,,,,,,,,,,,PI-Baugruppe 26.01.21,,5,,26-01-2021,10:13:39,NHS000440
100,000311996258,10,1,001000801184,"CW 04,2021",29-01-2021,26-01-2021,"CW 04,2021",,PI-Baugruppe 26.01.21,26-01-2021,,,,,,,,,,,PI-Baugruppe 26.01.21,,5,,26-01-2021,10:13:39,NHS000440
100,000311996259,1,1,001000801185,"CW 04,2021",29-01-2021,26-01-2021,"CW 04,2021",,PI-Baugruppe 26.01.21,26-01-2021,,,,,,,,,,,PI-Baugruppe 26.01.21,,5,,26-01-2021,10:13:39,NHS000440
100,000311996259,3,1,001000801186,"CW 04,2021",29-01-2021,26-01-2021,"CW 04,2021",,PI-Baugruppe 26.01.21,26-01-2021,,,,,,,,,,,PI-Baugruppe 26.01.21,,5,,26-01-2021,10:13:40,NHS000440
100,000311996259,4,1,001000801187,"CW 04,2021",29-01-2021,26-01-2021,"CW 04,2021",,PI-Baugruppe 26.01.21,26-01-2021,,,,,,,,,,,PI-Baugruppe 26.01.21,,5,,26-01-2021,10:13:40,NHS000440
100,000311996259,5,1,001000801188,"CW 04,2021",29-01-2021,26-01-2021,"CW 04,2021",,PI-Baugruppe 26.01.21,26-01-2021,,,,,,,,,,,PI-Baugruppe 26.01.21,,5,,26-01-2021,10:13:40,NHS000440
100,000311996259,6,1,001000801189,"CW 04,2021",29-01-2021,26-01-2021,"CW 04,2021",,PI-Baugruppe 26.01.21,26-01-2021,,,,,,,,,,,PI-Baugruppe 26.01.21,,5,,26-01-2021,10:13:40,NHS000440
100,000311996297,6,1,001000799939,"CW 04,2021",29-01-2021,22-01-2021,"CW 04,2021",,PI-Baugruppe 22.01.21,22-01-2021,,,,,,,,,,,PI-Baugruppe 22.01.21,,5,,22-01-2021,09:30:24,NHS000440
100,000311996297,8,1,001000799941,"CW 04,2021",29-01-2021,22-01-2021,"CW 04,2021",,PI-Baugruppe 22.01.21,22-01-2021,,,,,,,,,,,PI-Baugruppe 22.01.21,,5,,22-01-2021,09:30:25,NHS000440
100,000311996297,9,1,001000799942,"CW 04,2021",29-01-2021,22-01-2021,"CW 04,2021",,PI-Baugruppe 22.01.21,22-01-2021,,,,,,,,,,,PI-Baugruppe 22.01.21,,5,,22-01-2021,09:30:25,NHS000440
100,000311996337,4,1,001000799947,"CW 04,2021",29-01-2021,22-01-2021,"CW 04,2021",,PI-Baugruppe 22.01.21,22-01-2021,,,,,,,,,,,PI-Baugruppe 22.01.21,,5,,22-01-2021,09:30:27,NHS000440
100,000311996337,7,1,001000799950,"CW 04,2021",29-01-2021,22-01-2021,"CW 04,2021",,PI-Baugruppe 22.01.21,22-01-2021,,,,,,,,,,,PI-Baugruppe 22.01.21,,5,,22-01-2021,09:30:27,NHS000440
100,000311996337,8,1,001000799951,"CW 04,2021",29-01-2021,22-01-2021,"CW 04,2021",,PI-Baugruppe 22.01.21,22-01-2021,,,,,,,,,,,PI-Baugruppe 22.01.21,,5,,22-01-2021,09:30:28,NHS000440
100,000311996337,9,1,001000799952,"CW 04,2021",29-01-2021,22-01-2021,"CW 04,2021",,PI-Baugruppe 22.01.21,22-01-2021,,,,,,,,,,,PI-Baugruppe 22.01.21,,5,,22-01-2021,09:30:28,NHS000440
100,000311996337,10,1,001000799953,"CW 04,2021",29-01-2021,22-01-2021,"CW 04,2021",,PI-Baugruppe 22.01.21,22-01-2021,,,,,,,,,,,PI-Baugruppe 22.01.21,,5,,22-01-2021,09:30:28,NHS000440
100,000311996358,3,1,001000799956,"CW 04,2021",29-01-2021,22-01-2021,"CW 04,2021",,PI-Baugruppe 22.01.21,22-01-2021,,,,,,,,,,,PI-Baugruppe 22.01.21,,5,,22-01-2021,09:30:29,NHS000440
100,000311996358,4,1,001000799957,"CW 04,2021",29-01-2021,22-01-2021,"CW 04,2021",,PI-Baugruppe 22.01.21,22-01-2021,,,,,,,,,,,PI-Baugruppe 22.01.21,,5,,22-01-2021,09:30:29,NHS000440
100,000311996358,10,1,001000799963,"CW 04,2021",29-01-2021,22-01-2021,"CW 04,2021",,PI-Baugruppe 22.01.21,22-01-2021,,,,,,,,,,,PI-Baugruppe 22.01.21,,5,,22-01-2021,09:30:30,NHS000440
100,000311999219,2,1,001000810049,,,,,,Physical Repair 16.02.21,16-02-2021,,,,,,,,,,,Physical Repair 16.02.21,,5,,16-02-2021,10:22:19,NHS000440
100,000312000261,1,1,001000806802,,,,,,,,,,,,,,,,,,,,,,,,
100,000312000261,3,1,001000804762,,,,,,,,,,,,,,,,,,,,,,,,
100,000312000261,4,1,001000804712,,,,,,,,,,,,,,,,,,,,,,,,
100,000312002390,1,1,001000810381,,,,,,,,,,,,,,,,,,,,,,,,
100,000312002983,1,1,001000803816,,,,,,,,,,,,,,,,,,,,,,,,
100,000312003721,1,1,001000815131,,,,,,,,,,,,,,,,,,,,,,,,
100,000312004557,1,1,001000811865,,,,,,Bottleneck and Test Bench,19-02-2021,,,,,,,,,,,Bottleneck and Test Bench,,4,,19-02-2021,09:04:14,ALEREMOTE
100,000312004593,3,1,001000816311,,,,,,,,,,,,,,,,,,,,,,,,
100,000312006520,1,1,001000810363,,,,,,,,,,,,,,,,,,,,,,,,
100,000312006521,1,1,001000810348,,,,,,,,,,,,,,,,,,,,,,,,
100,000312006527,1,1,001000810247,,,,,,,,,,,,,,,,,,,,,,,,
100,000312007273,4,1,001000813263,,,,,,,,,,,,,,,,,,,,,,,,
100,000312008501,1,1,001000810639,,,,,,,,,,,,,,,,,,,,,,,,
100,000312009863,3,1,001000811911,,,,,,,,,,,,,,,,,,,,,,,,
100,000312010150,1,1,001000820670,,,,,,,,,,,,,,,,,,,,,,,,
100,000312010289,1,1,001000809775,,,,,,,,,,,,,,,,,,,,,,,,
100,000312010433,1,1,001000830800,,,,,,,,,,,,,,,,,,,,,,,,
100,000312012825,1,1,001000816085,,,,,,,,,,,,,,,,,,,,,,,,
100,000312013442,1,1,001000810355,,,,,,,,,,,,,,,,,,,,,,,,
100,000312015230,1,1,001000820948,,,,,,,,,,,,,,,,,,,,,,,,
100,000312016215,1,1,001000907803,,,,,,,,,,,,,,,,,,,,,,,,
100,000312016215,2,1,001000846386,,,,,,,,,,,,,,,,,,,,,,,,
100,000312016215,3,1,001000846383,,,,,,,,,,,,,,,,,,,,,,,,
100,000312016215,4,1,001000815341,,,,,,,,,,,,,,,,,,,,,,,,
100,000312020716,1,1,001000810148,,,,,,,,,,,,,,,,,,,,,,,,
100,000312020819,1,1,001000810759,,,,,,,,,,,,,,,,,,,,,,,,
100,000312020820,1,1,001000814780,,,,,,,,,,,,,,,,,,,,,,,,
100,000312020821,1,1,001000811580,,,,,,,,,,,,,,,,,,,,,,,,
100,000312022773,1,1,001000812872,,,,,,,,,,,,,,,,,,,,,,,,
100,000312028095,1,1,001000812937,,,,,,,,,,,,,,,,,,,,,,,,
100,000312028303,1,1,001000812562,,,,,,,,,,,,,,,,,,,,,,,,
100,000312028656,1,1,001000824327,,,,,,,,,,,,,,,,,,,,,,,,
100,000312037547,1,1,001000821786,,,,,,,,,,,,,,,,,,,,,,,,
100,000312039871,1,1,001000818601,,,,,,,,ON HOLD/ON HOLD/ON HOLD,04-08-2021,,,,,DPL MARZO_2021 5/03/2021,11-08-2021,,,DPL MARZO_2021 5/03/2021,,,,11-08-2021,14:30:08,NHSESLO01
100,000312039900,1,1,001000818006,,,,,,,,,,,,,,,,,,,,,,,,
100,000312039960,1,1,001000826302,,,,,,,,,,,,,,,,,,,,,,,,
100,000312042783,1,1,001000816464,,,,,,,,,,,,,,,,,,,,,,,,
100,000312042792,1,1,001000816227,,,,,,,,,,,,,,,,,,,,,,,,
100,000312045074,1,1,001000844224,,,,,,,,,,,,,,,,,,,,,,,,
100,000312045893,1,1,001000837790,,,,,,,,,,,,,,,,,,,,,,,,
100,000312046201,1,1,001000818734,,,,,,,,,,,,,,,,,,,,,,,,
100,000312046206,1,1,001000817187,,,,,,,,,,,,,,,,,,,,,,,,
100,000312048991,1,1,001000831405,,,,,,,,,,,,,,,,,,,,,,,,
100,000312050497,1,1,001000819984,,,,,,,,,,,,,,,,,,,,,,,,
100,000312050509,1,1,001000820611,,,,,,,,,,,,,,,,,,,,,,,,
100,000312050524,1,1,001000822267,,,,,,,,,,,,,,,,,,,,,,,,
100,000312051200,1,1,001000863734,,,,,,,,WAITING FOR A RESPONSE FROM CTDI,25-06-2021,,,,,,,,,,,,,25-06-2021,09:40:12,NHS000813
100,000312054864,1,1,001000821180,,,,,,,,,,,,,,,,,,,,,,,,
100,000312054867,1,1,001000822448,,,,,,,,,,,,,,,,,,,,,,,,
100,000312054869,1,1,001000820665,,,,,,,,,,,,,,,,,,,,,,,,
100,000312063485,1,1,001000834652,,,,,,,,,,,,,,,,,,,,,,,,
100,000312067875,1,1,001000825932,,,,,,,,,,,,,,,,,,,,,,,,
100,000312068040,1,1,001000820297,,,,,,,,,,,,,,,,,,,,,,,,
100,000312071210,1,1,001000823509,,,,,,,,,,,,,,,,,,,,,,,,
100,000312072808,1,1,001000837668,,,,,,,,,,,,,,,,,,,,,,,,
100,000312074123,2,1,001000820223,"CW 11,2021",19-03-2021,10-03-2021,"CW 11,2021",,PL-Baugruppe 10.03.21,10-03-2021,,,,,,,,,,,PL-Baugruppe 10.03.21,,5,,10-03-2021,10:19:34,NHS000440
100,000312076817,1,1,001000826531,,,,,,,,,,,,,,,,,,,,,,,,
100,000312076822,1,1,001000827146,,,,,,,,,,,,,,,,,,,,,,,,
100,000312077560,1,1,001000829090,,,,,,,,,,,,,,,,,,,,,,,,
100,000312077564,1,1,001000829019,,,,,,,,,,,,,,,,,,,,,,,,
100,000312080239,1,1,001000826232,,,,,,,,,,,,,,,,,,,,,,,,
100,000312082633,1,1,001000833649,,,,,,,,,,,,,,,,,,,,,,,,
100,000312084510,1,1,001000837658,,,,,,,,,,,,,,,,,,,,,,,,
100,000312087081,1,1,001000829237,,,,,,,,,,,,,,,,,,,,,,,,
100,000312087303,1,1,001000828946,,,,,,IC Problem/Dock-Date in Spanien 17.03.2021 -> Malsch 26.03.2021,31-03-2021,,,,,,,,,,,IC Problem/Dock-Date in Spanien 17.03.2021 -> Malsch 26.03.2021,,2,,31-03-2021,08:55:36,NHS000448
100,000312091040,3,1,001001070143,,,,,,BG zu spät im RS 04.11.22,04-11-2022,,,,,,,,,,,BG zu spät im RS 04.11.22,,,,04-11-2022,09:30:13,NHS000440
100,000312092543,1,1,001000830107,,,,,,,,,,,,,,,,,,,,,,,,
100,000312093666,1,1,001000831648,,,,,,,,,,,,,,,,,,,,,,,,
100,000312098107,1,1,001000831649,,,,,,,,,,,,,,,,,,,,,,,,
100,000312098115,1,1,001000832955,,,,,,,,,,,,,,,,,,,,,,,,
100,000312098116,1,1,001000833118,,,,,,,,,,,,,,,,,,,,,,,,
100,000312098131,1,1,001000832718,,,,,,,,,,,,,,,,,,,,,,,,
100,000312101759,1,1,001000836108,,,,,,,,,,,,,,,,,,,,,,,,
100,000312101767,1,1,001000834889,,,,,,,,,,,,,,,,,,,,,,,,
100,000312101771,1,1,001000835922,,,,,,,,,,,,,,,,,,,,,,,,
100,000312101799,1,1,001000832874,,,,,,,,,,,,,,,,,,,,,,,,
100,000312104770,1,1,001000840339,,,,,,difficult repair,28-04-2021,,,,,,,,,,,difficult repair,,5A,,28-04-2021,09:57:14,NHS000064
100,000312113443,1,1,001000852746,,,,,,,,,,,,,,,,,,,,,,,,
100,000312113445,1,1,001000844119,,,,,,,,,,,,,,,,,,,,,,,,
100,000312113449,1,1,001000852544,,,,,,,,,,,,,,,,,,,,,,,,
100,000312113450,1,1,001000844064,,,,,,,,,,,,,,,,,,,,,,,,
100,000312113451,1,1,001000843951,,,,,,,,,,,,,,,,,,,,,,,,
100,000312113452,1,1,001000843953,,,,,,,,,,,,,,,,,,,,,,,,
100,000312113456,1,1,001000844051,,,,,,,,,,,,,,,,,,,,,,,,
100,000312113478,1,1,001000843966,,,,,,,,,,,,,,,,,,,,,,,,
100,000312113479,1,1,001000852551,,,,,,,,,,,,,,,,,,,,,,,,
100,000312113486,1,1,001000844005,,,,,,,,,,,,,,,,,,,,,,,,
100,000312113490,1,1,001000847338,,,,,,,,,,,,,,,,,,,,,,,,
100,000312113496,1,1,001000844049,,,,,,,,,,,,,,,,,,,,,,,,
100,000312113497,1,1,001000844093,,,,,,,,,,,,,,,,,,,,,,,,
100,000312113501,1,1,001000843989,,,,,,,,,,,,,,,,,,,,,,,,
100,000312113506,1,1,001000843998,,,,,,,,,,,,,,,,,,,,,,,,
100,000312113508,1,1,001000843994,,,,,,,,,,,,,,,,,,,,,,,,
100,000312113509,1,1,001000844016,,,,,,,,,,,,,,,,,,,,,,,,
100,000312113528,1,1,001000844099,,,,,,,,,,,,,,,,,,,,,,,,
100,000312113534,1,1,001000844062,,,,,,,,,,,,,,,,,,,,,,,,
100,000312113535,1,1,001000844039,,,,,,,,,,,,,,,,,,,,,,,,
100,000312113536,1,1,001000844035,,,,,,,,,,,,,,,,,,,,,,,,
100,000312113537,1,1,001000843961,,,,,,,,,,,,,,,,,,,,,,,,
100,000312113539,1,1,001000844115,,,,,,,,,,,,,,,,,,,,,,,,
100,000312113541,1,1,001000844056,,,,,,,,,,,,,,,,,,,,,,,,
100,000312113542,1,1,001000844066,,,,,,,,,,,,,,,,,,,,,,,,
100,000312113544,1,1,001000847602,,,,,,,,,,,,,,,,,,,,,,,,
100,000312113545,1,1,001000843956,,,,,,,,,,,,,,,,,,,,,,,,
100,000312113546,1,1,001000844047,,,,,,,,,,,,,,,,,,,,,,,,
100,000312113547,1,1,001000843979,,,,,,,,,,,,,,,,,,,,,,,,
100,000312113549,1,1,001000852358,,,,,,,,,,,,,,,,,,,,,,,,
100,000312113560,1,1,001000852754,,,,,,,,,,,,,,,,,,,,,,,,
100,000312113563,1,1,001000844087,,,,,,,,,,,,,,,,,,,,,,,,
100,000312113573,1,1,001000852353,,,,,,,,,,,,,,,,,,,,,,,,
100,000312113588,1,1,001000843982,,,,,,,,,,,,,,,,,,,,,,,,
100,000312113609,1,1,001000843999,,,,,,,,,,,,,,,,,,,,,,,,
100,000312113610,1,1,001000843968,,,,,,,,,,,,,,,,,,,,,,,,
100,000312113612,1,1,001000844010,,,,,,,,,,,,,,,,,,,,,,,,
100,000312113614,1,1,001000852757,,,,,,,,,,,,,,,,,,,,,,,,
100,000312113624,1,1,001000844038,,,,,,,,,,,,,,,,,,,,,,,,
100,000312113625,1,1,001000843992,,,,,,,,,,,,,,,,,,,,,,,,
100,000312113628,1,1,001000844001,,,,,,,,,,,,,,,,,,,,,,,,
100,000312113649,1,1,001000842543,,,,,,,,,,,,,,,,,,,,,,,,
100,000312113651,1,1,001000844103,,,,,,,,,,,,,,,,,,,,,,,,
100,000312113652,1,1,001000843955,,,,,,,,,,,,,,,,,,,,,,,,
100,000312113653,1,1,001000843943,,,,,,,,,,,,,,,,,,,,,,,,
100,000312113654,1,1,001000844020,,,,,,,,,,,,,,,,,,,,,,,,
100,000312113655,1,1,001000851144,,,,,,,,,,,,,,,,,,,,,,,,
100,000312113659,1,1,001000852364,,,,,,,,,,,,,,,,,,,,,,,,
100,000312113662,1,1,001000843996,,,,,,,,,,,,,,,,,,,,,,,,
100,000312113671,1,1,001000844092,,,,,,,,,,,,,,,,,,,,,,,,
100,000312113676,1,1,001000852363,,,,,,,,,,,,,,,,,,,,,,,,
100,000312113678,1,1,001000843988,,,,,,,,,,,,,,,,,,,,,,,,
100,000312113679,1,1,001000852366,,,,,,,,,,,,,,,,,,,,,,,,
100,000312113685,1,1,001000843984,,,,,,,,,,,,,,,,,,,,,,,,
100,000312113688,1,1,001000844008,,,,,,,,,,,,,,,,,,,,,,,,
100,000312113689,1,1,001000844003,,,,,,,,,,,,,,,,,,,,,,,,
100,000312113690,1,1,001000847593,,,,,,,,,,,,,,,,,,,,,,,,
100,000312113691,1,1,001000847608,,,,,,,,,,,,,,,,,,,,,,,,
100,000312113695,1,1,001000847570,,,,,,,,,,,,,,,,,,,,,,,,
100,000312113698,1,1,001000847589,,,,,,,,,,,,,,,,,,,,,,,,
100,000312113710,1,1,001000844032,,,,,,,,,,,,,,,,,,,,,,,,
100,000312113713,1,1,001000844096,,,,,,,,,,,,,,,,,,,,,,,,
100,000312113715,1,1,001000844117,,,,,,,,,,,,,,,,,,,,,,,,
100,000312113718,1,1,001000844014,,,,,,,,,,,,,,,,,,,,,,,,
100,000312113720,1,1,001000843978,,,,,,,,,,,,,,,,,,,,,,,,
100,000312113722,1,1,001000844112,,,,,,,,,,,,,,,,,,,,,,,,
100,000312113731,1,1,001000844089,,,,,,,,,,,,,,,,,,,,,,,,
100,000312113733,1,1,001000844101,,,,,,,,,,,,,,,,,,,,,,,,
100,000312113738,1,1,001000844108,,,,,,,,,,,,,,,,,,,,,,,,
100,000312113742,1,1,001000844098,,,,,,,,,,,,,,,,,,,,,,,,
100,000312113743,1,1,001000843970,,,,,,,,,,,,,,,,,,,,,,,,
100,000312113749,1,1,001000843941,,,,,,,,,,,,,,,,,,,,,,,,
100,000312113755,1,1,001000843963,,,,,,,,,,,,,,,,,,,,,,,,
100,000312113764,1,1,001000844106,,,,,,,,,,,,,,,,,,,,,,,,
100,000312113767,1,1,001000844094,,,,,,,,,,,,,,,,,,,,,,,,
100,000312113770,1,1,001000844109,,,,,,,,,,,,,,,,,,,,,,,,
100,000312113771,1,1,001000844059,,,,,,,,,,,,,,,,,,,,,,,,
100,000312113772,1,1,001000843957,,,,,,,,,,,,,,,,,,,,,,,,
100,000312113906,1,1,001000850892,,,,,,,,,,,,,,,,,,,,,,,,
100,000312114337,1,1,001000935250,,,,,,,,,,,,,,,,,,,,,,,,
100,000312114411,1,1,001000935251,,,,,,,,,,,,,,,,,,,,,,,,
100,000312114516,1,1,001000849773,,,,,,,,,,,,,,,,,,,,,,,,
100,000312114518,1,1,001000849775,,,,,,,,,,,,,,,,,,,,,,,,
100,000312114519,1,1,001000849776,,,,,,,,,,,,,,,,,,,,,,,,
100,000312114598,1,1,001000848807,,,,,,,,,,,,,,,,,,,,,,,,
100,000312114629,1,1,001000848813,,,,,,,,,,,,,,,,,,,,,,,,
100,000312114640,1,1,001000845965,,,,,,,,,,,,,,,,,,,,,,,,
100,000312114643,1,1,001000848818,,,,,,,,,,,,,,,,,,,,,,,,
100,000312114786,1,1,001000842572,,,,,,,,,,,,,,,,,,,,,,,,
100,000312114794,1,1,001000842560,,,,,,,,,,,,,,,,,,,,,,,,
100,000312114801,1,1,001000842594,,,,,,,,,,,,,,,,,,,,,,,,
100,000312114803,1,1,001000849141,,,,,,,,,,,,,,,,,,,,,,,,
100,000312114806,1,1,001000849139,,,,,,,,,,,,,,,,,,,,,,,,
100,000312114895,1,1,001000849080,,,,,,,,,,,,,,,,,,,,,,,,
100,000312114910,1,1,001000849079,,,,,,,,,,,,,,,,,,,,,,,,
100,000312114914,1,1,001000849106,,,,,,,,,,,,,,,,,,,,,,,,
100,000312114919,1,1,001000849105,,,,,,,,,,,,,,,,,,,,,,,,
100,000312114925,1,1,001000849082,,,,,,,,,,,,,,,,,,,,,,,,
100,000312114929,1,1,001000849086,,,,,,,,,,,,,,,,,,,,,,,,
100,000312114938,1,1,001000847009,,,,,,,,,,,,,,,,,,,,,,,,
100,000312114942,1,1,001000849132,,,,,,,,,,,,,,,,,,,,,,,,
100,000312114948,1,1,001000849110,,,,,,,,,,,,,,,,,,,,,,,,
100,000312114954,1,1,001000849133,,,,,,,,,,,,,,,,,,,,,,,,
100,000312114971,1,1,001000849134,,,,,,,,,,,,,,,,,,,,,,,,
100,000312114981,1,1,001000849135,,,,,,,,,,,,,,,,,,,,,,,,
100,000312114993,1,1,001000849121,,,,,,,,,,,,,,,,,,,,,,,,
100,000312114996,1,1,001000849136,,,,,,,,,,,,,,,,,,,,,,,,
100,000312114997,1,1,001000849128,,,,,,,,,,,,,,,,,,,,,,,,
100,000312114998,1,1,001000849126,,,,,,,,,,,,,,,,,,,,,,,,
100,000312115002,1,1,001000849109,,,,,,,,,,,,,,,,,,,,,,,,
100,000312115005,1,1,001000849073,,,,,,,,,,,,,,,,,,,,,,,,
100,000312115008,1,1,001000849066,,,,,,,,,,,,,,,,,,,,,,,,
100,000312115021,1,1,001000846115,,,,,,,,,,,,,,,,,,,,,,,,
100,000312115026,1,1,001000849071,,,,,,,,,,,,,,,,,,,,,,,,
100,000312115028,1,1,001000849069,,,,,,,,,,,,,,,,,,,,,,,,
100,000312115064,1,1,001000849074,,,,,,,,,,,,,,,,,,,,,,,,
100,000312115078,1,1,001000849068,,,,,,,,,,,,,,,,,,,,,,,,
100,000312115084,1,1,001000848075,,,,,,,,,,,,,,,,,,,,,,,,
100,000312115088,1,1,001000849076,,,,,,,,,,,,,,,,,,,,,,,,
100,000312115090,1,1,001000849077,,,,,,,,,,,,,,,,,,,,,,,,
100,000312115092,1,1,001000844589,,,,,,,,,,,,,,,,,,,,,,,,
100,000312115102,1,1,001000849078,,,,,,,,,,,,,,,,,,,,,,,,
100,000312115149,1,1,001000846963,,,,,,,,,,,,,,,,,,,,,,,,
100,000312115183,1,1,001000842578,,,,,,,,,,,,,,,,,,,,,,,,
100,000312115185,1,1,001000847606,,,,,,,,,,,,,,,,,,,,,,,,
100,000312115186,1,1,001000847555,,,,,,,,,,,,,,,,,,,,,,,,
100,000312115191,1,1,001000846031,,,,,,,,,,,,,,,,,,,,,,,,
100,000312115194,1,1,001000846104,,,,,,,,,,,,,,,,,,,,,,,,
100,000312115219,1,1,001000847014,,,,,,,,,,,,,,,,,,,,,,,,
100,000312115223,1,1,001000842588,,,,,,,,,,,,,,,,,,,,,,,,
100,000312115226,1,1,001000846109,,,,,,,,,,,,,,,,,,,,,,,,
100,000312115228,1,1,001000847017,,,,,,,,,,,,,,,,,,,,,,,,
100,000312115234,1,1,001000845884,,,,,,,,,,,,,,,,,,,,,,,,
100,000312115235,1,1,001000845891,,,,,,,,,,,,,,,,,,,,,,,,
100,000312115237,1,1,001000846114,,,,,,,,,,,,,,,,,,,,,,,,
100,000312115238,1,1,001000846637,,,,,,,,,,,,,,,,,,,,,,,,
100,000312115239,1,1,001000846116,,,,,,,,,,,,,,,,,,,,,,,,
100,000312115240,1,1,001000847398,,,,,,,,,,,,,,,,,,,,,,,,
100,000312115245,1,1,001000846119,,,,,,,,,,,,,,,,,,,,,,,,
100,000312115246,1,1,001000844507,,,,,,,,,,,,,,,,,,,,,,,,
100,000312115248,1,1,001000846138,,,,,,,,,,,,,,,,,,,,,,,,
100,000312115250,1,1,001000846964,,,,,,,,,,,,,,,,,,,,,,,,
100,000312115253,1,1,001000842582,,,,,,,,,,,,,,,,,,,,,,,,
100,000312115254,1,1,001000849852,,,,,,,,,,,,,,,,,,,,,,,,
100,000312115258,1,1,001000846146,,,,,,,,,,,,,,,,,,,,,,,,
100,000312115260,1,1,001000846158,,,,,,,,,,,,,,,,,,,,,,,,
100,000312115261,1,1,001000846211,,,,,,,,,,,,,,,,,,,,,,,,
100,000312115262,1,1,001000846223,,,,,,,,,,,,,,,,,,,,,,,,
100,000312115269,1,1,001000846250,,,,,,,,,,,,,,,,,,,,,,,,
100,000312115270,1,1,001000846253,,,,,,,,,,,,,,,,,,,,,,,,
100,000312115271,1,1,001000846254,,,,,,,,,,,,,,,,,,,,,,,,
100,000312115272,1,1,001000845941,,,,,,,,,,,,,,,,,,,,,,,,
100,000312115276,1,1,001000846287,,,,,,,,,,,,,,,,,,,,,,,,
100,000312115277,1,1,001000846291,,,,,,,,,,,,,,,,,,,,,,,,
100,000312115278,1,1,001000846639,,,,,,,,,,,,,,,,,,,,,,,,
100,000312115285,1,1,001000845973,,,,,,,,,,,,,,,,,,,,,,,,
100,000312115287,1,1,001000849849,,,,,,,,,,,,,,,,,,,,,,,,
100,000312115290,1,1,001000846295,,,,,,,,,,,,,,,,,,,,,,,,
100,000312115300,1,1,001000846600,,,,,,,,,,,,,,,,,,,,,,,,
100,000312115301,1,1,001000846602,,,,,,,,,,,,,,,,,,,,,,,,
100,000312115302,1,1,001000846614,,,,,,,,,,,,,,,,,,,,,,,,
100,000312115303,1,1,001000846609,,,,,,,,,,,,,,,,,,,,,,,,
100,000312115305,1,1,001000846616,,,,,,,,,,,,,,,,,,,,,,,,
100,000312115306,1,1,001000846619,,,,,,,,,,,,,,,,,,,,,,,,
100,000312115307,1,1,001000846620,,,,,,,,,,,,,,,,,,,,,,,,
100,000312115309,1,1,001000846309,,,,,,,,,,,,,,,,,,,,,,,,
100,000312115312,1,1,001000846304,,,,,,,,,,,,,,,,,,,,,,,,
100,000312115313,1,1,001000846621,,,,,,,,,,,,,,,,,,,,,,,,
100,000312115314,1,1,001000846604,,,,,,,,,,,,,,,,,,,,,,,,
100,000312115315,1,1,001000846611,,,,,,,,,,,,,,,,,,,,,,,,
100,000312115316,1,1,001000846314,,,,,,,,,,,,,,,,,,,,,,,,
100,000312115318,1,1,001000846318,,,,,,,,,,,,,,,,,,,,,,,,
100,000312115319,1,1,001000846605,,,,,,,,,,,,,,,,,,,,,,,,
100,000312115329,1,1,001000846608,,,,,,,,,,,,,,,,,,,,,,,,
100,000312115332,1,1,001000846326,,,,,,,,,,,,,,,,,,,,,,,,
100,000312115333,1,1,001000846606,,,,,,,,,,,,,,,,,,,,,,,,
100,000312115334,1,1,001000846332,,,,,,,,,,,,,,,,,,,,,,,,
100,000312115335,1,1,001000846622,,,,,,,,,,,,,,,,,,,,,,,,
100,000312115337,1,1,001000850014,,,,,,,,,,,,,,,,,,,,,,,,
100,000312115341,1,1,001000846613,,,,,,,,,,,,,,,,,,,,,,,,
100,000312115346,1,1,001000846631,,,,,,,,,,,,,,,,,,,,,,,,
100,000312115347,1,1,001000846632,,,,,,,,,,,,,,,,,,,,,,,,
100,000312115348,1,1,001000846634,,,,,,,,,,,,,,,,,,,,,,,,
100,000312115349,1,1,001000846341,,,,,,,,,,,,,,,,,,,,,,,,
100,000312115350,1,1,001000846346,,,,,,,,,,,,,,,,,,,,,,,,
100,000312115352,1,1,001000846607,,,,,,,,,,,,,,,,,,,,,,,,
100,000312115353,1,1,001000846635,,,,,,,,,,,,,,,,,,,,,,,,
100,000312115367,1,1,001000846596,,,,,,,,,,,,,,,,,,,,,,,,
100,000312115368,1,1,001000846598,,,,,,,,,,,,,,,,,,,,,,,,
100,000312115387,1,1,001000846121,,,,,,,,,,,,,,,,,,,,,,,,
100,000312115388,1,1,001000846124,,,,,,,,,,,,,,,,,,,,,,,,
100,000312115390,1,1,001000846126,,,,,,,,,,,,,,,,,,,,,,,,
100,000312115394,1,1,001000850011,,,,,,,,,,,,,,,,,,,,,,,,
100,000312115401,1,1,001000846128,,,,,,,,,,,,,,,,,,,,,,,,
100,000312115402,1,1,001000846132,,,,,,,,,,,,,,,,,,,,,,,,
100,000312115420,1,1,001000846946,,,,,,,,,,,,,,,,,,,,,,,,
100,000312115427,1,1,001000936339,,,,,,,,,,,,,,,,,,,,,,,,
100,000312115429,1,1,001000849145,,,,,,,,,,,,,,,,,,,,,,,,
100,000312115430,1,1,001000849764,,,,,,,,,,,,,,,,,,,,,,,,
100,000312115431,1,1,001000849765,,,,,,,,,,,,,,,,,,,,,,,,
100,000312115432,1,1,001000849767,,,,,,,,,,,,,,,,,,,,,,,,
100,000312115433,1,1,001000849432,,,,,,,,,,,,,,,,,,,,,,,,
100,000312115439,1,1,001000849513,,,,,,,,,,,,,,,,,,,,,,,,
100,000312115446,1,1,001000849460,,,,,,,,,,,,,,,,,,,,,,,,
100,000312115448,1,1,001000849464,,,,,,,,,,,,,,,,,,,,,,,,
100,000312115457,1,1,001000849469,,,,,,,,,,,,,,,,,,,,,,,,
100,000312115458,1,1,001000849147,,,,,,,,,,,,,,,,,,,,,,,,
100,000312115459,1,1,001000849475,,,,,,,,,,,,,,,,,,,,,,,,
100,000312115460,1,1,001000849522,,,,,,,,,,,,,,,,,,,,,,,,
100,000312115472,1,1,001000849398,,,,,,,,,,,,,,,,,,,,,,,,
100,000312115473,1,1,001000842419,,,,,,,,,,,,,,,,,,,,,,,,
100,000312115475,1,1,001000849703,,,,,,,,,,,,,,,,,,,,,,,,
100,000312115476,1,1,001000849710,,,,,,,,,,,,,,,,,,,,,,,,
100,000312115477,1,1,001000849539,,,,,,,,,,,,,,,,,,,,,,,,
100,000312115480,1,1,001000849401,,,,,,,,,,,,,,,,,,,,,,,,
100,000312115483,1,1,001000849595,,,,,,,,,,,,,,,,,,,,,,,,
100,000312115484,1,1,001000849625,,,,,,,,,,,,,,,,,,,,,,,,
100,000312115485,1,1,001000849629,,,,,,,,,,,,,,,,,,,,,,,,
100,000312115490,1,1,001000849435,,,,,,,,,,,,,,,,,,,,,,,,
100,000312115491,1,1,001000849406,,,,,,,,,,,,,,,,,,,,,,,,
100,000312115495,1,1,001000846932,,,,,,,,,,,,,,,,,,,,,,,,
100,000312115496,1,1,001000849438,,,,,,,,,,,,,,,,,,,,,,,,
100,000312115504,1,1,001000849642,,,,,,,,,,,,,,,,,,,,,,,,
100,000312115505,1,1,001000849712,,,,,,,,,,,,,,,,,,,,,,,,
100,000312115506,1,1,001000849649,,,,,,,,,,,,,,,,,,,,,,,,
100,000312115507,1,1,001000849482,,,,,,,,,,,,,,,,,,,,,,,,
100,000312115508,1,1,001000849658,,,,,,,,,,,,,,,,,,,,,,,,
100,000312115514,1,1,001000849769,,,,,,,,,,,,,,,,,,,,,,,,
100,000312115516,1,1,001000842330,,,,,,,,,,,,,,,,,,,,,,,,
100,000312115526,1,1,001000849660,,,,,,,,,,,,,,,,,,,,,,,,
100,000312115532,1,1,001000849484,,,,,,,,,,,,,,,,,,,,,,,,
100,000312115534,1,1,001000849770,,,,,,,,,,,,,,,,,,,,,,,,
100,000312115535,1,1,001000849771,,,,,,,,,,,,,,,,,,,,,,,,
100,000312115536,1,1,001000849772,,,,,,,,,,,,,,,,,,,,,,,,
100,000312115540,1,1,001000846949,,,,,,,,,,,,,,,,,,,,,,,,
100,000312115544,1,1,001000849717,,,,,,,,,,,,,,,,,,,,,,,,
100,000312115552,1,1,001000849504,,,,,,,,,,,,,,,,,,,,,,,,
100,000312115553,1,1,001000849731,,,,,,,,,,,,,,,,,,,,,,,,
100,000312115554,1,1,001000849665,,,,,,,,,,,,,,,,,,,,,,,,
100,000312115561,1,1,001000850006,,,,,,,,,,,,,,,,,,,,,,,,
100,000312115563,1,1,001000849671,,,,,,,,,,,,,,,,,,,,,,,,
100,000312115565,1,1,001000849149,,,,,,,,,,,,,,,,,,,,,,,,
100,000312115567,1,1,001000849742,,,,,,,,,,,,,,,,,,,,,,,,
100,000312115568,1,1,001000850021,,,,,,,,,,,,,,,,,,,,,,,,
100,000312115569,1,1,001000849677,,,,,,,,,,,,,,,,,,,,,,,,
100,000312115578,1,1,001000849150,,,,,,,,,,,,,,,,,,,,,,,,
100,000312115579,1,1,001000849768,,,,,,,,,,,,,,,,,,,,,,,,
100,000312115581,1,1,001000849166,,,,,,,,,,,,,,,,,,,,,,,,
100,000312115586,1,1,001000849409,,,,,,,,,,,,,,,,,,,,,,,,
100,000312115590,1,1,001000846960,,,,,,,,,,,,,,,,,,,,,,,,
100,000312115597,1,1,001000849681,,,,,,,,,,,,,,,,,,,,,,,,
100,000312115600,1,1,001000849686,,,,,,,,,,,,,,,,,,,,,,,,
100,000312115601,1,1,001000849689,,,,,,,,,,,,,,,,,,,,,,,,
100,000312115602,1,1,001000849692,,,,,,,,,,,,,,,,,,,,,,,,
100,000312115603,1,1,001000849695,,,,,,,,,,,,,,,,,,,,,,,,
100,000312115604,1,1,001000849696,,,,,,,,,,,,,,,,,,,,,,,,
100,000312115608,1,1,001000849412,,,,,,,,,,,,,,,,,,,,,,,,
100,000312115610,1,1,001000849701,,,,,,,,,,,,,,,,,,,,,,,,
100,000312115613,1,1,001000849440,,,,,,,,,,,,,,,,,,,,,,,,
100,000312115621,1,1,001000842295,,,,,,,,,,,,,,,,,,,,,,,,
100,000312115623,1,1,001000849750,,,,,,,,,,,,,,,,,,,,,,,,
100,000312115624,1,1,001000849488,,,,,,,,,,,,,,,,,,,,,,,,
100,000312115625,1,1,001000849492,,,,,,,,,,,,,,,,,,,,,,,,
100,000312115626,1,1,001000849494,,,,,,,,,,,,,,,,,,,,,,,,
100,000312115627,1,1,001000849497,,,,,,,,,,,,,,,,,,,,,,,,
100,000312115633,1,1,001000850031,,,,,,,,,,,,,,,,,,,,,,,,
100,000312115637,1,1,001000850035,,,,,,,,,,,,,,,,,,,,,,,,
100,000312115646,1,1,001000845970,,,,,,,,,,,,,,,,,,,,,,,,
100,000312115650,1,1,001000842180,,,,,,,,,,,,,,,,,,,,,,,,
100,000312115654,1,1,001000842862,,,,,,,,,,,,,,,,,,,,,,,,
100,000312115660,1,1,001000849756,,,,,,,,,,,,,,,,,,,,,,,,
100,000312115661,1,1,001000849442,,,,,,,,,,,,,,,,,,,,,,,,
100,000312115662,1,1,001000849416,,,,,,,,,,,,,,,,,,,,,,,,
100,000312115665,1,1,001000845511,,,,,,,,,,,,,,,,,,,,,,,,
100,000312115670,1,1,001000845716,,,,,,,,,,,,,,,,,,,,,,,,
100,000312115672,1,1,001000845737,,,,,,,,,,,,,,,,,,,,,,,,
100,000312115673,1,1,001000845757,,,,,,,,,,,,,,,,,,,,,,,,
100,000312115674,1,1,001000844480,,,,,,,,,,,,,,,,,,,,,,,,
100,000312115677,1,1,001000842207,,,,,,,,,,,,,,,,,,,,,,,,
100,000312115707,1,1,001000847016,,,,,,,,,,,,,,,,,,,,,,,,
100,000312115712,1,1,001000890219,,,,,,,,,,,,,,,,,,,,,,,,
100,000312115717,1,1,001000847012,,,,,,,,,,,,,,,,,,,,,,,,
100,000312115755,1,1,001000846851,,,,,,,,,,,,,,,,,,,,,,,,
100,000312115756,1,1,001000846853,,,,,,,,,,,,,,,,,,,,,,,,
100,000312115763,1,1,001000846840,,,,,,,,,,,,,,,,,,,,,,,,
100,000312115765,1,1,001000846841,,,,,,,,,,,,,,,,,,,,,,,,
100,000312115766,1,1,001000846809,,,,,,,,,,,,,,,,,,,,,,,,
100,000312115767,1,1,001000846965,,,,,,,,,,,,,,,,,,,,,,,,
100,000312115768,1,1,001000845898,,,,,,,,,,,,,,,,,,,,,,,,
100,000312115769,1,1,001000846947,,,,,,,,,,,,,,,,,,,,,,,,
100,000312115772,1,1,001000846322,,,,,,,,,,,,,,,,,,,,,,,,
100,000312115773,1,1,001000846979,,,,,,,,,,,,,,,,,,,,,,,,
100,000312115776,1,1,001000846630,,,,,,,,,,,,,,,,,,,,,,,,
100,000312115777,1,1,001000846966,,,,,,,,,,,,,,,,,,,,,,,,
100,000312115778,1,1,001000846633,,,,,,,,,,,,,,,,,,,,,,,,
100,000312115782,1,1,001000846948,,,,,,,,,,,,,,,,,,,,,,,,
100,000312115786,1,1,001000846982,,,,,,,,,,,,,,,,,,,,,,,,
100,000312115793,1,1,001000842566,,,,,,,,,,,,,,,,,,,,,,,,
100,000312115794,1,1,001000846817,,,,,,,,,,,,,,,,,,,,,,,,
100,000312115795,1,1,001000846344,,,,,,,,,,,,,,,,,,,,,,,,
100,000312115796,1,1,001000846612,,,,,,,,,,,,,,,,,,,,,,,,
100,000312115799,1,1,001000846967,,,,,,,,,,,,,,,,,,,,,,,,
100,000312115800,1,1,001000846810,,,,,,,,,,,,,,,,,,,,,,,,
100,000312115803,1,1,001000846819,,,,,,,,,,,,,,,,,,,,,,,,
100,000312115804,1,1,001000846821,,,,,,,,,,,,,,,,,,,,,,,,
100,000312115809,1,1,001000846615,,,,,,,,,,,,,,,,,,,,,,,,
100,000312115815,1,1,001000846838,,,,,,,,,,,,,,,,,,,,,,,,
100,000312115817,1,1,001000846823,,,,,,,,,,,,,,,,,,,,,,,,
100,000312115819,1,1,001000846148,,,,,,,,,,,,,,,,,,,,,,,,
100,000312115820,1,1,001000846159,,,,,,,,,,,,,,,,,,,,,,,,
100,000312115821,1,1,001000845903,,,,,,,,,,,,,,,,,,,,,,,,
100,000312115822,1,1,001000846822,,,,,,,,,,,,,,,,,,,,,,,,
100,000312115823,1,1,001000846811,,,,,,,,,,,,,,,,,,,,,,,,
100,000312115824,1,1,001000846827,,,,,,,,,,,,,,,,,,,,,,,,
100,000312115825,1,1,001000846813,,,,,,,,,,,,,,,,,,,,,,,,
100,000312115826,1,1,001000845895,,,,,,,,,,,,,,,,,,,,,,,,
100,000312115827,1,1,001000846837,,,,,,,,,,,,,,,,,,,,,,,,
100,000312115830,1,1,001000846986,,,,,,,,,,,,,,,,,,,,,,,,
100,000312115831,1,1,001000846991,,,,,,,,,,,,,,,,,,,,,,,,
100,000312115833,1,1,001000846816,,,,,,,,,,,,,,,,,,,,,,,,
100,000312115836,1,1,001000846593,,,,,,,,,,,,,,,,,,,,,,,,
100,000312115837,1,1,001000845883,,,,,,,,,,,,,,,,,,,,,,,,
100,000312115854,1,1,001000847024,,,,,,,,,,,,,,,,,,,,,,,,
100,000312115884,1,1,001000846789,,,,,,,,,,,,,,,,,,,,,,,,
100,000312115888,1,1,001000847027,,,,,,,,,,,,,,,,,,,,,,,,
100,000312115896,1,1,001000847031,,,,,,,,,,,,,,,,,,,,,,,,
100,000312115903,1,1,001000846303,,,,,,,,,,,,,,,,,,,,,,,,
100,000312115904,1,1,001000846796,,,,,,,,,,,,,,,,,,,,,,,,
100,000312115909,1,1,001000842511,,,,,,,,,,,,,,,,,,,,,,,,
100,000312115912,1,1,001000846279,,,,,,,,,,,,,,,,,,,,,,,,
100,000312115916,1,1,001000846866,,,,,,,,,,,,,,,,,,,,,,,,
100,000312115922,1,1,001000847033,,,,,,,,,,,,,,,,,,,,,,,,
100,000312115923,1,1,001000842446,,,,,,,,,,,,,,,,,,,,,,,,
100,000312115927,1,1,001000846868,,,,,,,,,,,,,,,,,,,,,,,,
100,000312115928,1,1,001000847035,,,,,,,,,,,,,,,,,,,,,,,,
100,000312115934,1,1,001000846251,,,,,,,,,,,,,,,,,,,,,,,,
100,000312115935,1,1,001000847038,,,,,,,,,,,,,,,,,,,,,,,,
100,000312115936,1,1,001000846940,,,,,,,,,,,,,,,,,,,,,,,,
100,000312115937,1,1,001000846942,,,,,,,,,,,,,,,,,,,,,,,,
100,000312115941,1,1,001000846801,,,,,,,,,,,,,,,,,,,,,,,,
100,000312115942,1,1,001000847040,,,,,,,,,,,,,,,,,,,,,,,,
100,000312115944,1,1,001000846917,,,,,,,,,,,,,,,,,,,,,,,,
100,000312115945,1,1,001000846792,,,,,,,,,,,,,,,,,,,,,,,,
100,000312115947,1,1,001000847042,,,,,,,,,,,,,,,,,,,,,,,,
100,000312115948,1,1,001000847399,,,,,,,,,,,,,,,,,,,,,,,,
100,000312115949,1,1,001000847045,,,,,,,,,,,,,,,,,,,,,,,,
100,000312115950,1,1,001000846872,,,,,,,,,,,,,,,,,,,,,,,,
100,000312115951,1,1,001000846875,,,,,,,,,,,,,,,,,,,,,,,,
100,000312115952,1,1,001000847047,,,,,,,,,,,,,,,,,,,,,,,,
100,000312115954,1,1,001000842485,,,,,,,,,,,,,,,,,,,,,,,,
100,000312115958,1,1,001000846174,,,,,,,,,,,,,,,,,,,,,,,,
100,000312115959,1,1,001000842490,,,,,,,,,,,,,,,,,,,,,,,,
100,000312115960,1,1,001000846919,,,,,,,,,,,,,,,,,,,,,,,,
100,000312115961,1,1,001000846955,,,,,,,,,,,,,,,,,,,,,,,,
100,000312115962,1,1,001000846944,,,,,,,,,,,,,,,,,,,,,,,,
100,000312115963,1,1,001000846881,,,,,,,,,,,,,,,,,,,,,,,,
100,000312115965,1,1,001000847048,,,,,,,,,,,,,,,,,,,,,,,,
100,000312115966,1,1,001000843031,,,,,,,,,,,,,,,,,,,,,,,,
100,000312115968,1,1,001000847049,,,,,,,,,,,,,,,,,,,,,,,,
100,000312115971,1,1,001000846885,,,,,,,,,,,,,,,,,,,,,,,,
100,000312115976,1,1,001000846894,,,,,,,,,,,,,,,,,,,,,,,,
100,000312115978,1,1,001000847051,,,,,,,,,,,,,,,,,,,,,,,,
100,000312115992,1,1,001000847053,,,,,,,,,,,,,,,,,,,,,,,,
100,000312115994,1,1,001000846870,,,,,,,,,,,,,,,,,,,,,,,,
100,000312115995,1,1,001000847055,,,,,,,,,,,,,,,,,,,,,,,,
100,000312115996,1,1,001000847058,,,,,,,,,,,,,,,,,,,,,,,,
100,000312115999,1,1,001000847059,,,,,,,,,,,,,,,,,,,,,,,,
100,000312116004,1,1,001000847060,,,,,,,,,,,,,,,,,,,,,,,,
100,000312116005,1,1,001000847062,,,,,,,,,,,,,,,,,,,,,,,,
100,000312116006,1,1,001000847064,,,,,,,,,,,,,,,,,,,,,,,,
100,000312116007,1,1,001000847068,,,,,,,,,,,,,,,,,,,,,,,,
100,000312116009,1,1,001000847069,,,,,,,,,,,,,,,,,,,,,,,,
100,000312116011,1,1,001000847072,,,,,,,,,,,,,,,,,,,,,,,,
100,000312116012,1,1,001000847073,,,,,,,,,,,,,,,,,,,,,,,,
100,000312116016,1,1,001000847074,,,,,,,,,,,,,,,,,,,,,,,,
100,000312116017,1,1,001000846896,,,,,,,,,,,,,,,,,,,,,,,,
100,000312116018,1,1,001000846256,,,,,,,,,,,,,,,,,,,,,,,,
100,000312116020,1,1,001000846898,,,,,,,,,,,,,,,,,,,,,,,,
100,000312116021,1,1,001000846888,,,,,,,,,,,,,,,,,,,,,,,,
100,000312116025,1,1,001000846776,,,,,,,,,,,,,,,,,,,,,,,,
100,000312116026,1,1,001000846779,,,,,,,,,,,,,,,,,,,,,,,,
100,000312116029,1,1,001000847076,,,,,,,,,,,,,,,,,,,,,,,,
100,000312116037,1,1,001000846797,,,,,,,,,,,,,,,,,,,,,,,,
100,000312116038,1,1,001000847077,,,,,,,,,,,,,,,,,,,,,,,,
100,000312116039,1,1,001000846943,,,,,,,,,,,,,,,,,,,,,,,,
100,000312116042,1,1,001000846923,,,,,,,,,,,,,,,,,,,,,,,,
100,000312116044,1,1,001000846799,,,,,,,,,,,,,,,,,,,,,,,,
100,000312116045,1,1,001000846800,,,,,,,,,,,,,,,,,,,,,,,,
100,000312116047,1,1,001000846891,,,,,,,,,,,,,,,,,,,,,,,,
100,000312116048,1,1,001000846782,,,,,,,,,,,,,,,,,,,,,,,,
100,000312116052,1,1,001000847079,,,,,,,,,,,,,,,,,,,,,,,,
100,000312116053,1,1,001000847080,,,,,,,,,,,,,,,,,,,,,,,,
100,000312116061,1,1,001000847082,,,,,,,,,,,,,,,,,,,,,,,,
100,000312116063,1,1,001000842199,,,,,,,,,,,,,,,,,,,,,,,,
100,000312116064,1,1,001000847084,,,,,,,,,,,,,,,,,,,,,,,,
100,000312116067,1,1,001000845085,,,,,,,,,,,,,,,,,,,,,,,,
100,000312116930,1,1,001000834875,,,,,,,,,,,,,,,,,,,,,,,,
100,000312117121,2,1,001000840788,,,,,,,,,,,,,,,,,,,,,,,,
100,000312120105,1,1,,,,,,,,,,,,,,,,,,,,,,,06-04-2021,12:18:36,NHSITPM03
100,000312121724,1,1,001000836375,,,,,,,,,,,,,,,,,,,,,,,,
100,000312124387,1,1,001000852846,,,,,,,,,,,,,,,,,,,,,,,,
100,000312124417,1,1,001000848623,,,,,,,,,,,,,,,,,,,,,,,,
100,000312124418,1,1,001000851765,"CW 41,2020",10-10-2020,27-05-2021,"CW 41,2020;CW 41,2020",10-10-2020,bulkment shipping. Brexit. Zoll/bulkment shipping. Brexit. Zoll,27-05-2021,,,,,,,,,,,bulkment shipping. Brexit. Zoll/bulkment shipping. Brexit. Zoll,,5,,27-05-2021,11:54:27,NHS000064
100,000312124419,1,1,001000848402,,,,,,,,,,,,,,,,,,,,,,,,
100,000312124421,1,1,001000848887,,,,,,,,,,,,,,,,,,,,,,,,
100,000312125343,1,1,001000838535,,,,,,,,,,,,,,,,,,,,,,,,
100,000312125346,1,1,001000838530,,,,,,,,,,,,,,,,,,,,,,,,
100,000312125459,1,1,001000840862,,,,,,,,,,,,,,,,,,,,,,,,
100,000312128005,1,1,001000838950,,,,,,,,,,,,,,,,,,,,,,,,
100,000312128006,1,1,001000838526,,,,,,,,,,,,,,,,,,,,,,,,
100,000312128009,1,1,001000842252,,,,,,,,,,,,,,,,,,,,,,,,
100,000312128767,10,1,001000836604,,,,,,,,,,,,,,,,,,,,,,,,
100,000312130067,1,1,001000837762,,,,,,,,,,,,,,,,,,,,,,,,
100,000312132122,1,1,001000842378,,,,,,,,,,,,,,,,,,,,,,,,
100,000312132135,1,1,001000840974,,,,,,,,,,,,,,,,,,,,,,,,
100,000312132136,1,1,001000840731,,,,,,,,,,,,,,,,,,,,,,,,
100,000312135344,1,1,001000842097,,,,,,,,,,,,,,,,,,,,,,,,
100,000312135346,1,1,001000841767,,,,,,,,,,,,,,,,,,,,,,,,
100,000312135351,1,1,001000843479,,,,,,,,,,,,,,,,,,,,,,,,
100,000312138289,1,1,001000842984,,,,,,,,,,,,,,,,,,,,,,,,
100,000312138297,1,1,001000844273,,,,,,,,,,,,,,,,,,,,,,,,
100,000312140253,1,1,001001120119,,,,,,,,,,,,,,,,,,,,,,,,
100,000312140260,1,1,001001225491,,,,,,,,,,,,,,,,,,,,,,,,
100,000312141173,1,1,001000845060,,,,,,,,,,,,,,,,,,,,,,,,
100,000312145194,1,1,001000850802,,,,,,,,,,,,,,,,,,,,,,,,
100,000312145452,1,1,001000847339,,,,,,,,,,,,,,,,,,,,,,,,
100,000312145454,1,1,001000851271,,,,,,,,,,,,,,,,,,,,,,,,
100,000312145480,1,1,001000850261,,,,,,,,,,,,,,,,,,,,,,,,
100,000312145485,1,1,001000850350,,,,,,,,,,,,,,,,,,,,,,,,
100,000312145488,1,1,001000850264,,,,,,,,,,,,,,,,,,,,,,,,
100,000312145492,1,1,001000852609,,,,,,,,,,,,,,,,,,,,,,,,
100,000312145494,1,1,001000850269,,,,,,,,,,,,,,,,,,,,,,,,
100,000312145496,1,1,001000852619,,,,,,,,,,,,,,,,,,,,,,,,
100,000312145512,1,1,001000852615,,,,,,,,,,,,,,,,,,,,,,,,
100,000312145515,1,1,001000850286,,,,,,,,,,,,,,,,,,,,,,,,
100,000312145519,1,1,001000850271,,,,,,,,,,,,,,,,,,,,,,,,
100,000312145526,1,1,001000850320,,,,,,,,,,,,,,,,,,,,,,,,
100,000312145527,1,1,001000852625,,,,,,,,,,,,,,,,,,,,,,,,
100,000312145531,1,1,001000850278,,,,,,,,,,,,,,,,,,,,,,,,
100,000312145533,1,1,001000843279,,,,,,,,,,,,,,,,,,,,,,,,
100,000312145561,1,1,001000847422,,,,,,,,,,,,,,,,,,,,,,,,
100,000312145572,1,1,001000843281,,,,,,,,,,,,,,,,,,,,,,,,
100,000312145578,1,1,001000843293,,,,,,,,,,,,,,,,,,,,,,,,
100,000312145580,1,1,001000843230,,,,,,,,,,,,,,,,,,,,,,,,
100,000312145592,1,1,001000842636,,,,,,,,,,,,,,,,,,,,,,,,
100,000312145597,1,1,001000850281,,,,,,,,,,,,,,,,,,,,,,,,
100,000312145602,1,1,001000847507,,,,,,,,,,,,,,,,,,,,,,,,
100,000312145605,1,1,001000843295,,,,,,,,,,,,,,,,,,,,,,,,
100,000312145611,1,1,001000850283,,,,,,,,,,,,,,,,,,,,,,,,
100,000312145638,1,1,001000843235,,,,,,,,,,,,,,,,,,,,,,,,
100,000312145655,1,1,001000843287,,,,,,,,,,,,,,,,,,,,,,,,
100,000312145658,1,1,001000935233,,,,,,,,,,,,,,,,,,,,,,,,
100,000312145660,1,1,001000850980,,,,,,,,,,,,,,,,,,,,,,,,
100,000312145664,1,1,001000843300,,,,,,,,,,,,,,,,,,,,,,,,
100,000312145671,1,1,001000847343,,,,,,,,,,,,,,,,,,,,,,,,
100,000312145683,1,1,001001120120,,,,,,,,,,,,,,,,,,,,,,,,
100,000312145703,1,1,001000847341,,,,,,,,,,,,,,,,,,,,,,,,
100,000312145716,1,1,001000850713,,,,,,,,,,,,,,,,,,,,,,,,
100,000312145734,1,1,001000851277,,,,,,,,,,,,,,,,,,,,,,,,
100,000312145735,1,1,001000851490,,,,,,,,,,,,,,,,,,,,,,,,
100,000312145736,1,1,001000851278,,,,,,,,,,,,,,,,,,,,,,,,
100,000312145737,1,1,001000851274,,,,,,,,,,,,,,,,,,,,,,,,
100,000312145766,1,1,001000850340,,,,,,,,,,,,,,,,,,,,,,,,
100,000312145796,1,1,001000850707,,,,,,,,,,,,,,,,,,,,,,,,
100,000312145802,1,1,001000842622,,,,,,,,,,,,,,,,,,,,,,,,
100,000312146390,1,1,001000845937,,,,,,,,,,,,,,,,,,,,,,,,
100,000312146399,1,1,001000844241,,,,,,,,,,,,,,,,,,,,,,,,
100,000312147325,1,1,001000935245,,,,,,,,,,,,,,,,,,,,,,,,
100,000312147354,1,1,001000852738,,,,,,,,,,,,,,,,,,,,,,,,
100,000312147373,1,1,001000842183,,,,,,,,,,,,,,,,,,,,,,,,
100,000312147380,1,1,001000846308,,,,,,,,,,,,,,,,,,,,,,,,
100,000312147388,1,1,001000935238,,,,,,,,,,,,,,,,,,,,,,,,
100,000312147448,1,1,001000846294,,,,,,,,,,,,,,,,,,,,,,,,
100,000312147452,1,1,001000845111,,,,,,,,,,,,,,,,,,,,,,,,
100,000312147453,1,1,001000846327,,,,,,,,,,,,,,,,,,,,,,,,
100,000312147454,1,1,001000846210,,,,,,,,,,,,,,,,,,,,,,,,
100,000312147455,1,1,001000846176,,,,,,,,,,,,,,,,,,,,,,,,
100,000312147458,1,1,001000846213,,,,,,,,,,,,,,,,,,,,,,,,
100,000312147473,1,1,001000846207,,,,,,,,,,,,,,,,,,,,,,,,
100,000312147474,1,1,001000846242,,,,,,,,,,,,,,,,,,,,,,,,
100,000312147475,1,1,001000846315,,,,,,,,,,,,,,,,,,,,,,,,
100,000312147483,1,1,001000845039,,,,,,,,,,,,,,,,,,,,,,,,
100,000312147485,1,1,001000845115,,,,,,,,,,,,,,,,,,,,,,,,
100,000312147489,1,1,001000846144,,,,,,,,,,,,,,,,,,,,,,,,
100,000312147503,1,1,001000846218,,,,,,,,,,,,,,,,,,,,,,,,
100,000312147552,1,1,001000842208,,,,,,,,,,,,,,,,,,,,,,,,
100,000312147565,1,1,001000842202,,,,,,,,,,,,,,,,,,,,,,,,
100,000312147570,1,1,001000851377,,,,,,,,,,,,,,,,,,,,,,,,
100,000312147588,1,1,001000843299,,,,,,,,,,,,,,,,,,,,,,,,
100,000312147655,1,1,001000852567,,,,,,,,,,,,,,,,,,,,,,,,
100,000312147681,1,1,001000851303,,,,,,,,,,,,,,,,,,,,,,,,
100,000312147694,1,1,001000851425,,,,,,,,,,,,,,,,,,,,,,,,
100,000312147761,1,1,001000852590,,,,,,,,,,,,,,,,,,,,,,,,
100,000312147797,1,1,001000852578,,,,,,,,,,,,,,,,,,,,,,,,
100,000312147800,1,1,001000846215,,,,,,,,,,,,,,,,,,,,,,,,
100,000312147867,1,1,001000851373,,,,,,,,,,,,,,,,,,,,,,,,
100,000312147887,1,1,001000935242,,,,,,,,,,,,,,,,,,,,,,,,
100,000312147899,1,1,001000850362,,,,,,,,,,,,,,,,,,,,,,,,
100,000312147912,1,1,001000851482,,,,,,,,,,,,,,,,,,,,,,,,
100,000312147913,1,1,001000842188,,,,,,,,,,,,,,,,,,,,,,,,
100,000312147918,1,1,001000842192,,,,,,,,,,,,,,,,,,,,,,,,
100,000312147986,1,1,001000846311,,,,,,,,,,,,,,,,,,,,,,,,
100,000312148000,1,1,001000846266,,,,,,,,,,,,,,,,,,,,,,,,
100,000312148009,1,1,001000935234,,,,,,,,,,,,,,,,,,,,,,,,
100,000312148017,1,1,001000842179,,,,,,,,,,,,,,,,,,,,,,,,
100,000312148045,1,1,001000913699,,,,,,,,,,,,,,,,,,,,,,,,
100,000312151672,1,1,001000913899,,,,,,,,,,,,,,,,,,,,,,,,
100,000312152594,1,1,001000868215,,,,,,Physical Repair,05-07-2021,,,,,,,,,,,Physical Repair,,5A,,05-07-2021,10:29:06,ALEREMOTE
100,000312154906,1,1,001000846582,,,,,,,,,,,,,,,,,,,,,,,,
100,000312156890,1,1,001000853003,,,,,,,,,,,,,,,,,,,,,,,,
100,000312157871,1,1,001000847592,,,,,,,,,,,,,,,,,,,,,,,,
100,000312157875,1,1,001000847274,,,,,,,,,,,,,,,,,,,,,,,,
100,000312160863,1,1,001000852179,,,,,,,,,,,,,,,,,,,,,,,,
100,000312164879,1,1,001000849792,,,,,,,,,,,,,,,,,,,,,,,,
100,000312164880,1,1,001000849327,,,,,,,,,,,,,,,,,,,,,,,,
100,000312164881,1,1,001000849723,,,,,,,,,,,,,,,,,,,,,,,,
100,000312164884,1,1,001000850579,,,,,,,,,,,,,,,,,,,,,,,,
100,000312167910,1,1,001000849285,,,,,,,,,,,,,,,,,,,,,,,,
100,000312167967,1,1,001000849107,,,,,,,,,,,,,,,,,,,,,,,,
100,000312167983,1,1,001000849780,,,,,,,,,,,,,,,,,,,,,,,,
100,000312170213,1,1,001000852760,,,,,,,,,,,,,,,,,,,,,,,,
100,000312170218,1,1,001000852395,,,,,,,,,,,,,,,,,,,,,,,,
100,000312170570,1,1,001000857908,,,,,,,,,,,,,,,,,,,,,,,,
100,000312175139,1,1,001000852919,,,,,,Bottleneck and Test Bench,31-05-2021,,,,,,,,,,,Bottleneck and Test Bench,,4,,31-05-2021,06:33:25,NHS000448
100,000312176957,1,1,001000852920,,,,,,,,,,,,,,,,,,,,,,,,
100,000312176959,1,1,001000853672,,,,,,,,,,,,,,,,,,,,,,,,
100,000312176968,1,1,001000853671,,,,,,,,,,,,,,,,,,,,,,,,
100,000312177538,1,1,001000858073,,,,,,,,,,,,,,,,,,,,,,,,
100,000312183827,1,1,001000870787,,,,,,,,,,,,,,,,,,,,,,,,
100,000312184001,1,1,001000873958,,,,,,,,,,,,,,,,,,,,,,,,
100,000312184020,1,1,001000907752,,,,,,,,,,,,,,,,,,,,,,,,
100,000312185466,1,1,001000891004,,,,,,,,,,,,,,,,,,,,,,,,
100,000312186927,1,1,001000854603,,,,,,,,,,,,,,,,,,,,,,,,
100,000312186928,1,1,001000854457,,,,,,,,,,,,,,,,,,,,,,,,
100,000312186930,1,1,001000857586,,,,,,,,,,,,,,,,,,,,,,,,
100,000312188054,1,1,001000914090,,,,,,,,,,,,,,,,,,,,,,,,
100,000312191756,1,1,001000860256,,,,,,,,,,,,,,,,,,,,,,,,
100,000312191757,1,1,001000856053,,,,,,,,,,,,,,,,,,,,,,,,
100,000312195482,1,1,001000858086,,,,,,,,,,,,,,,,,,,,,,,,
100,000312200455,1,1,001001056735,,,,,,,,,,,,,,,,,,,,,,,,
100,000312205044,1,1,001001095355,,,,,,,,,,,,,,,,,,,,,,,,
100,000312207196,1,1,001000881944,,,,,,,,,,,,,,,,,,,,,,,,
100,000312209521,1,1,001001056733,,,,,,,,,,,,,,,,,,,,,,,,
100,000312212492,2,1,001000870072,,,,,,,,,,,,,,,,,,,,,,,,
100,000312213460,1,1,001000868606,,,,,,,,,,,,,,,,,,,,,,,,
100,000312220237,1,1,001000935164,,,,,,,,,,,,,,,,,,,,,,,,
100,000312224212,1,1,001000876444,,,,,,,,,,,,,,,,,,,,,,,,
100,000312224233,1,1,001000880968,,,,,,,,,,,,,,,,,,,,,,,,
100,000312232911,1,1,001000877110,,,,,,,,,,,,,,,,,,,,,,,,
100,000312236206,1,1,001000877270,,,,,,,,,,,,,,,,,,,,,,,,
100,000312245002,1,1,001000935230,,,,,,,,,,,,,,,,,,,,,,,,
100,000312258344,2,1,001000899991,,,,,,,,,,,,,,,,,,,,,,,,
100,000312260049,1,1,001000899551,,,,,,,,,,,,,,,,,,,,,,,,
100,000312263775,1,1,001000935211,,,,,,,,,,,,,,,,,,,,,,,,
100,000312263802,1,1,001000935227,,,,,,,,,,,,,,,,,,,,,,,,
100,000312267291,7,1,001000899037,,,,,,,,,,,,,,,,,,,,,,,,
100,000312274197,1,1,001000935226,,,,,,,,,,,,,,,,,,,,,,,,
100,000312275508,2,1,001000899006,,,,,,,,,,,,,,,,,,,,,,,,
100,000312277709,2,1,001000898624,,,,,,,,,,,,,,,,,,,,,,,,
100,000312280140,1,1,001000894486,,,,,,,,,,,,,,,,,,,,,,,,
100,000312283016,1,1,001000890752,,,,,,,,,,,,,,,,,,,,,,,,
100,000312285399,29,1,001000888584,,,,,,,,,,,,,,,,,,,,,,,,
100,000312290007,1,1,001001029756,,,,,,,,Unit Lost - buying supply,26-07-2022,,,,,,,,,,,5,,26-07-2022,12:35:46,NHSITPM03
100,000312290275,1,1,001000900262,,,,,,,,,,,,,,,,,,,,,,,,
100,000312290974,1,1,001000908286,,,,,,,,,,,,,,,,,,,,,,,,
100,000312290975,1,1,001000937590,,,,,,,,,,,,,,,,,,,,,,,,
100,000312290976,1,1,001000918869,,,,,,,,,,,,,,,,,,,,,,,,
100,000312290977,1,1,001000888751,,,,,,,,,,,,,,,,,,,,,,,,
100,000312290978,1,1,001000918083,,,,,,,,,,,,,,,,,,,,,,,,
100,000312290979,1,1,001000890339,,,,,,,,,,,,,,,,,,,,,,,,
100,000312290980,1,1,001000908282,,,,,,,,,,,,,,,,,,,,,,,,
100,000312290981,1,1,001000889761,,,,,,,,,,,,,,,,,,,,,,,,
100,000312290982,1,1,001000916892,,,,,,,,,,,,,,,,,,,,,,,,
100,000312290983,1,1,001000893460,,,,,,,,,,,,,,,,,,,,,,,,
100,000312290984,1,1,001000908832,,,,,,,,,,,,,,,,,,,,,,,,
100,000312290985,1,1,001000928456,,,,,,,,,,,,,,,,,,,,,,,,
100,000312290986,1,1,001000890889,,,,,,,,,,,,,,,,,,,,,,,,
100,000312290987,1,1,001000890190,,,,,,,,,,,,,,,,,,,,,,,,
100,000312290988,1,1,001000887391,,,,,,,,,,,,,,,,,,,,,,,,
100,000312290989,1,1,001000907630,,,,,,,,,,,,,,,,,,,,,,,,
100,000312290990,1,1,001000942574,,,,,,,,,,,,,,,,,,,,,,,,
100,000312290991,1,1,001000962926,,,,,,,,,,,,,,,,,,,,,,,,
100,000312290992,1,1,001000926996,,,,,,,,,,,,,,,,,,,,,,,,
100,000312290993,1,1,001001016340,,,,,,,,,,,,,,,,,,,,,,,,
100,000312291501,2,1,,,,,,,,,,,,,,,,,#FAILURE-GB,12-08-2021,#FAILURE-GB,,,,12-08-2021,13:59:14,NHS000205
100,000312295769,1,1,001000962938,,,,,,,,,,,,,,,,,,,,,,,,
100,000312296602,1,1,,,,,,,,,,,,,,,,,,,,,,,10-08-2021,11:46:19,NHSITRS04
100,000312298039,1,1,001000899549,,,,,,,,,,,,,,,,,,,,,,,,
100,000312300345,1,1,001000916197,,,,,,,,,,,,,,,,,,,,,,,,
100,000312300359,1,1,001000905616,,,,,,,,,,,,,,,,,,,,,,,,
100,000312302615,1,1,001000905126,,,,,,,,,,,,,,,,,,,,,,,,
100,000312302616,1,1,001000905127,,,,,,,,,,,,,,,,,,,,,,,,
100,000312302617,1,1,001000905252,,,,,,,,,,,,,,,,,,,,,,,,
100,000312302618,1,1,001000908290,,,,,,,,,,,,,,,,,,,,,,,,
100,000312312621,1,1,001000906378,,,,,,,,,,,,,,,,,,,,,,,,
100,000312313385,1,1,001000896383,,,,,,,,,,,,,,,,,,,,,,,,
100,000312313386,1,1,001000912604,,,,,,,,,,,,,,,,,,,,,,,,
100,000312313387,1,1,001000991305,,,,,,,,,,,,,,,,,,,,,,,,
100,000312317721,1,1,,,,,,,,,,,,,,,,,,,,,,,27-08-2021,12:06:20,NHSITRS02
100,000312317932,1,1,001000901389,,,,,,,,,,,,,,,,,,,,,,,,
100,000312322944,1,1,001000930248,,,,,,,,,,,,,,,,,,,,,,,,
100,000312322945,1,1,001000930249,,,,,,,,,,,,,,,,,,,,,,,,
100,000312322946,1,1,001000906459,,,,,,,,,,,,,,,,,,,,,,,,
100,000312322947,1,1,001000907624,,,,,,,,,,,,,,,,,,,,,,,,
100,000312322948,1,1,001000916480,,,,,,,,,,,,,,,,,,,,,,,,
100,000312322949,1,1,001000900392,,,,,,,,,,,,,,,,,,,,,,,,
100,000312323540,1,1,001000906461,,,,,,,,,,,,,,,,,,,,,,,,
100,000312325927,1,1,001000991260,,,,,,,,,,,,,,,,,,,,,,,,
100,000312325928,1,1,001000914828,,,,,,,,,,,,,,,,,,,,,,,,
100,000312328436,1,1,001000909388,,,,,,,,,,,,,,,,,,,,,,,,
100,000312328437,1,1,001000907235,,,,,,,,,,,,,,,,,,,,,,,,
100,000312331073,1,1,001000907913,,,,,,,,,,,,,,,,,,,,,,,,
100,000312334540,15,1,001000911359,,,,,,,,,,,,,,,,,,,,,,,,
100,000312336809,1,1,001000908092,,,,,,,,,,,,,,,,,,,,,,,,
100,000312336950,2,1,001000938208,,,,,,,,,,,,,,,,,,,,,,,,
100,000312336950,4,1,001000995728,,,,,,,,,,,,,,,,,,,,,,,,
100,000312338225,1,1,001000955390,,,,,,,,,,,,,,,,,,,,,,,,
100,000312338225,2,1,001001248709,,,,,,,,,,,,,,,,,,,,,,,,
100,000312338626,1,1,001000945233,,,,,,,,,,,,,,,,,,,,,,,,
100,000312338627,1,1,001000901984,,,,,,,,,,,,,,,,,,,,,,,,
100,000312339983,1,1,001000909152,,,,,,,,,,,,,,,,,,,,,,,,
100,000312340029,1,1,001000907604,,,,,,,,,,,,,,,,,,,,,,,,
100,000312341783,1,1,001000909178,,,,,,,,,,,,,,,,,,,,,,,,
100,000312341784,1,1,001000926721,,,,,,,,,,,,,,,,,,,,,,,,
100,000312341785,1,1,001000903273,,,,,,,,,,,,,,,,,,,,,,,,
100,000312341786,1,1,001001085311,,,,,,,,,,,,,,,,,,,,,,,,
100,000312343153,1,1,001000907276,,,,,,,,,,,,,,,,,,,,,,,,
100,000312343572,1,1,001000907599,,,,,,,,,,,,,,,,,,,,,,,,
100,000312345339,1,1,001000906164,,,,,,,,,,,,,,,,,,,,,,,,
100,000312345340,1,1,001000918112,,,,,,,,,,,,,,,,,,,,,,,,
100,000312345341,1,1,001001085316,,,,,,,,,,,,,,,,,,,,,,,,
100,000312345342,1,1,001000907681,,,,,,,,,,,,,,,,,,,,,,,,
100,000312345343,1,1,001000907659,,,,,,,,,,,,,,,,,,,,,,,,
100,000312345344,1,1,001000905113,,,,,,,,,,,,,,,,,,,,,,,,
100,000312345345,1,1,001000907709,,,,,,,,,,,,,,,,,,,,,,,,
100,000312345644,1,1,001000905489,,,,,,,,,,,,,,,,,,,,,,,,
100,000312347328,1,1,001000908090,,,,,,,,,,,,,,,,,,,,,,,,
100,000312349997,1,1,001000908089,,,,,,Bulk Shipment,21-10-2021,,,,,,,,,,,Bulk Shipment,X,5,,21-10-2021,07:26:06,NHS000448
100,000312350911,1,1,001000929780,,,,,,,,,,,,,,,,,,,,,,,,
100,000312350912,1,1,001000929777,,,,,,,,,,,,,,,,,,,,,,,,
100,000312350913,1,1,001000929783,,,,,,,,,,,,,,,,,,,,,,,,
100,000312350914,1,1,001000929787,,,,,,,,,,,,,,,,,,,,,,,,
100,000312350915,1,1,001000929788,,,,,,,,,,,,,,,,,,,,,,,,
100,000312350916,1,1,001000929784,,,,,,,,,,,,,,,,,,,,,,,,
100,000312350917,1,1,001000915397,,,,,,,,,,,,,,,,,,,,,,,,
100,000312350918,1,1,001000914884,,,,,,,,,,,,,,,,,,,,,,,,
100,000312350919,1,1,001000905940,,,,,,,,,,,,,,,,,,,,,,,,
100,000312350920,1,1,001000907515,,,,,,,,,,,,,,,,,,,,,,,,
100,000312350921,1,1,001000905935,,,,,,,,,,,,,,,,,,,,,,,,
100,000312350922,1,1,001000915402,,,,,,,,,,,,,,,,,,,,,,,,
100,000312350923,1,1,001000913047,,,,,,,,,,,,,,,,,,,,,,,,
100,000312350924,1,1,001000912937,,,,,,,,,,,,,,,,,,,,,,,,
100,000312350925,1,1,001000915399,,,,,,,,,,,,,,,,,,,,,,,,
100,000312351816,1,1,001000916443,,,,,,"in Klärung, Laboruntersuchung",18-10-2021,,,,,,,,,,,"in Klärung, Laboruntersuchung",,5,,18-10-2021,09:38:23,NHS000093
100,000312354229,2,1,001000915279,,,,,,,,,,,,,,,,,,,,,,,,
100,000312355174,1,1,001000912425,,,,,,,,,,,,,,,,,,,,,,,,
100,000312355195,1,1,001000912427,,,,,,,,,,,,,,,,,,,,,,,,
100,000312357319,1,1,001000927412,,,,,,,,,,,,,,,,,,,,,,,,
100,000312357320,1,1,001000918538,,,,,,,,,,,,,,,,,,,,,,,,
100,000312357902,1,1,001000938579,,,,,,,,,,,,,,,,,,,,,,,,
100,000312357912,1,1,001000937955,,,,,,,,,,,,,,,,,,,,,,,,
100,000312357916,1,1,001000938585,,,,,,,,,,,,,,,,,,,,,,,,
100,000312357917,1,1,001000935894,,,,,,,,,,,,,,,,,,,,,,,,
100,000312357928,1,1,001000935893,,,,,,,,,,,,,,,,,,,,,,,,
100,000312357944,1,1,001000938584,,,,,,,,,,,,,,,,,,,,,,,,
100,000312357952,1,1,001000937985,,,,,,,,,,,,,,,,,,,,,,,,
100,000312357956,1,1,001000937960,,,,,,,,,,,,,,,,,,,,,,,,
100,000312357964,1,1,001000938586,,,,,,,,,,,,,,,,,,,,,,,,
100,000312357989,1,1,001000937964,,,,,,,,,,,,,,,,,,,,,,,,
100,000312357994,1,1,001000937978,,,,,,,,,,,,,,,,,,,,,,,,
100,000312357997,1,1,001000936901,,,,,,,,,,,,,,,,,,,,,,,,
100,000312357999,1,1,001000936916,,,,,,,,,,,,,,,,,,,,,,,,
100,000312359801,1,1,001000937207,,,,,,,,,,,,,,,,,,,,,,,,
100,000312359802,1,1,001000937210,,,,,,,,,,,,,,,,,,,,,,,,
100,000312359803,1,1,001000935891,,,,,,,,,,,,,,,,,,,,,,,,
100,000312359810,1,1,001000938587,,,,,,,,,,,,,,,,,,,,,,,,
100,000312360245,1,1,001000916002,,,,,,,,,,,,,,,,,,,,,,,,
100,000312365287,1,1,001000921845,,,,,,,,,,,,,,,,,,,,,,,,
100,000312366240,1,1,001000924300,,,,,,,,,,,,,,,,,,,,,,,,
100,000312367965,1,1,001000922950,,,,,,,,,,,,,,,,,,,,,,,,
100,000312375984,1,1,001000923894,,,,,,,,,,,,,,,,,,,,,,,,
100,000312377154,1,1,001000938583,,,,,,,,,,,,,,,,,,,,,,,,
100,000312378923,1,1,001000914858,,,,,,,,,,,,,,,,,,,,,,,,
100,000312378925,1,1,001000913165,,,,,,,,,,,,,,,,,,,,,,,,
100,000312378926,1,1,001000913116,,,,,,,,,,,,,,,,,,,,,,,,
100,000312378929,1,1,001000916424,,,,,,,,,,,,,,,,,,,,,,,,
100,000312378931,1,1,001000913118,,,,,,,,,,,,,,,,,,,,,,,,
100,000312378932,1,1,001000913201,,,,,,,,,,,,,,,,,,,,,,,,
100,000312388905,1,1,001000915182,,,,,,,,,,,,,,,,,,,,,,,,
100,000312398952,1,1,001000933109,,,,,,,,,,,,,,,,,,,,,,,,
100,000312402848,1,1,001000923136,,,,,,,,,,,,,,,,,,,,,,,,
100,000312403969,1,1,001000928983,,,,,,,,,,,,,,,,,,,,,,,,
100,000312404903,1,1,,,,,,,,,,,,,,,,,,,,,,,21-10-2021,09:09:04,NHSITRS01
100,000312407396,1,1,001000939709,,,,,,,,,,,,,,,,,,,,,,,,
100,000312407397,1,1,001000923807,,,,,,,,,,,,,,,,,,,,,,,,
100,000312407398,1,1,001000939707,,,,,,,,,,,,,,,,,,,,,,,,
100,000312407399,1,1,001000933103,,,,,,,,,,,,,,,,,,,,,,,,
100,000312407400,1,1,001000974553,,,,,,,,,,,,,,,,,,,,,,,,
100,000312407401,1,1,001000937657,,,,,,,,,,,,,,,,,,,,,,,,
100,000312414569,10,1,001000923785,,,,,,,,,,,,,,,,,,,,,,,,
100,000312417414,1,1,001000925000,,,,,,TD Entwicklung BGR bei Herr Krüger,08-11-2021,,,,,,,,,,,TD Entwicklung BGR bei Herr Krüger,,3,,08-11-2021,13:02:24,NHS000093
100,000312419014,1,1,001000936275,,,,,,Physical Repair,06-12-2021,,,,,,,,,,,Physical Repair,,4,,06-12-2021,13:13:25,NHS000448
100,000312427455,1,1,001000939701,,,,,,,,,,,,,,,,,,,,,,,,
100,000312427458,1,1,001000939705,,,,,,,,,,,,,,,,,,,,,,,,
100,000312427815,1,1,001000950217,"CW 00,0000",,13-01-2022,"CW 00,0000",,Bulk Shipment,13-01-2022,,,,,,,,,,,Bulk Shipment,,4,,13-01-2022,10:12:43,ALEREMOTE
100,000312440397,1,1,001000943121,,,,,,,,,,,,,,,,,,,,,,,,
100,000312440398,1,1,001000978519,,,,,,,,,,,,,,,,,,,,,,,,
100,000312440399,1,1,001000928284,,,,,,,,,,,,,,,,,,,,,,,,
100,000312441398,1,1,001000935054,,,,,,,,,,,,,,,,,,,,,,,,
100,000312441408,1,1,001000944003,,,,,,,,,,,,,,,,,,,,,,,,
100,000312441417,1,1,001000935046,,,,,,,,,,,,,,,,,,,,,,,,
100,000312441418,1,1,001000935083,,,,,,,,,,,,,,,,,,,,,,,,
100,000312441420,1,1,001000944970,,,,,,,,,,,,,,,,,,,,,,,,
100,000312441430,1,1,001000939002,,,,,,,,,,,,,,,,,,,,,,,,
100,000312441431,1,1,001000933812,,,,,,,,,,,,,,,,,,,,,,,,
100,000312441436,1,1,001000941979,,,,,,,,,,,,,,,,,,,,,,,,
100,000312441437,1,1,001000935915,,,,,,,,,,,,,,,,,,,,,,,,
100,000312441917,1,1,001000942473,,,,,,,,,,,,,,,,,,,,,,,,
100,000312441918,1,1,001000933808,,,,,,,,,,,,,,,,,,,,,,,,
100,000312441919,1,1,001000935620,,,,,,,,,,,,,,,,,,,,,,,,
100,000312441920,1,1,001000947783,,,,,,,,,,,,,,,,,,,,,,,,
100,000312441921,1,1,001000932883,,,,,,,,,,,,,,,,,,,,,,,,
100,000312441922,1,1,001000932751,,,,,,,,,,,,,,,,,,,,,,,,
100,000312441923,1,1,001000941983,,,,,,,,,,,,,,,,,,,,,,,,
100,000312441924,1,1,001000932756,,,,,,,,,,,,,,,,,,,,,,,,
100,000312441925,1,1,001000935643,,,,,,,,,,,,,,,,,,,,,,,,
100,000312441926,1,1,001000958273,,,,,,,,,,,,,,,,,,,,,,,,
100,000312441927,1,1,001000944004,,,,,,,,,,,,,,,,,,,,,,,,
100,000312441928,1,1,001000947595,,,,,,,,,,,,,,,,,,,,,,,,
100,000312441929,1,1,001000948221,,,,,,,,,,,,,,,,,,,,,,,,
100,000312441930,1,1,001000942155,,,,,,,,,,,,,,,,,,,,,,,,
100,000312441931,1,1,001000937115,,,,,,,,,,,,,,,,,,,,,,,,
100,000312441932,1,1,001000938405,,,,,,,,,,,,,,,,,,,,,,,,
100,000312441933,1,1,001000935618,,,,,,,,,,,,,,,,,,,,,,,,
100,000312441934,1,1,001000942481,,,,,,,,,,,,,,,,,,,,,,,,
100,000312441935,1,1,001000938407,,,,,,,,,,,,,,,,,,,,,,,,
100,000312441936,1,1,001000943125,,,,,,,,,,,,,,,,,,,,,,,,
100,000312441937,1,1,001000948223,,,,,,,,,,,,,,,,,,,,,,,,
100,000312441938,1,1,001000938292,,,,,,,,,,,,,,,,,,,,,,,,
100,000312441939,1,1,001000948219,,,,,,,,,,,,,,,,,,,,,,,,
100,000312441940,1,1,001000947781,,,,,,,,,,,,,,,,,,,,,,,,
100,000312441941,1,1,001000942150,,,,,,,,,,,,,,,,,,,,,,,,
100,000312441942,1,1,001000958272,,,,,,,,,,,,,,,,,,,,,,,,
100,000312442185,1,1,,,,,,,,,,,,,,,,,,,,,,,16-11-2021,10:03:08,NHSITRS01
100,000312442241,1,1,,,,,,,,,,,,,,,,,,,,,,,16-11-2021,10:45:20,NHSITRS01
100,000312442256,1,1,,,,,,,,,,,,,,,,,,,,,,,16-11-2021,10:55:45,NHSITRS02
100,000312442587,1,1,001000950210,"CW 00,0000",,13-01-2022,"CW 00,0000",,Bottleneck at Test Bench,13-01-2022,,,,,,,,,,,Bottleneck at Test Bench,,4,,13-01-2022,10:10:34,ALEREMOTE
100,000312442593,1,1,001000950216,"CW 00,0000",,13-01-2022,"CW 00,0000",,Bottleneck at Test Bench,13-01-2022,,,,,,,,,,,Bottleneck at Test Bench,,4,,13-01-2022,10:12:30,ALEREMOTE
100,000312442598,1,1,001000950208,"CW 00,0000",,13-01-2022,"CW 00,0000",,Bottleneck at Test Bench,13-01-2022,,,,,,,,,,,Bottleneck at Test Bench,,4,,13-01-2022,10:10:28,ALEREMOTE
100,000312442607,1,1,001000950213,"CW 00,0000",,13-01-2022,"CW 00,0000",,Bottleneck at Test Bench,13-01-2022,,,,,,,,,,,Bottleneck at Test Bench,,4,,13-01-2022,10:11:40,ALEREMOTE
100,000312442608,1,1,001000950214,,,,,,Physical Repair,13-01-2022,,,,,,,,,,,Physical Repair,,4,,13-01-2022,10:12:12,ALEREMOTE
100,000312442615,1,1,001000950212,"CW 00,0000",,13-01-2022,"CW 00,0000",,Bottleneck at Test Bench,13-01-2022,,,,,,,,,,,Bottleneck at Test Bench,,4,,13-01-2022,10:11:08,ALEREMOTE
100,000312443265,1,1,001000933819,,,,,,,,,,,,,,,,,,,,,,,,
100,000312443272,1,1,001000938253,,,,,,,,,,,,,,,,,,,,,,,,
100,000312443280,1,1,001000935641,,,,,,,,,,,,,,,,,,,,,,,,
100,000312443284,1,1,001000944962,,,,,,,,,,,,,,,,,,,,,,,,
100,000312443304,1,1,001000933821,,,,,,,,,,,,,,,,,,,,,,,,
100,000312443305,1,1,001000932577,,,,,,,,,,,,,,,,,,,,,,,,
100,000312443310,1,1,001000937121,,,,,,,,,,,,,,,,,,,,,,,,
100,000312443311,1,1,001000937120,,,,,,,,,,,,,,,,,,,,,,,,
100,000312443312,1,1,001000935616,,,,,,,,,,,,,,,,,,,,,,,,
100,000312443313,1,1,001000935614,,,,,,,,,,,,,,,,,,,,,,,,
100,000312443314,1,1,001000935053,,,,,,,,,,,,,,,,,,,,,,,,
100,000312443315,1,1,001000931984,,,,,,,,,,,,,,,,,,,,,,,,
100,000312443316,1,1,001000935077,,,,,,,,,,,,,,,,,,,,,,,,
100,000312443317,1,1,001000943815,,,,,,,,,,,,,,,,,,,,,,,,
100,000312443318,1,1,001000932007,,,,,,,,,,,,,,,,,,,,,,,,
100,000312443344,1,1,001000932015,,,,,,,,,,,,,,,,,,,,,,,,
100,000312444408,1,1,001000941585,,,,,,,,,,,,,,,,,,,,,,,,
100,000312445296,1,1,001000942480,,,,,,,,,,,,,,,,,,,,,,,,
100,000312445305,1,1,001000932011,,,,,,,,,,,,,,,,,,,,,,,,
100,000312445324,1,1,001000955721,,,,,,,,,,,,,,,,,,,,,,,,
100,000312445337,1,1,001000929904,,,,,,,,,,,,,,,,,,,,,,,,
100,000312445338,1,1,001000929905,,,,,,,,,,,,,,,,,,,,,,,,
100,000312445339,1,1,001000929911,,,,,,,,,,,,,,,,,,,,,,,,
100,000312445345,1,1,001000929906,,,,,,,,,,,,,,,,,,,,,,,,
100,000312445689,1,1,001000941122,,,,,,,,,,,,,,,,,,,,,,,,
100,000312445690,1,1,001000929282,,,,,,,,,,,,,,,,,,,,,,,,
100,000312445691,1,1,001000934688,,,,,,,,,,,,,,,,,,,,,,,,
100,000312445692,1,1,001000934686,,,,,,,,,,,,,,,,,,,,,,,,
100,000312445693,1,1,001000955722,,,,,,,,,,,,,,,,,,,,,,,,
100,000312447431,1,1,001000935914,,,,,,,,,,,,,,,,,,,,,,,,
100,000312447434,1,1,001000954559,,,,,,,,,,,,,,,,,,,,,,,,
100,000312447438,1,1,001000938329,,,,,,,,,,,,,,,,,,,,,,,,
100,000312447459,1,1,001000947607,,,,,,,,,,,,,,,,,,,,,,,,
100,000312447460,1,1,001000938339,,,,,,,,,,,,,,,,,,,,,,,,
100,000312447467,1,1,001000931977,,,,,,,,,,,,,,,,,,,,,,,,
100,000312447491,1,1,001000932572,,,,,,,,,,,,,,,,,,,,,,,,
100,000312449082,1,1,001000941123,,,,,,,,,,,,,,,,,,,,,,,,
100,000312449094,1,1,001000944964,,,,,,,,,,,,,,,,,,,,,,,,
100,000312449963,1,1,001000934044,,,,,,,,,,,,,,,,,,,,,,,,
100,000312450155,1,1,001000942954,,,,,,,,,,,,,,,,,,,,,,,,
100,000312450156,1,1,001000973746,,,,,,,,,,,,,,,,,,,,,,,,
100,000312450157,1,1,001000936672,,,,,,,,,,,,,,,,,,,,,,,,
100,000312450158,1,1,001000973743,,,,,,,,,,,,,,,,,,,,,,,,
100,000312450159,1,1,001000999073,,,,,,,,,,,,,,,,,,,,,,,,
100,000312450160,1,1,001000930663,,,,,,,,,,,,,,,,,,,,,,,,
100,000312450161,1,1,001000930670,,,,,,,,,,,,,,,,,,,,,,,,
100,000312450162,1,1,001000943077,,,,,,,,,,,,,,,,,,,,,,,,
100,000312452642,1,1,001000959319,,,,,,,,,,,,,,,,,,,,,,,,
100,000312457745,1,1,001000959326,,,,,,,,,,,,,,,,,,,,,,,,
100,000312462677,1,1,001000941500,,,,,,,,,,,,,,,,,,,,,,,,
100,000312462678,1,1,001000955484,,,,,,,,,,,,,,,,,,,,,,,,
100,000312462679,1,1,001000939032,,,,,,,,,,,,,,,,,,,,,,,,
100,000312462680,1,1,001000941480,,,,,,,,,,,,,,,,,,,,,,,,
100,000312462681,1,1,001001017092,,,,,,,,,,,,,,,,,,,,,,,,
100,000312462682,1,1,001000939995,,,,,,,,,,,,,,,,,,,,,,,,
100,000312462683,1,1,001000939036,,,,,,,,,,,,,,,,,,,,,,,,
100,000312462684,1,1,001000934738,,,,,,,,,,,,,,,,,,,,,,,,
100,000312468834,1,1,001000947970,,,,,,,,,,,,,,,,,,,,,,,,
100,000312468835,1,1,001000942788,,,,,,,,,,,,,,,,,,,,,,,,
100,000312468836,1,1,001000950654,,,,,,,,,,,,,,,,,,,,,,,,
100,000312468837,1,1,001000943371,,,,,,,,,,,,,,,,,,,,,,,,
100,000312468838,1,1,001000942858,,,,,,,,,,,,,,,,,,,,,,,,
100,000312468839,1,1,001000943256,,,,,,,,,,,,,,,,,,,,,,,,
100,000312468840,1,1,001001060414,,,,,,,,,,,,,,,,,,,,,,,,
100,000312468841,1,1,001000959559,,,,,,,,,,,,,,,,,,,,,,,,
100,000312488208,1,1,001001008431,,,,,,,,,,,,,,,,,,,,,,,,
100,000312488250,1,1,001000951794,,,,,,,,,,,,,,,,,,,,,,,,
100,000312492524,1,1,001000948350,,,,,,,,,,,,,,,,,,,,,,,,
100,000312494731,1,1,001000949431,,,,,,,,,,,,,,,,,,,,,,,,
100,000312495006,1,1,001000956849,,,,,,,,,,,,,,,,,,,,,,,,
100,000312498986,1,1,001000969176,,,,,,,,,,,,,,,,,,,,,,,,
100,000312503397,1,1,001000951785,,,,,,,,,,,,,,,,,,,,,,,,
100,000312508102,1,1,001000952609,,,,,,,,,,,,,,,,,,,,,,,,
100,000312508103,1,1,001000952610,,,,,,,,,,,,,,,,,,,,,,,,
100,000312508104,1,1,001000949486,,,,,,,,,,,,,,,,,,,,,,,,
100,000312508105,1,1,001000952641,,,,,,,,,,,,,,,,,,,,,,,,
100,000312508106,1,1,001000952619,,,,,,,,,,,,,,,,,,,,,,,,
100,000312508107,1,1,001001120127,,,,,,,,,,,,,,,,,,,,,,,,
100,000312508108,1,1,001000959371,,,,,,,,,,,,,,,,,,,,,,,,
100,000312508109,1,1,001000996131,,,,,,,,,,,,,,,,,,,,,,,,
100,000312511086,1,1,001000952797,"CW 52,2022",31-12-2022,19-01-2022,"CW 52,2022",,Bulk Shipment,19-01-2022,,,,,,,,,,,Bulk Shipment,,5,,19-01-2022,10:13:29,NHS000448
100,000312512444,1,1,001000955320,,,,,,,,,,,,,,DPL ENERO_2022 24/01/2022,25-01-2022,,,DPL ENERO_2022 24/01/2022,,,,25-01-2022,10:24:03,NHSESLO01
100,000312512825,1,1,001000959307,,,,,,,,,,,,,,,,,,,,,,,,
100,000312512826,1,1,001000952170,,,,,,,,,,,,,,,,,,,,,,,,
100,000312512827,1,1,001000953846,,,,,,,,,,,,,,,,,,,,,,,,
100,000312512828,1,1,001000962348,,,,,,,,,,,,,,,,,,,,,,,,
100,000312514915,1,1,001000957953,,,,,,,,,,,,,,,,,,,,,,,,
100,000312519796,1,1,001000953833,,,,,,,,,,,,,,,,,,,,,,,,
100,000312519797,1,1,001000959315,,,,,,,,,,,,,,,,,,,,,,,,
100,000312519798,1,1,001001007083,,,,,,,,,,,,,,,,,,,,,,,,
100,000312526355,1,1,001000957314,"CW 52,2022",31-12-2022,31-01-2022,"CW 52,2022",,Bulk Shipment,31-01-2022,,,,,,,,,,,Bulk Shipment,,4,,31-01-2022,07:39:54,NHS000448
100,000312529173,1,1,001000989980,,,,,,,,,,,,,,,,,,,,,,,,
100,000312529313,1,1,001000964267,,,,,,,,,,,,,,,,,,,,,,,,
100,000312530653,1,1,001000999126,,,,,,,,,,,,,,,,,,,,,,,,
100,000312530654,1,1,001000999911,,,,,,,,,,,,,,,,,,,,,,,,
100,000312530655,1,1,001000959416,,,,,,,,,,,,,,,,,,,,,,,,
100,000312530656,1,1,001000960205,,,,,,,,,,,,,,,,,,,,,,,,
100,000312530657,1,1,001000971916,,,,,,,,,,,,,,,,,,,,,,,,
100,000312530658,1,1,001001057041,,,,,,,,,,,,,,,,,,,,,,,,
100,000312530663,1,1,001000957231,,,,,,,,,,,,,,,,,,,,,,,,
100,000312530664,1,1,001000958821,,,,,,,,,,,,,,,,,,,,,,,,
100,000312530665,1,1,001000957149,,,,,,,,,,,,,,,,,,,,,,,,
100,000312530666,1,1,001000999130,,,,,,,,,,,,,,,,,,,,,,,,
100,000312533734,4,1,001000971132,,,,,,,,,,,,,,,,,,,,,,,,
100,000312541562,15,1,001000966525,,,,,,,,,,,,,,,,,,,,,,,,
100,000312550574,1,1,001000975589,,,,,,,,,,,,,,,,,,,,,,,,
100,000312551528,1,1,001001004344,,,,,,,,,,,,,,,,,,,,,,,,
100,000312552519,1,1,001000976787,"CW 00,0000",,16-03-2022,"CW 00,0000",,Bulk Shipment,16-03-2022,,,,,,,,,,,Bulk Shipment,,4,,16-03-2022,05:45:51,NHS_BATCH
100,000312553019,1,1,001000975590,,,,,,,,,,,,,,,,,,,,,,,,
100,000312553876,1,1,001000999132,,,,,,,,,,,,,,,,,,,,,,,,
100,000312553888,1,1,001000966777,,,,,,,,,,,,,,,,,,,,,,,,
100,000312553889,1,1,001000971747,,,,,,,,,,,,,,,,,,,,,,,,
100,000312553890,1,1,001000999856,,,,,,,,,,,,,,,,,,,,,,,,
100,000312553892,1,1,001000971496,,,,,,,,,,,,,,,,,,,,,,,,
100,000312553893,1,1,001000980597,,,,,,,,,,,,,,,,,,,,,,,,
100,000312553894,1,1,001000965590,,,,,,,,,,,,,,,,,,,,,,,,
100,000312553896,1,1,001000971514,,,,,,,,,,,,,,,,,,,,,,,,
100,000312553897,1,1,001000969087,,,,,,,,,,,,,,,,,,,,,,,,
100,000312553898,1,1,001000975362,,,,,,,,,,,,,,,,,,,,,,,,
100,000312553900,1,1,001000977038,,,,,,,,,,,,,,,,,,,,,,,,
100,000312563905,1,1,001000967324,,,,,,,,,,,,,,,,,,,,,,,,
100,000312563906,1,1,001001018488,,,,,,,,,,,,,,,,,,,,,,,,
100,000312563907,1,1,001000974061,,,,,,,,,,,,,,,,,,,,,,,,
100,000312563908,1,1,001000967807,,,,,,,,,,,,,,,,,,,,,,,,
100,000312563909,1,1,001000974059,,,,,,,,,,,,,,,,,,,,,,,,
100,000312563910,1,1,001000971497,,,,,,,,,,,,,,,,,,,,,,,,
100,000312563911,1,1,001000998593,,,,,,,,,,,,,,,,,,,,,,,,
100,000312563912,1,1,001001016460,,,,,,,,,,,,,,,,,,,,,,,,
100,000312563913,1,1,001001028915,,,,,,,,,,,,,,,,,,,,,,,,
100,000312563914,1,1,001001076920,,,,,,,,,,,,,,,,,,,,,,,,
100,000312563915,1,1,001001018491,,,,,,,,,,,,,,,,,,,,,,,,
100,000312563916,1,1,001000971505,,,,,,,,,,,,,,,,,,,,,,,,
100,000312564903,1,1,001000993574,,,,,,,,,,,,,,,,,,,,,,,,
100,000312565612,1,1,001000975435,,,,,,,,,,,,,,,,,,,,,,,,
100,000312566349,1,1,001000977511,,,,,,,,,,,,,,,,,,,,,,,,
100,000312566350,1,1,001000977508,,,,,,,,,,,,,,,,,,,,,,,,
100,000312566423,1,1,001000977257,,,,,,,,,,,,,,,,,,,,,,,,
100,000312566439,1,1,001000977253,,,,,,,,,,,,,,,,,,,,,,,,
100,000312568186,1,1,001000974222,,,,,,,,,,,,,,,,,,,,,,,,
100,000312569137,1,1,001000997453,,,,,,,,,,,,,,,,,,,,,,,,
100,000312569138,1,1,001000985735,,,,,,,,,,,,,,,,,,,,,,,,
100,000312569139,1,1,001000974495,,,,,,,,,,,,,,,,,,,,,,,,
100,000312569140,1,1,001001016868,,,,,,,,,,,,,,,,,,,,,,,,
100,000312569141,1,1,001000974549,,,,,,,,,,,,,,,,,,,,,,,,
100,000312569142,1,1,001000985963,,,,,,,,,,,,,,,,,,,,,,,,
100,000312569143,1,1,001000969743,,,,,,,,,,,,,,,,,,,,,,,,
100,000312569144,1,1,001000994900,,,,,,,,,,,,,,,,,,,,,,,,
100,000312569145,1,1,001000976908,,,,,,,,,,,,,,,,,,,,,,,,
100,000312571606,1,1,001000978168,,,,,,,,,,,,,,,,,,,,,,,,
100,000312572176,1,1,001000979929,,,,,,,,,,,,,,,,,,,,,,,,
100,000312573411,1,1,001000972043,,,,,,,,,,,,,,,,,,,,,,,,
100,000312573412,1,1,001000974492,,,,,,,,,,,,,,,,,,,,,,,,
100,000312573413,1,1,001001076984,,,,,,,,,,,,,,,,,,,,,,,,
100,000312573414,1,1,001001018755,,,,,,,,,,,,,,,,,,,,,,,,
100,000312573415,1,1,001000982540,,,,,,,,,,,,,,,,,,,,,,,,
100,000312573416,1,1,001000991145,,,,,,,,,,,,,,,,,,,,,,,,
100,000312573417,1,1,001000985694,,,,,,,,,,,,,,,,,,,,,,,,
100,000312573418,1,1,001000985059,,,,,,,,,,,,,,,,,,,,,,,,
100,000312573419,1,1,001000982544,,,,,,,,,,,,,,,,,,,,,,,,
100,000312573420,1,1,001000971286,,,,,,,,,,,,,,,,,,,,,,,,
100,000312576113,1,1,001000978169,,,,,,,,,,,,,,,,,,,,,,,,
100,000312576119,1,1,001000978171,,,,,,,,,,,,,,,,,,,,,,,,
100,000312576123,1,1,001000976555,,,,,,,,,,,,,,,,,,,,,,,,
100,000312576125,1,1,001000976552,,,,,,,,,,,,,,,,,,,,,,,,
100,000312578552,1,1,001000979206,,,,,,,,,,,,,,,,,,,,,,,,
100,000312580153,1,1,001001009540,,,,,,,,,,,,,,,,,,,,,,,,
100,000312580154,1,1,001001078190,,,,,,,,,,,,,,,,,,,,,,,,
100,000312580155,1,1,001000997425,,,,,,,,,,,,,,,,,,,,,,,,
100,000312580156,1,1,001001016795,,,,,,,,,,,,,,,,,,,,,,,,
100,000312580157,1,1,001000974082,,,,,,,,,,,,,,,,,,,,,,,,
100,000312580158,1,1,001000985732,,,,,,,,,,,,,,,,,,,,,,,,
100,000312586853,1,1,001000976918,,,,,,,,,,,,,,DPL MARZO_2022 28/03/2022,29-03-2022,,,DPL MARZO_2022 28/03/2022,,,,29-03-2022,12:22:43,NHSESLO01
100,000312589178,15,1,001000985016,,,,,,,,,,,,,,,,,,,,,,,,
100,000312590445,1,1,001000977333,,,,,,,,,,,,,,,,,,,,,,,,
100,000312590446,1,1,001000977326,,,,,,,,,,,,,,,,,,,,,,,,
100,000312590447,1,1,001001040233,,,,,,,,,,,,,,,,,,,,,,,,
100,000312590448,1,1,001000982622,,,,,,,,,,,,,,,,,,,,,,,,
100,000312590449,1,1,001000977251,,,,,,,,,,,,,,,,,,,,,,,,
100,000312590450,1,1,001000983181,,,,,,,,,,,,,,,,,,,,,,,,
100,000312590451,1,1,001000989227,,,,,,,,,,,,,,,,,,,,,,,,
100,000312590452,1,1,001001248765,,,,,,,,,,,,,,,,,,,,,,,,
100,000312590453,1,1,001000996233,,,,,,,,,,,,,,,,,,,,,,,,
100,000312590454,1,1,001000983178,,,,,,,,,,,,,,,,,,,,,,,,
100,000312590455,1,1,001001003606,,,,,,,,,,,,,,,,,,,,,,,,
100,000312593565,1,1,001000984533,,,,,,,,,,,,,,,,,,,,,,,,
100,000312597737,1,1,001000989209,,,,,,,,,,,,,,,,,,,,,,,,
100,000312597738,1,1,001001016157,,,,,,,,,,,,,,,,,,,,,,,,
100,000312597739,1,1,001000980093,,,,,,,,,,,,,,,,,,,,,,,,
100,000312597740,1,1,001000980072,,,,,,,,,,,,,,,,,,,,,,,,
100,000312597741,1,1,001000980098,,,,,,,,,,,,,,,,,,,,,,,,
100,000312597742,1,1,001001021006,,,,,,,,,,,,,,,,,,,,,,,,
100,000312597743,1,1,001000980769,,,,,,,,,,,,,,,,,,,,,,,,
100,000312597744,1,1,001001078839,,,,,,,,,,,,,,,,,,,,,,,,
100,000312597745,1,1,001000980321,,,,,,,,,,,,,,,,,,,,,,,,
100,000312597746,1,1,001000999193,,,,,,,,,,,,,,,,,,,,,,,,
100,000312597747,1,1,001000989206,,,,,,,,,,,,,,,,,,,,,,,,
100,000312599487,1,1,,,,,,,,,,,,,,,,,,,,,,,23-03-2022,12:26:11,NHSROCARI
100,000312599489,1,1,,,,,,,,,,,,,,,,,,,,,,,23-03-2022,12:26:35,NHSROCARI
100,000312599490,1,1,,,,,,,,,,,,,,,,,,,,,,,23-03-2022,12:27:08,NHSROCARI
100,000312599491,1,1,,,,,,,,,,,,,,,,,,,,,,,23-03-2022,12:27:34,NHSROCARI
100,000312604372,1,1,,,,,,,,,,,,,,,,,,,,,,,28-03-2022,09:32:50,NHSITRS02
100,000312604382,1,1,001000997239,,,,,,,,,,,,,,,,,,,,,,,,
100,000312604390,1,1,,,,,,,,,,,,,,,,,,,,,,,28-03-2022,09:44:05,NHSITRS02
100,000312606411,1,1,001000988327,,,,,,,,,,,,,,,,,,,,,,,,
100,000312610467,1,1,001000995443,,,,,,,,,,,,,,,,,,,,,,,,
100,000312614435,1,1,001000998410,,,,,,,,,,,,,,,,,,,,,,,,
100,000312614438,1,1,001000997366,,,,,,,,,,,,,,,,,,,,,,,,
100,000312614439,1,1,001001004271,,,,,,,,,,,,,,,,,,,,,,,,
100,000312614441,1,1,001000996798,,,,,,,,,,,,,,,,,,,,,,,,
100,000312614442,1,1,001001021791,,,,,,,,,,,,,,,,,,,,,,,,
100,000312614447,1,1,001001028240,,,,,,,,,,,,,,,,,,,,,,,,
100,000312614817,1,1,001001026061,,,,,,,,,,,,,,,,,,,,,,,,
100,000312620529,1,1,001001005593,,,,,,,,,,,,,,,,,,,,,,,,
100,000312621847,1,1,001000996211,,,,,,,,,,,,,,,,,,,,,,,,
100,000312621848,1,1,001000996210,,,,,,,,,,,,,,,,,,,,,,,,
100,000312621849,1,1,001000987934,,,,,,,,,,,,,,,,,,,,,,,,
100,000312621850,1,1,001000987915,,,,,,,,,,,,,,,,,,,,,,,,
100,000312621851,1,1,001000987926,,,,,,,,,,,,,,,,,,,,,,,,
100,000312621852,1,1,001000987993,,,,,,,,,,,,,,,,,,,,,,,,
100,000312621853,1,1,001000997356,,,,,,,,,,,,,,,,,,,,,,,,
100,000312621854,1,1,001000993387,,,,,,,,,,,,,,,,,,,,,,,,
100,000312621855,1,1,001000987952,,,,,,,,,,,,,,,,,,,,,,,,
100,000312621856,1,1,001000997368,,,,,,,,,,,,,,,,,,,,,,,,
100,000312621857,1,1,001000987950,,,,,,,,,,,,,,,,,,,,,,,,
100,000312624443,1,1,001000996373,,,,,,,,,,,,,,,,,,,,,,,,
100,000312629179,1,1,001001003958,,,,,,,,,,,,,,,,,,,,,,,,
100,000312629180,1,1,001000996809,,,,,,,,,,,,,,,,,,,,,,,,
100,000312629181,1,1,001001001302,,,,,,,,,,,,,,,,,,,,,,,,
100,000312629182,1,1,001001016852,,,,,,,,,,,,,,,,,,,,,,,,
100,000312629183,1,1,001000992594,,,,,,,,,,,,,,,,,,,,,,,,
100,000312629184,1,1,001001034583,,,,,,,,,,,,,,,,,,,,,,,,
100,000312629185,1,1,001000992585,,,,,,,,,,,,,,,,,,,,,,,,
100,000312632217,1,1,001000996927,,,,,,,,,,,,,,,,,,,,,,,,
100,000312632269,1,1,001000998101,,,,,,,,,,,,,,,,,,,,,,,,
100,000312632273,1,1,001001000537,,,,,,BG in RS Oberle,13-05-2022,,,,,,,,,,,BG in RS Oberle,,,,13-05-2022,11:03:30,NHS000064
100,000312633075,1,1,001000994002,,,,,,,,,,,,,,,,,,,,,,,,
100,000312636912,1,1,001000997325,,,,,,,,,,,,,,,,,,,,,,,,
100,000312636914,1,1,001001104285,,,,,,,,,,,,,,,,,,,,,,,,
100,000312636915,1,1,001000997360,,,,,,,,,,,,,,,,,,,,,,,,
100,000312636916,1,1,001001008201,,,,,,,,,,,,,,,,,,,,,,,,
100,000312636917,1,1,001001006758,,,,,,,,,,,,,,,,,,,,,,,,
100,000312636918,1,1,001001008790,,,,,,,,,,,,,,,,,,,,,,,,
100,000312636922,1,1,001000997364,,,,,,,,,,,,,,,,,,,,,,,,
100,000312637188,1,1,001001006197,,,,,,,,,,,,,,,,,,,,,,,,
100,000312641469,1,1,001000996664,,,,,,Physical Repair 05.05.22,05-05-2022,,,,,,,,,,,Physical Repair 05.05.22,,,,05-05-2022,10:25:28,NHS000440
100,000312643290,1,1,001001001953,,,,,,,,,,,,,,,,,,,,,,,,
100,000312643291,1,1,001001001739,,,,,,,,,,,,,,,,,,,,,,,,
100,000312643296,1,1,001001001809,,,,,,,,,,,,,,,,,,,,,,,,
100,000312644539,1,1,001001004313,,,,,,,,,,,,,,,,,,,,,,,,
100,000312644814,1,1,001000997287,,,,,,Physical Repair 06.05.22,06-05-2022,,,,,,,,,,,Physical Repair 06.05.22,,,,06-05-2022,10:17:47,NHS000440
100,000312646058,1,1,001001003638,,,,,,,,,,,,,,,,,,,,,,,,
100,000312647227,1,1,001000997396,,,,,,,,,,,,,,,,,,,,,,,,
100,000312647229,1,1,001000996801,,,,,,,,,,,,,,,,,,,,,,,,
100,000312647230,1,1,001000996105,,,,,,,,,,,,,,,,,,,,,,,,
100,000312647231,1,1,001001122063,,,,,,,,,,,,,,,,,,,,,,,,
100,000312647232,1,1,001001093583,,,,,,,,,,,,,,,,,,,,,,,,
100,000312647233,1,1,001000995313,,,,,,,,,,,,,,,,,,,,,,,,
100,000312647234,1,1,001000995315,,,,,,,,,,,,,,,,,,,,,,,,
100,000312647235,1,1,001000995607,,,,,,,,,,,,,,,,,,,,,,,,
100,000312647236,1,1,001000996095,,,,,,,,,,,,,,,,,,,,,,,,
100,000312650321,1,1,001001019723,,,,,,,,,,,,,,,,,,,,,,,,
100,000312652438,1,1,001001010797,,,,,,,,,,,,,,,,,,,,,,,,
100,000312652498,1,1,001000996793,,,,,,,,,,,,,,,,,,,,,,,,
100,000312652499,1,1,001001122098,,,,,,,,,,,,,,,,,,,,,,,,
100,000312652500,1,1,001000996828,,,,,,,,,,,,,,,,,,,,,,,,
100,000312652501,1,1,001000996755,,,,,,,,,,,,,,,,,,,,,,,,
100,000312652502,1,1,001001000056,,,,,,,,,,,,,,,,,,,,,,,,
100,000312652503,1,1,001000996781,,,,,,,,,,,,,,,,,,,,,,,,
100,000312652504,1,1,001000996779,,,,,,,,,,,,,,,,,,,,,,,,
100,000312652505,1,1,001001006100,,,,,,,,,,,,,,,,,,,,,,,,
100,000312652506,1,1,001001005023,,,,,,,,,,,,,,,,,,,,,,,,
100,000312652507,1,1,001000996783,,,,,,,,,,,,,,,,,,,,,,,,
100,000312652508,1,1,001001006103,,,,,,,,,,,,,,,,,,,,,,,,
100,000312652509,1,1,001001005045,,,,,,,,,,,,,,,,,,,,,,,,
100,000312652510,1,1,001001005021,,,,,,,,,,,,,,,,,,,,,,,,
100,000312652511,1,1,001001007093,,,,,,,,,,,,,,,,,,,,,,,,
100,000312652512,1,1,001000996762,,,,,,,,,,,,,,,,,,,,,,,,
100,000312652807,1,1,001001019894,,,,,,,,,,,,,,,,,,,,,,,,
100,000312653893,1,1,001001006516,,,,,,TD Entwicklung Bgr. bei Hr. Krüger,30-05-2022,,,,,,,,,,,TD Entwicklung Bgr. bei Hr. Krüger,,3,,30-05-2022,09:53:56,NHS000093
100,000312661764,1,1,,,,,,,,,,,,,,,,,,,,,,,11-05-2022,11:03:32,NHSITPM03
100,000312661899,1,1,001001037534,,,,,,,,,,,,,,,,,,,,,,,,
100,000312663540,1,1,001000999706,,,,,,,,,,,,,,,,,,,,,,,,
100,000312663541,1,1,001001000541,,,,,,,,,,,,,,,,,,,,,,,,
100,000312663542,1,1,001001026294,,,,,,,,,,,,,,,,,,,,,,,,
100,000312663543,1,1,001001003005,,,,,,,,,,,,,,,,,,,,,,,,
100,000312663544,1,1,001001013028,,,,,,,,,,,,,,,,,,,,,,,,
100,000312663545,1,1,001001000731,,,,,,,,,,,,,,,,,,,,,,,,
100,000312663546,1,1,001001003070,,,,,,,,,,,,,,,,,,,,,,,,
100,000312663547,1,1,001001010918,,,,,,,,,,,,,,,,,,,,,,,,
100,000312663548,1,1,001001000866,,,,,,,,,,,,,,,,,,,,,,,,
100,000312666350,1,1,001001001182,,,,,,,,,,,,,,,,,,,,,,,,
100,000312666351,1,1,001001002540,,,,,,,,,,,,,,,,,,,,,,,,
100,000312666352,1,1,001001001198,,,,,,,,,,,,,,,,,,,,,,,,
100,000312666353,1,1,001001016918,,,,,,,,,,,,,,,,,,,,,,,,
100,000312666354,1,1,001001013861,,,,,,,,,,,,,,,,,,,,,,,,
100,000312666355,1,1,001001119011,,,,,,,,,,,,,,,,,,,,,,,,
100,000312678173,1,1,001001010725,,,,,,,,,,,,,,,,,,,,,,,,
100,000312678174,1,1,001001009244,,,,,,,,,,,,,,,,,,,,,,,,
100,000312678175,1,1,001001006838,,,,,,,,,,,,,,,,,,,,,,,,
100,000312678176,1,1,001001009245,,,,,,,,,,,,,,,,,,,,,,,,
100,000312678177,1,1,001001026289,,,,,,,,,,,,,,,,,,,,,,,,
100,000312688770,1,1,001001012370,,,,,,,,,,,,,,,,,,,,,,,,
100,000312688771,1,1,001001008894,,,,,,,,,,,,,,,,,,,,,,,,
100,000312688772,1,1,001001006683,,,,,,,,,,,,,,,,,,,,,,,,
100,000312688773,1,1,001001010735,,,,,,,,,,,,,,,,,,,,,,,,
100,000312688775,1,1,001001010733,,,,,,,,,,,,,,,,,,,,,,,,
100,000312688776,1,1,001001008669,,,,,,,,,,,,,,,,,,,,,,,,
100,000312688777,1,1,001001007055,,,,,,,,,,,,,,,,,,,,,,,,
100,000312688778,1,1,001001026422,,,,,,,,,,,,,,,,,,,,,,,,
100,000312688779,1,1,001001013796,,,,,,,,,,,,,,,,,,,,,,,,
100,000312695955,1,1,001001025856,,,,,,,,,,,,,,,,,,,,,,,,
100,000312695956,1,1,001001026424,,,,,,,,,,,,,,,,,,,,,,,,
100,000312695957,1,1,001001010132,,,,,,,,,,,,,,,,,,,,,,,,
100,000312695958,1,1,001001025868,,,,,,,,,,,,,,,,,,,,,,,,
100,000312695959,1,1,001001028911,,,,,,,,,,,,,,,,,,,,,,,,
100,000312695960,1,1,001001010707,,,,,,,,,,,,,,,,,,,,,,,,
100,000312695961,1,1,001001012112,,,,,,,,,,,,,,,,,,,,,,,,
100,000312695962,1,1,001001125144,,,,,,,,,,,,,,,,,,,,,,,,
100,000312695963,1,1,001001015065,,,,,,,,,,,,,,,,,,,,,,,,
100,000312695964,1,1,001001010690,,,,,,,,,,,,,,,,,,,,,,,,
100,000312698120,16,1,001001015203,,,,,,,,,,,,,,,,,,,,,,,,
100,000312698862,9,1,001001014663,,,,,,,,,,,,,,,,,,,,,,,,
100,000312704612,1,1,001001022343,,,,,,,,,,,,,,,,,,,,,,,,
100,000312705497,1,1,001001018970,,,,,,,,,,,,,,,,,,,,,,,,
100,000312705498,1,1,001001080482,,,,,,,,,,,,,,,,,,,,,,,,
100,000312705499,1,1,001001125147,,,,,,,,,,,,,,,,,,,,,,,,
100,000312705500,1,1,001001011730,,,,,,,,,,,,,,,,,,,,,,,,
100,000312705501,1,1,001001011732,,,,,,,,,,,,,,,,,,,,,,,,
100,000312705502,1,1,001001011733,,,,,,,,,,,,,,,,,,,,,,,,
100,000312705821,1,1,001001025768,,,,,,,,,,,,,,,,,,,,,,,,
100,000312705855,1,1,001001025771,,,,,,,,,,,,,,,,,,,,,,,,
100,000312708878,7,1,001001017833,,,,,,,,,,,,,,,,,,,,,,,,
100,000312712508,1,1,001001022537,,,,,,,,,,,,,,,,,,,,,,,,
100,000312712509,1,1,001001022510,,,,,,,,,,,,,,,,,,,,,,,,
100,000312712510,1,1,001001014371,,,,,,,,,,,,,,,,,,,,,,,,
100,000312712511,1,1,001001014978,,,,,,,,,,,,,,,,,,,,,,,,
100,000312712512,1,1,001001025873,,,,,,,,,,,,,,,,,,,,,,,,
100,000312712513,1,1,001001013723,,,,,,,,,,,,,,,,,,,,,,,,
100,000312712514,1,1,001001027449,,,,,,,,,,,,,,,,,,,,,,,,
100,000312712515,1,1,001001025870,,,,,,,,,,,,,,,,,,,,,,,,
100,000312712516,1,1,001001025772,,,,,,,,,,,,,,,,,,,,,,,,
100,000312712517,1,1,001001013936,,,,,,,,,,,,,,,,,,,,,,,,
100,000312712781,1,1,001001015659,,,,,,,,,,,,,,,,,,,,,,,,
100,000312720076,1,1,001001021480,,,,,,,,,,,,,,,,,,,,,,,,
100,000312720080,1,1,001001021472,,,,,,,,,,,,,,,,,,,,,,,,
100,000312722154,1,1,001001025064,,,,,,,,,,,,,,,,,,,,,,,,
100,000312722470,1,1,001001028554,,,,,,,,,,,,,,,,,,,,,,,,
100,000312732360,1,1,001001026670,,,,,,,,,,,,,,,,,,,,,,,,
100,000312734007,1,1,001001025666,,,,,,,,,,,,,,,,,,,,,,,,
100,000312734008,1,1,001001020784,,,,,,,,,,,,,,,,,,,,,,,,
100,000312734009,1,1,001001032349,,,,,,,,,,,,,,,,,,,,,,,,
100,000312734010,1,1,001001118995,,,,,,,,,,,,,,,,,,,,,,,,
100,000312734011,1,1,001001034135,,,,,,,,,,,,,,,,,,,,,,,,
100,000312734012,1,1,001001118950,,,,,,,,,,,,,,,,,,,,,,,,
100,000312734013,1,1,001001020787,,,,,,,,,,,,,,,,,,,,,,,,
100,000312734014,1,1,001001021213,,,,,,,,,,,,,,,,,,,,,,,,
100,000312734015,1,1,001001087370,,,,,,,,,,,,,,,,,,,,,,,,
100,000312734016,1,1,001001021307,,,,,,,,,,,,,,,,,,,,,,,,
100,000312734017,1,1,001001069832,,,,,,,,,,,,,,,,,,,,,,,,
100,000312734018,1,1,001001039363,,,,,,,,,,,,,,,,,,,,,,,,
100,000312734019,1,1,001001060510,,,,,,,,,,,,,,,,,,,,,,,,
100,000312734020,1,1,001001081902,,,,,,,,,,,,,,,,,,,,,,,,
100,000312734021,1,1,001001022509,,,,,,,,,,,,,,,,,,,,,,,,
100,000312734022,1,1,001001110736,,,,,,,,,,,,,,,,,,,,,,,,
100,000312735900,1,1,001001228347,,,,,,BG im DEF-HOLD Lager; Klärung OPM,10-01-2024,,,,,,,,,,,BG im DEF-HOLD Lager; Klärung OPM,,5,,10-01-2024,08:19:42,NHS000064
100,000312739058,1,1,001001029182,,,,,,,,,,,,,,,,,,,,,,,,
100,000312741267,1,1,001001026522,"CW 52,2022",31-12-2022,18-07-2022,"CW 52,2022",,Bulk Shipment,18-07-2022,,,,,,,,,,,Bulk Shipment,,4,,18-07-2022,14:08:11,NHS000448
100,000312744281,1,1,001001087381,,,,,,,,,,,,,,,,,,,,,,,,
100,000312744282,1,1,001001027482,,,,,,,,,,,,,,,,,,,,,,,,
100,000312744283,1,1,001001028908,,,,,,,,,,,,,,,,,,,,,,,,
100,000312744284,1,1,001001066518,,,,,,,,,,,,,,,,,,,,,,,,
100,000312753311,1,1,,,,,,,,,,,,,,,,,,,,,,,15-07-2022,10:01:02,NHSITRS01
100,000312753336,1,1,001001027591,,,,,,,,,,,,,,,,,,,,,,,,
100,000312753337,1,1,001001027595,,,,,,,,,,,,,,,,,,,,,,,,
100,000312753338,1,1,001001123771,,,,,,,,,,,,,,,,,,,,,,,,
100,000312753339,1,1,001001029316,,,,,,,,,,,,,,,,,,,,,,,,
100,000312753340,1,1,001001181555,,,,,,,,,,,,,,,,,,,,,,,,
100,000312761092,1,1,001001064122,,,,,,,,,,,,,,,,,,,,,,,,
100,000312761093,1,1,001001064121,,,,,,,,,,,,,,,,,,,,,,,,
100,000312761094,1,1,001001030287,,,,,,,,,,,,,,,,,,,,,,,,
100,000312762524,1,1,001001035915,,,,,,,,,,,,,,,,,,,,,,,,
100,000312773275,1,1,001001064126,,,,,,,,,,,,,,,,,,,,,,,,
100,000312773276,1,1,001001048171,,,,,,,,,,,,,,,,,,,,,,,,
100,000312773277,1,1,001001072496,,,,,,,,,,,,,,,,,,,,,,,,
100,000312773278,1,1,001001050557,,,,,,,,,,,,,,,,,,,,,,,,
100,000312773279,1,1,001001037236,,,,,,,,,,,,,,,,,,,,,,,,
100,000312773280,1,1,001001037010,,,,,,,,,,,,,,,,,,,,,,,,
100,000312773281,1,1,001001031981,,,,,,,,,,,,,,,,,,,,,,,,
100,000312773282,1,1,001001032066,,,,,,,,,,,,,,,,,,,,,,,,
100,000312773283,1,1,001001036522,,,,,,,,,,,,,,,,,,,,,,,,
100,000312781973,1,1,001001079422,,,,,,,,,,,,,,,,,,,,,,,,
100,000312781974,1,1,001001034738,,,,,,,,,,,,,,,,,,,,,,,,
100,000312781975,1,1,001001034762,,,,,,,,,,,,,,,,,,,,,,,,
100,000312781976,1,1,001001034779,,,,,,,,,,,,,,,,,,,,,,,,
100,000312781977,1,1,001001044199,,,,,,,,,,,,,,,,,,,,,,,,
100,000312781978,1,1,001001034494,,,,,,,,,,,,,,,,,,,,,,,,
100,000312781979,1,1,001001034774,,,,,,,,,,,,,,,,,,,,,,,,
100,000312781980,1,1,001001034769,,,,,,,,,,,,,,,,,,,,,,,,
100,000312781981,1,1,001001034776,,,,,,,,,,,,,,,,,,,,,,,,
100,000312781982,1,1,001001034520,,,,,,,,,,,,,,,,,,,,,,,,
100,000312790741,1,1,001001126243,,,,,,,,,,,,,,,,,,,,,,,,
100,000312790742,1,1,001001046175,,,,,,,,,,,,,,,,,,,,,,,,
100,000312790743,1,1,001001041175,,,,,,,,,,,,,,,,,,,,,,,,
100,000312790744,1,1,001001049446,,,,,,,,,,,,,,,,,,,,,,,,
100,000312795076,1,1,001001045055,,,,,,,,,,,,,,,,,,,,,,,,
100,000312795077,1,1,001001049452,,,,,,,,,,,,,,,,,,,,,,,,
100,000312795078,1,1,001001049453,,,,,,,,,,,,,,,,,,,,,,,,
100,000312801973,1,1,001001041066,,,,,,,,,,,,,,,,,,,,,,,,
100,000312801974,1,1,001001084921,,,,,,,,,,,,,,,,,,,,,,,,
100,000312801975,1,1,001001041065,,,,,,,,,,,,,,,,,,,,,,,,
100,000312801976,1,1,001001049445,,,,,,,,,,,,,,,,,,,,,,,,
100,000312801977,1,1,001001064328,,,,,,,,,,,,,,,,,,,,,,,,
100,000312806203,1,1,001001061263,,,,,,,,,,,,,,,,,,,,,,,,
100,000312813117,1,1,001001049979,,,,,,,,,,,,,,,,,,,,,,,,
100,000312813693,1,1,001001052701,,,,,,,,,,,,,,,,,,,,,,,,
100,000312813694,1,1,001001057016,,,,,,,,,,,,,,,,,,,,,,,,
100,000312832968,1,1,001001081081,,,,,,,,,,,,,,,,,,,,,,,,
100,000312832970,1,1,001001099361,,,,,,,,,,,,,,,,,,,,,,,,
100,000312832971,1,1,001001054770,,,,,,,,,,,,,,,,,,,,,,,,
100,000312832972,1,1,001001051330,,,,,,,,,,,,,,,,,,,,,,,,
100,000312832973,1,1,001001070776,,,,,,,,,,,,,,,,,,,,,,,,
100,000312832974,1,1,001001063527,,,,,,,,,,,,,,,,,,,,,,,,
100,000312832975,1,1,001001062731,,,,,,,,,,,,,,,,,,,,,,,,
100,000312832976,1,1,001001053943,,,,,,,,,,,,,,,,,,,,,,,,
100,000312832977,1,1,001001063240,,,,,,,,,,,,,,,,,,,,,,,,
100,000312832978,1,1,001001053846,,,,,,,,,,,,,,,,,,,,,,,,
100,000312832979,1,1,001001155002,,,,,,,,,,,,,,,,,,,,,,,,
100,000312832980,1,1,001001120688,,,,,,,,,,,,,,,,,,,,,,,,
100,000312832981,1,1,001001050039,,,,,,,,,,,,,,,,,,,,,,,,
100,000312832982,1,1,001001049673,,,,,,,,,,,,,,,,,,,,,,,,
100,000312832983,1,1,001001070779,,,,,,,,,,,,,,,,,,,,,,,,
100,000312832984,1,1,001001063397,,,,,,,,,,,,,,,,,,,,,,,,
100,000312832985,1,1,001001050546,,,,,,,,,,,,,,,,,,,,,,,,
100,000312833433,1,1,001001049750,,,,,,,,,,,,,,,,,,,,,,,,
100,000312835864,1,1,001001057879,,,,,,,,,,,,,,,,,,,,,,,,
100,000312837619,1,1,001001067290,,,,,,,,,,,,,,,,,,,,,,,,
100,000312837620,1,1,001001059554,,,,,,,,,,,,,,,,,,,,,,,,
100,000312837621,1,1,001001060760,,,,,,,,,,,,,,,,,,,,,,,,
100,000312837622,1,1,001001051143,,,,,,,,,,,,,,,,,,,,,,,,
100,000312844190,1,1,001001063481,,,,,,,,,,,,,,,,,,,,,,,,
100,000312844191,1,1,001001076632,,,,,,,,,,,,,,,,,,,,,,,,
100,000312844192,1,1,001001109029,,,,,,,,,,,,,,,,,,,,,,,,
100,000312844193,1,1,001001063474,,,,,,,,,,,,,,,,,,,,,,,,
100,000312844197,1,1,001001061297,,,,,,,,,,,,,,,,,,,,,,,,
100,000312844532,1,1,001001063482,,,,,,,,,,,,,,,,,,,,,,,,
100,000312861708,1,1,001001062198,,,,,,,,,,,,,,,,,,,,,,,,
100,000312861709,1,1,001001058434,,,,,,,,,,,,,,,,,,,,,,,,
100,000312861710,1,1,001001070159,,,,,,,,,,,,,,,,,,,,,,,,
100,000312861711,1,1,001001070144,,,,,,,,,,,,,,,,,,,,,,,,
100,000312861712,1,1,001001059401,,,,,,,,,,,,,,,,,,,,,,,,
100,000312861713,1,1,001001059411,,,,,,,,,,,,,,,,,,,,,,,,
100,000312861714,1,1,001001058009,,,,,,,,,,,,,,,,,,,,,,,,
100,000312861715,1,1,001001061336,,,,,,,,,,,,,,,,,,,,,,,,
100,000312861716,1,1,001001070079,,,,,,,,,,,,,,,,,,,,,,,,
100,000312861717,1,1,001001059735,,,,,,,,,,,,,,,,,,,,,,,,
100,000312861718,1,1,001001061338,,,,,,,,,,,,,,,,,,,,,,,,
100,000312862879,1,1,,,,,,,,,,,,,,,,,,,,,,,05-10-2022,17:53:17,NHSFRSPM13
100,000312862880,1,1,,,,,,,,,,,,,,,,,,,,,,,05-10-2022,17:58:09,NHSFRSPM13
100,000312873418,1,1,001001067958,,,,,,,,,,,,,,,,,,,,,,,,
100,000312875078,1,1,001001078781,,,,,,,,,,,,,,,,,,,,,,,,
100,000312875079,1,1,001001067622,,,,,,,,,,,,,,,,,,,,,,,,
100,000312875080,1,1,001001071154,,,,,,,,,,,,,,,,,,,,,,,,
100,000312875081,1,1,001001067623,,,,,,,,,,,,,,,,,,,,,,,,
100,000312875082,1,1,001001072142,,,,,,,,,,,,,,,,,,,,,,,,
100,000312875083,1,1,001001071194,,,,,,,,,,,,,,,,,,,,,,,,
100,000312875084,1,1,001001072169,,,,,,,,,,,,,,,,,,,,,,,,
100,000312875085,1,1,001001072134,,,,,,,,,,,,,,,,,,,,,,,,
100,000312875086,1,1,001001071197,,,,,,,,,,,,,,,,,,,,,,,,
100,000312875087,1,1,001001081274,,,,,,,,,,,,,,,,,,,,,,,,
100,000312875088,1,1,001001107674,,,,,,,,,,,,,,,,,,,,,,,,
100,000312881127,1,1,001001071187,,,,,,,,,,,,,,,,,,,,,,,,
100,000312881682,1,1,001001068062,,,,,,,,,,,,,,,,,,,,,,,,
100,000312884581,1,1,001001121103,,,,,,,,,,,,,,,,,,,,,,,,
100,000312884582,1,1,001001113585,,,,,,,,,,,,,,,,,,,,,,,,
100,000312884583,1,1,001001068991,,,,,,,,,,,,,,,,,,,,,,,,
100,000312884584,1,1,001001065699,,,,,,,,,,,,,,,,,,,,,,,,
100,000312885328,1,1,001001074186,,,,,,,,,,,,,,,,,,,,,,,,
100,000312887597,1,1,001001075100,,,,,,Bottleneck at Test Bench,16-11-2022,,,,,,,,,,,Bottleneck at Test Bench,,4,,16-11-2022,10:11:45,NHS000448
100,000312890557,1,1,001001073555,,,,,,Bottleneck at Test Bench,14-11-2022,,,,,,,,,,,Bottleneck at Test Bench,,4,,14-11-2022,06:20:00,NHS000448
100,000312892885,1,1,001001076364,,,,,,,,,,,,,,,,,,,,,,,,
100,000312893015,1,1,001001113717,,,,,,,,,,,,,,,,,,,,,,,,
100,000312893016,1,1,001001077312,,,,,,,,,,,,,,,,,,,,,,,,
100,000312893017,1,1,001001071458,,,,,,,,,,,,,,,,,,,,,,,,
100,000312893019,1,1,001001093693,,,,,,,,,,,,,,,,,,,,,,,,
100,000312893020,1,1,001001070571,,,,,,,,,,,,,,,,,,,,,,,,
100,000312893024,1,1,001001093680,,,,,,,,,,,,,,,,,,,,,,,,
100,000312896935,1,1,001001080316,,,,,,,,,,,,,,,,,,,,,,,,
100,000312903424,1,1,001001084677,,,,,,,,,,,,,,,,,,,,,,,,
100,000312903425,1,1,001001071971,,,,,,,,,,,,,,,,,,,,,,,,
100,000312903426,1,1,001001071513,,,,,,,,,,,,,,,,,,,,,,,,
100,000312903427,1,1,001001084676,,,,,,,,,,,,,,,,,,,,,,,,
100,000312903428,1,1,001001072542,,,,,,,,,,,,,,,,,,,,,,,,
100,000312913979,1,1,001001156941,,,,,,,,,,,,,,,,,,,,,,,,
100,000312913980,1,1,001001083586,,,,,,,,,,,,,,,,,,,,,,,,
100,000312913981,1,1,001001074726,,,,,,,,,,,,,,,,,,,,,,,,
100,000312913982,1,1,001001077717,,,,,,,,,,,,,,,,,,,,,,,,
100,000312913983,1,1,001001076725,,,,,,,,,,,,,,,,,,,,,,,,
100,000312913984,1,1,001001074081,,,,,,,,,,,,,,,,,,,,,,,,
100,000312913985,1,1,001001074131,,,,,,,,,,,,,,,,,,,,,,,,
100,000312918340,1,1,001001083897,,,,,,,,,,,,,,,,,,,,,,,,
100,000312921036,1,1,,,,,,,,,,,,,,,,,,,,,,,17-11-2022,20:56:14,NHS000147
100,000312921697,1,1,001001077683,,,,,,,,,,,,,,,,,,,,,,,,
100,000312921698,1,1,001001086739,,,,,,,,,,,,,,,,,,,,,,,,
100,000312921699,1,1,001001077547,,,,,,,,,,,,,,,,,,,,,,,,
100,000312929600,1,1,001001078597,,,,,,,,,,,,,,,,,,,,,,,,
100,000312932120,1,1,001001079332,,,,,,,,,,,,,,,,,,,,,,,,
100,000312932121,1,1,001001088534,,,,,,,,,,,,,,,,,,,,,,,,
100,000312932122,1,1,001001093336,,,,,,,,,,,,,,,,,,,,,,,,
100,000312932123,1,1,001001084746,,,,,,,,,,,,,,,,,,,,,,,,
100,000312932124,1,1,001001113839,,,,,,,,,,,,,,,,,,,,,,,,
100,000312932125,1,1,001001079382,,,,,,,,,,,,,,,,,,,,,,,,
100,000312932126,1,1,001001085103,,,,,,,,,,,,,,,,,,,,,,,,
100,000312932127,1,1,001001079381,,,,,,,,,,,,,,,,,,,,,,,,
100,000312932128,1,1,001001079379,,,,,,,,,,,,,,,,,,,,,,,,
100,000312932129,1,1,001001093681,,,,,,,,,,,,,,,,,,,,,,,,
100,000312932130,1,1,001001079369,,,,,,,,,,,,,,,,,,,,,,,,
100,000312932131,1,1,001001263775,,,,,,,,,,,,,,,,,,,,,,,,
100,000312932132,1,1,001001165552,,,,,,,,,,,,,,,,,,,,,,,,
100,000312943236,1,1,001001087630,,,,,,,,,,,,,,,,,,,,,,,,
100,000312943237,1,1,001001084318,,,,,,,,,,,,,,,,,,,,,,,,
100,000312943238,1,1,001001082779,,,,,,,,,,,,,,,,,,,,,,,,
100,000312943239,1,1,001001087628,,,,,,,,,,,,,,,,,,,,,,,,
100,000312943240,1,1,001001096612,,,,,,,,,,,,,,,,,,,,,,,,
100,000312943241,1,1,001001113525,,,,,,,,,,,,,,,,,,,,,,,,
100,000312943242,1,1,001001095427,,,,,,,,,,,,,,,,,,,,,,,,
100,000312953141,1,1,001001091814,,,,,,,,,,,,,,,,,,,,,,,,
100,000312953142,1,1,001001093658,,,,,,,,,,,,,,,,,,,,,,,,
100,000312953143,1,1,001001093542,,,,,,,,,,,,,,,,,,,,,,,,
100,000312953144,1,1,001001097505,,,,,,,,,,,,,,,,,,,,,,,,
100,000312953145,1,1,001001110891,,,,,,,,,,,,,,,,,,,,,,,,
100,000312953146,1,1,001001087680,,,,,,,,,,,,,,,,,,,,,,,,
100,000312953147,1,1,001001248807,,,,,,,,,,,,,,,,,,,,,,,,
100,000312956537,1,1,001001100818,,,,,,,,,,,,,,,,,,,,,,,,
100,000312956537,2,1,001001098100,,,,,,,,,,,,,,,,,,,,,,,,
100,000312956537,3,1,001001102441,,,,,,,,,,,,,,,,,,,,,,,,
100,000312956537,4,1,001001102460,MISSING,10-10-2020,25-01-2023,MISSING,,Bauteil bestellt,25-01-2023,,,,,,,,,,,Bauteil bestellt,,5M,,26-01-2023,01:05:35,NHS_BATCH
100,000312960639,1,1,001001088541,,,,,,,,,,,,,,,,,,,,,,,,
100,000312960640,1,1,001001093334,,,,,,,,,,,,,,,,,,,,,,,,
100,000312960641,1,1,001001093331,,,,,,,,,,,,,,,,,,,,,,,,
100,000312960642,1,1,001001093301,,,,,,,,,,,,,,,,,,,,,,,,
100,000312960643,1,1,001001121105,,,,,,,,,,,,,,,,,,,,,,,,
100,000312962203,1,1,001001094367,,,,,,,,,,,,,,,,,,,,,,,,
100,000312973421,1,1,,,,,,,,,,,RMA Beantragung,13-02-2023,,,,,,,RMA Beantragung,,,,13-02-2023,09:25:01,NHS001549
100,000312975744,1,1,001001101201,,,,,,,,,,,,,,,,,,,,,,,,
100,000312975827,1,1,001001093839,,,,,,,,,,,,,,,,,,,,,,,,
100,000312975828,1,1,001001109732,,,,,,,,,,,,,,,,,,,,,,,,
100,000312975829,1,1,001001093885,,,,,,,,,,,,,,,,,,,,,,,,
100,000312975830,1,1,001001100656,,,,,,,,,,,,,,,,,,,,,,,,
100,000312975831,1,1,001001093290,,,,,,,,,,,,,,,,,,,,,,,,
100,000312975832,1,1,001001111566,,,,,,,,,,,,,,,,,,,,,,,,
100,000312975833,1,1,001001111569,,,,,,,,,,,,,,,,,,,,,,,,
100,000312975834,1,1,001001207025,,,,,,,,,,,,,,,,,,,,,,,,
100,000312975835,1,1,001001093293,,,,,,,,,,,,,,,,,,,,,,,,
100,000312989084,1,1,001001186398,,,,,,,,,,,,,,,,,,,,,,,,
100,000312989085,1,1,001001137205,,,,,,,,,,,,,,,,,,,,,,,,
100,000312989086,1,1,001001097666,,,,,,,,,,,,,,,,,,,,,,,,
100,000312989087,1,1,001001105429,,,,,,,,,,,,,,,,,,,,,,,,
100,000312989088,1,1,001001109756,,,,,,,,,,,,,,,,,,,,,,,,
100,000312989089,1,1,001001113157,,,,,,,,,,,,,,,,,,,,,,,,
100,000312989090,1,1,001001097547,,,,,,,,,,,,,,,,,,,,,,,,
100,000312989091,1,1,001001186393,,,,,,,,,,,,,,,,,,,,,,,,
100,000312989093,1,1,001001107237,,,,,,,,,,,,,,,,,,,,,,,,
100,000312989094,1,1,001001147758,,,,,,,,,,,,,,,,,,,,,,,,
100,000312989095,1,1,001001097636,,,,,,,,,,,,,,,,,,,,,,,,
100,000312989096,1,1,001001115236,,,,,,,,,,,,,,,,,,,,,,,,
100,000312989097,1,1,001001099999,,,,,,,,,,,,,,,,,,,,,,,,
100,000312989098,1,1,001001100383,,,,,,,,,,,,,,,,,,,,,,,,
100,000312989099,1,1,001001107236,,,,,,,,,,,,,,,,,,,,,,,,
100,000312989100,1,1,001001100384,,,,,,,,,,,,,,,,,,,,,,,,
100,000312989101,1,1,001001104381,,,,,,,,,,,,,,,,,,,,,,,,
100,000312989102,1,1,001001100713,,,,,,,,,,,,,,,,,,,,,,,,
100,000312989103,1,1,001001105138,,,,,,,,,,,,,,,,,,,,,,,,
100,000312989104,1,1,001001098311,,,,,,,,,,,,,,,,,,,,,,,,
100,000312990587,1,1,001001105135,,,,,,,,,,,,,,,,,,,,,,,,
100,000312994721,1,1,001001101416,,,,,,,,,,,,,,,,,,,,,,,,
100,000313000369,1,1,001001109755,,,,,,,,,,,,,,,,,,,,,,,,
100,000313000370,1,1,001001151011,,,,,,,,,,,,,,,,,,,,,,,,
100,000313000371,1,1,001001101154,,,,,,,,,,,,,,,,,,,,,,,,
100,000313000372,1,1,001001102347,,,,,,,,,,,,,,,,,,,,,,,,
100,000313000373,1,1,001001125246,,,,,,,,,,,,,,,,,,,,,,,,
100,000313000374,1,1,001001113139,,,,,,,,,,,,,,,,,,,,,,,,
100,000313000375,1,1,001001101314,,,,,,,,,,,,,,,,,,,,,,,,
100,000313000376,1,1,001001106450,,,,,,,,,,,,,,,,,,,,,,,,
100,000313000377,1,1,001001125242,,,,,,,,,,,,,,,,,,,,,,,,
100,000313000378,1,1,001001106650,,,,,,,,,,,,,,,,,,,,,,,,
100,000313017832,1,1,001001107548,,,,,,,,,,,,,,,,,,,,,,,,
100,000313017833,1,1,001001113761,,,,,,,,,,,,,,,,,,,,,,,,
100,000313017834,1,1,001001107204,,,,,,,,,,,,,,,,,,,,,,,,
100,000313017836,1,1,001001107203,,,,,,,,,,,,,,,,,,,,,,,,
100,000313017837,1,1,001001107201,,,,,,,,,,,,,,,,,,,,,,,,
100,000313017839,1,1,001001107477,,,,,,,,,,,,,,,,,,,,,,,,
100,000313017840,1,1,001001121217,,,,,,,,,,,,,,,,,,,,,,,,
100,000313017841,1,1,001001107191,,,,,,,,,,,,,,,,,,,,,,,,
100,000313017842,1,1,001001187120,,,,,,,,,,,,,,,,,,,,,,,,
100,000313017843,1,1,001001107002,,,,,,,,,,,,,,,,,,,,,,,,
100,000313017844,1,1,001001107209,,,,,,,,,,,,,,,,,,,,,,,,
100,000313017845,1,1,001001113401,,,,,,,,,,,,,,,,,,,,,,,,
100,000313021895,1,1,,,,,,,,,,,RMA Beantragung,08-07-2025,,,,,,,RMA Beantragung,,,,08-07-2025,08:37:09,NHS001549
100,000313023281,1,1,001001175259,,,,,,,,,,,,,,,,,,,,,,,,
100,000313026346,3,1,001001110834,,,,,,PI-Baugruppe 14.02.23,14-02-2023,,,,,,,,,,,PI-Baugruppe 14.02.23,,,,14-02-2023,10:25:41,NHS000440
100,000313027034,1,1,001001117462,,,,,,,,,,,,,,,,,,,,,,,,
100,000313027035,1,1,001001123962,,,,,,,,,,,,,,,,,,,,,,,,
100,000313027036,1,1,001001133212,,,,,,,,,,,,,,,,,,,,,,,,
100,000313027037,1,1,001001114939,,,,,,,,,,,,,,,,,,,,,,,,
100,000313027038,1,1,001001245192,,,,,,,,,,,,,,,,,,,,,,,,
100,000313027039,1,1,001001110969,,,,,,,,,,,,,,,,,,,,,,,,
100,000313027040,1,1,001001125480,,,,,,,,,,,,,,,,,,,,,,,,
100,000313042613,1,1,001001140770,,,,,,,,,,RMA Beantragung,07-03-2023,,,,,,,RMA Beantragung,,,,,,
100,000313042613,2,1,001001140769,,,,,,,,,,RMA Beantragung,07-03-2023,,,,,,,RMA Beantragung,,,,,,
100,000313045522,1,1,001001121197,,,,,,,,,,,,,,,,,,,,,,,,
100,000313045523,1,1,001001186999,,,,,,,,,,,,,,,,,,,,,,,,
100,000313045524,1,1,001001115805,,,,,,,,,,,,,,,,,,,,,,,,
100,000313045525,1,1,001001133232,,,,,,,,,,,,,,,,,,,,,,,,
100,000313045526,1,1,001001115867,,,,,,,,,,,,,,,,,,,,,,,,
100,000313045527,1,1,001001124476,,,,,,,,,,,,,,,,,,,,,,,,
100,000313045528,1,1,001001207052,,,,,,,,,,,,,,,,,,,,,,,,
100,000313045529,1,1,001001118867,,,,,,,,,,,,,,,,,,,,,,,,
100,000313045530,1,1,001001135418,,,,,,,,,,,,,,,,,,,,,,,,
100,000313045531,1,1,001001133295,,,,,,,,,,,,,,,,,,,,,,,,
100,000313045532,1,1,001001186400,,,,,,,,,,,,,,,,,,,,,,,,
100,000313049814,1,1,001001449290,,,,,,,,,,,,,,,,,,,,,,,,
100,000313055530,1,1,001001204599,,,,,,,,Retour en Stock ok,22-04-2024,Cloturer : Piece Bonne,26-04-2024,Echange equipement neuf,30-07-2024,MMO,19-04-2024,,,Cloturer : Piece Bonne/Echange equipement neuf/MMO,,5M,,26-04-2024,12:49:05,NHSALEVOI
100,000313055530,2,1,001001241552,,,,,,,,URGENT - modif RR apres expertise - demande d'echange - Secteur 1 et 2 - Retour en Stock ok,22-04-2024,Cloturer : Piece Bonne,26-04-2024,Echange equipement neuf,30-07-2024,MMO,19-04-2024,,,Cloturer : Piece Bonne/Echange equipement neuf/MMO,,5M,,26-04-2024,12:49:09,NHSALEVOI
100,000313058997,1,1,001001151754,,,,,,,,Antenne HS - Attente formulaire complet -/Antenne HS - Attente formulaire complet,22-04-2024,Cloturer : Shields (Fin de vie),26-04-2024,Probleme fonctionnel,30-07-2024,Fournisseur,19-04-2024,,,Cloturer : Shields (Fin de vie)/Probleme fonctionnel/Fournisseur,,5M,,26-04-2024,12:49:09,NHSALEVOI
100,000313059023,1,1,001001151755,,,,,,,,Commande 1 BB6641 au lieu de RB6647 - Reintegration en cours,22-04-2024,Cloturer : Echange Standard,27-08-2024,Echange equipement neuf,30-07-2024,MMO,19-04-2024,,,Cloturer : Echange Standard/Echange equipement neuf/MMO,,5M,,20-06-2024,01:03:24,NHS_BATCH
100,000313059028,1,1,001001151756,,,,,,,,Commande 1 BB6641 au lieu de RB6647 -,22-04-2024,Cloturer : Piece Bonne,26-06-2024,Echange equipement neuf,30-07-2024,MMO,19-04-2024,,,Cloturer : Piece Bonne/Echange equipement neuf/MMO,,5M,,26-04-2024,12:49:09,NHSALEVOI
100,000313060269,1,1,001001122103,,,,,,,,,,,,,,,,,,,,,,,,
100,000313060270,1,1,001001121887,,,,,,,,,,,,,,,,,,,,,,,,
100,000313060271,1,1,001001245244,,,,,,,,,,,,,,,,,,,,,,,,
100,000313060272,1,1,001001129591,,,,,,,,,,,,,,,,,,,,,,,,
100,000313060273,1,1,001001136340,,,,,,,,,,,,,,,,,,,,,,,,
100,000313060274,1,1,001001136035,,,,,,,,,,,,,,,,,,,,,,,,
100,000313060275,1,1,001001133110,,,,,,,,,,,,,,,,,,,,,,,,
100,000313060276,1,1,001001121891,,,,,,,,,,,,,,,,,,,,,,,,
100,000313060277,1,1,001001121726,,,,,,,,,,,,,,,,,,,,,,,,
100,000313060278,1,1,001001129588,,,,,,,,,,,,,,,,,,,,,,,,
100,000313060279,1,1,001001121728,,,,,,,,,,,,,,,,,,,,,,,,
100,000313064680,1,1,001001191309,,,,,,,,Secteur 3 - Relance le 11/08 -,22-04-2024,Cloturer : Piece Bonne,30-05-2024,Probleme fonctionnel,30-07-2024,Fournisseur,19-04-2024,,,Cloturer : Piece Bonne/Probleme fonctionnel/Fournisseur,,5M,,26-04-2024,12:49:09,NHSALEVOI
100,000313066991,1,1,001001327374,,,,,,,,Prb de pointage manque les BD - Manque No site A et adresse complete -Relance le 10/08,22-04-2024,Cloturer : Shields (Refus RMA),14-10-2024,Probleme fonctionnel,30-07-2024,Fournisseur,19-04-2024,,,Cloturer : Shields (Refus RMA)/Probleme fonctionnel/Fournisseur,,5M,,24-10-2024,02:08:34,NHS_BATCH
100,000313070757,1,1,001001151757,,,,,,,,Ret HS Secteur 1 -,22-04-2024,Cloturer : Shields (Fin de vie),26-06-2024,Probleme fonctionnel,30-07-2024,Fournisseur,19-04-2024,,,Cloturer : Shields (Fin de vie)/Probleme fonctionnel/Fournisseur,,5M,,26-04-2024,12:49:09,NHSALEVOI
100,000313070783,1,1,001001123422,,,,,,,,,,,,,,,,,,,,,,,,
100,000313070784,1,1,001001140407,,,,,,,,,,,,,,,,,,,,,,,,
100,000313070785,1,1,001001152695,,,,,,,,,,,,,,,,,,,,,,,,
100,000313070786,1,1,001001123432,,,,,,,,,,,,,,,,,,,,,,,,
100,000313070787,1,1,001001124526,,,,,,,,,,,,,,,,,,,,,,,,
100,000313070788,1,1,001001245615,,,,,,,,,,,,,,,,,,,,,,,,
100,000313070789,1,1,001001127646,,,,,,,,,,,,,,,,,,,,,,,,
100,000313070790,1,1,001001152002,,,,,,,,,,,,,,,,,,,,,,,,
100,000313070791,1,1,001001245259,,,,,,,,,,,,,,,,,,,,,,,,
100,000313070792,1,1,001001123404,,,,,,,,,,,,,,,,,,,,,,,,
100,000313071512,2,1,001001157010,,,,,,,,,,,,,,,,,,,,,,,,
100,000313071736,1,1,001001151758,,,,,,,,Stop de Bytel 24/03 - Go le 29/03 pour expedition -,22-04-2024,Cloturer : Shields (Fin de vie),26-06-2024,Probleme fonctionnel,30-07-2024,Fournisseur,19-04-2024,,,Cloturer : Shields (Fin de vie)/Probleme fonctionnel/Fournisseur,,5M,,26-04-2024,12:49:09,NHSALEVOI
100,000313071929,1,1,001001160031,,,,,,,,Manque info dans le formulaire pour la saisie - 186025185 ANT3 INTERFACE MPTODP 32GHZ non reference chez CTDI NON FOURNIS - MMO informe par lesexperts - Pas de transport le MMO est venu chez CTDI -,22-04-2024,Cloturer : Shields (Materiel monte)/28/09 Exped Shields (Antenne FH E// non,26-04-2024,Probleme fonctionnel,30-07-2024,Fournisseur,19-04-2024,,,Cloturer : Shields (Materiel monte)/28/09 Exped Shields (Antenne FH E// non/Probleme fonctionnel/Fournisseur,,5M,,26-04-2024,12:49:09,NHSALEVOI
100,000313071929,2,1,001001160032,,,,,,,,Manque info dans le formulaire pour la saisie - 186025185 ANT3 INTERFACE MPTODP 32GHZ non reference chez CTDI NON FOURNIS - MMO informe par lesexperts - Pas de transport le MMO est venu chez CTDI -,22-04-2024,Cloturer : Shields (Materiel monte)/accepte en RMA si matériel monte),26-04-2024,Probleme fonctionnel,30-07-2024,Fournisseur,19-04-2024,,,Cloturer : Shields (Materiel monte)/accepte en RMA si matériel monte)/Probleme fonctionnel/Fournisseur,,5M,,26-04-2024,12:49:09,NHSALEVOI
100,000313071973,1,1,001001180471,,,,,,,,,,,,,,,,,,,,,,,,
100,000313073895,1,1,001001144079,,,,,,,,,,Cloturer : Shields (Article peint),26-04-2024,Probleme fonctionnel,30-07-2024,Fournisseur,19-04-2024,,,Cloturer : Shields (Article peint)/Probleme fonctionnel/Fournisseur,,5M,,26-04-2024,12:49:09,NHSALEVOI
100,000313075425,1,1,001001191310,,,,,,,,Formulaire envoye avec le no site B T00016 et non le site A - Relance le 10/08,22-04-2024,Cloturer: Shields (Refus RMA),26-04-2024,Probleme fonctionnel,30-07-2024,Fournisseur,19-04-2024,,,Cloturer: Shields (Refus RMA)/Probleme fonctionnel/Fournisseur,,5M,,26-04-2024,12:49:09,NHSALEVOI
100,000313078839,1,1,001001144080,,,,,,,,Ant 5G HS suite a mauvaise manipulation CGTI -,22-04-2024,Cloturer : Echange Standard,26-06-2024,Dommage physique,30-07-2024,MMO,19-04-2024,,,Cloturer : Echange Standard/Dommage physique/MMO,,5M,,26-04-2024,12:49:09,NHSALEVOI
100,000313079483,1,1,001001195792,,,,,,,,Pas de ref - Commande chez TLTI receptionnee le 22/03 - Relance 10/08 -Relance le 13/09 - Relance le 26/09/Pas de ref - Commande chez TLTI receptio,22-04-2024,Cloturer : Echange Standard,26-04-2024,Probleme fonctionnel,30-07-2024,Fournisseur,19-04-2024,,,Cloturer : Echange Standard/Probleme fonctionnel/Fournisseur,,5M,,26-04-2024,12:49:10,NHSALEVOI
100,000313082450,1,1,001001145898,,,,,,,,HS - Attente du bon formulaire - Le RRU retourne n'appartient pas a CTDI le no de serie n'est pas conforme,22-04-2024,Cloturer : Shields (Dmd Bytel)/28/09 Exped Shields ( Test CTDI HS,26-06-2024,Probleme fonctionnel,30-07-2024,Fournisseur,19-04-2024,,,Cloturer : Shields (Dmd Bytel)/28/09 Exped Shields ( Test CTDI HS/Probleme fonctionnel/Fournisseur,,5M,,04-05-2024,01:20:44,NHS_BATCH
100,000313082550,1,1,001001198986,,,,,,,,RET de l'antenne HS ne repond plus niveau RET et AISG et necessite doncun remplacement - Relance le 10/08 - Relance le 26/09,22-04-2024,Cloturer: Shields (Refus RMA),26-04-2024,Probleme fonctionnel,30-07-2024,Fournisseur,19-04-2024,,,Cloturer: Shields (Refus RMA)/Probleme fonctionnel/Fournisseur,,5M,,26-04-2024,12:49:10,NHSALEVOI
100,000313085298,1,1,001001145899,,,,,,,,Moteur RET HS - S3 -,22-04-2024,Cloturer: Shields (Refus RMA),26-06-2024,Probleme fonctionnel,30-07-2024,Fournisseur,19-04-2024,,,Cloturer: Shields (Refus RMA)/Probleme fonctionnel/Fournisseur,,5M,,26-04-2024,12:49:10,NHSALEVOI
100,000313085315,1,1,001001145900,,,,,,,,Moteur RET HS - S3 -,22-04-2024,Cloturer: Shields (Refus RMA),26-06-2024,Probleme fonctionnel,30-07-2024,Fournisseur,19-04-2024,,,Cloturer: Shields (Refus RMA)/Probleme fonctionnel/Fournisseur,,5M,,26-04-2024,12:49:10,NHSALEVOI
100,000313085358,1,1,001001145901,,,,,,,,,,Cloturer: Shields (Refus RMA),26-06-2024,Probleme fonctionnel,30-07-2024,Fournisseur,19-04-2024,,,Cloturer: Shields (Refus RMA)/Probleme fonctionnel/Fournisseur,,5M,,26-04-2024,12:49:10,NHSALEVOI
100,000313085358,2,1,001001145902,,,,,,,,,,Cloturer: Shields (Refus RMA),26-06-2024,Probleme fonctionnel,30-07-2024,Fournisseur,19-04-2024,,,Cloturer: Shields (Refus RMA)/Probleme fonctionnel/Fournisseur,,5M,,26-04-2024,12:49:10,NHSALEVOI
100,000313085358,3,1,001001145903,,,,,,,,,,Cloturer : Shields (Fin de vie),26-06-2024,Probleme fonctionnel,30-07-2024,Fournisseur,19-04-2024,,,Cloturer : Shields (Fin de vie)/Probleme fonctionnel/Fournisseur,,5M,,02-05-2024,12:12:19,NHSALEVOI
100,000313085676,1,1,001001150179,,,,,,,,Formulaire indique SAV pour le T04448  -,22-04-2024,Cloturer : Shields (Fin de vie),26-06-2024,Probleme fonctionnel,30-07-2024,Fournisseur,19-04-2024,,,Cloturer : Shields (Fin de vie)/Probleme fonctionnel/Fournisseur,,5M,,02-05-2024,12:12:48,NHSALEVOI
100,000313085801,1,1,001001135416,,,,,,,,,,,,,,,,,,,,,,,,
100,000313085802,1,1,001001135415,,,,,,,,,,,,,,,,,,,,,,,,
100,000313085803,1,1,001001128701,,,,,,,,,,,,,,,,,,,,,,,,
100,000313085804,1,1,001001247550,,,,,,,,,,,,,,,,,,,,,,,,
100,000313085805,1,1,001001155100,,,,,,,,,,,,,,,,,,,,,,,,
100,000313085806,1,1,001001136230,,,,,,,,,,,,,,,,,,,,,,,,
100,000313085807,1,1,001001128153,,,,,,,,,,,,,,,,,,,,,,,,
100,000313085808,1,1,001001142783,,,,,,,,,,,,,,,,,,,,,,,,
100,000313085809,1,1,001001131440,,,,,,,,,,,,,,,,,,,,,,,,
100,000313085810,1,1,001001159648,,,,,,,,,,,,,,,,,,,,,,,,
100,000313085811,1,1,001001128109,,,,,,,,,,,,,,,,,,,,,,,,
100,000313085812,1,1,001001149126,,,,,,,,,,,,,,,,,,,,,,,,
100,000313085813,1,1,001001140411,,,,,,,,,,,,,,,,,,,,,,,,
100,000313085814,1,1,001001135408,,,,,,,,,,,,,,,,,,,,,,,,
100,000313085815,1,1,001001128164,,,,,,,,,,,,,,,,,,,,,,,,
100,000313085816,1,1,001001134854,,,,,,,,,,,,,,,,,,,,,,,,
100,000313085817,1,1,001001138109,,,,,,,,,,,,,,,,,,,,,,,,
100,000313085818,1,1,001001138100,,,,,,,,,,,,,,,,,,,,,,,,
100,000313090040,1,1,001001135218,,,,,,Entwicklung TD 14.02.25/BG zu spät im RS21 13.02.25,14-02-2025,,,RMA BEANTRAGUNG,26-04-2023,,,,,,,Entwicklung TD 14.02.25/BG zu spät im RS21 13.02.25/RMA BEANTRAGUNG,,,,14-02-2025,13:53:44,NHS000440
100,000313090591,1,1,001001141550,,,,,,,,,,,,,,,,,,,,,,,,
100,000313090592,1,1,001001129460,,,,,,,,,,,,,,,,,,,,,,,,
100,000313090593,1,1,001001138127,,,,,,,,,,,,,,,,,,,,,,,,
100,000313090594,1,1,001001142093,,,,,,,,,,,,,,,,,,,,,,,,
100,000313090595,1,1,001001142094,,,,,,,,,,,,,,,,,,,,,,,,
100,000313090596,1,1,001001130111,,,,,,,,,,,,,,,,,,,,,,,,
100,000313090777,1,1,001001229471,,,,,,,,,,Cloturer : Echange Standard,26-04-2024,Probleme fonctionnel,30-07-2024,Fournisseur,19-04-2024,,,Cloturer : Echange Standard/Probleme fonctionnel/Fournisseur,,5M,,26-04-2024,12:49:10,NHSALEVOI
100,000313090790,1,1,001001151759,,,,,,,,RET HS secteur 2 -,22-04-2024,Cloturer : Echange Standard,27-08-2024,Probleme fonctionnel,30-07-2024,Fournisseur,19-04-2024,,,Cloturer : Echange Standard/Probleme fonctionnel/Fournisseur,,5M,,02-08-2024,01:21:52,NHS_BATCH
100,000313095342,1,1,001001145904,,,,,,,,"Attente complement d'information pour motif HS - La carte est en defaut, nous avons effectue un restart et une inversion avec une autre cartepresente sur site .Le RRU qui etait eteint , redemarre lorsque nousavons change de carte. La carte reste e",22-04-2024,"Cloturer : Shields (Fin de vie)/ vie, Dmd de S.Pimpao le 03/10/23)",26-06-2024,Probleme fonctionnel,30-07-2024,Fournisseur,19-04-2024,,,"Cloturer : Shields (Fin de vie)/ vie, Dmd de S.Pimpao le 03/10/23)/Probleme fonctionnel/Fournisseur",,5M,,26-04-2024,12:49:10,NHSALEVOI
100,000313097694,1,1,001001144081,,,,,,,,"Le MMO nous renvoi le materiel neuf car non utilise, le prb a ete resolu -",22-04-2024,Cloturer : Echange Standard,27-08-2024,Probleme fonctionnel,30-07-2024,Fournisseur,19-04-2024,,,Cloturer : Echange Standard/Probleme fonctionnel/Fournisseur,,5M,,02-08-2024,01:21:53,NHS_BATCH
100,000313097704,1,1,001001154434,,,,,,,,,,Cloturer : Echange Standard,26-04-2024,Probleme fonctionnel,30-07-2024,Fournisseur,19-04-2024,,,Cloturer : Echange Standard/Probleme fonctionnel/Fournisseur,,5M,,26-04-2024,12:49:10,NHSALEVOI
100,000313097704,2,1,001001154435,,,,,,,,,,Cloturer : Echange Standard,26-04-2024,Probleme fonctionnel,30-07-2024,Fournisseur,19-04-2024,,,Cloturer : Echange Standard/Probleme fonctionnel/Fournisseur,,5M,,26-04-2024,12:49:10,NHSALEVOI
100,000313098744,1,1,001001186736,,,,,,,,"L'antenne a subi un choc, les RET sont tordus (HS) secteur 2 - Relancele 10/08",22-04-2024,Cloturer : Shields (TILT cass#),26-04-2024,Dommage physique,30-07-2024,MMO,19-04-2024,,,Cloturer : Shields (TILT cass#)/Dommage physique/MMO,,5M,,26-04-2024,12:49:10,NHSALEVOI
100,000313100171,1,1,001001441856,,,,,,,,,,,,,,,,,,,,,,,,
100,000313100172,1,1,001001133424,,,,,,,,,,,,,,,,,,,,,,,,
100,000313100173,1,1,001001135421,,,,,,,,,,,,,,,,,,,,,,,,
100,000313100174,1,1,001001194539,,,,,,,,,,,,,,,,,,,,,,,,
100,000313100175,1,1,001001138041,,,,,,,,,,,,,,,,,,,,,,,,
100,000313100176,1,1,001001149129,,,,,,,,,,,,,,,,,,,,,,,,
100,000313100177,1,1,001001132076,,,,,,,,,,,,,,,,,,,,,,,,
100,000313100179,1,1,001001132858,,,,,,,,,,,,,,,,,,,,,,,,
100,000313102290,1,1,001001174815,,,,,,,,,,,,,,,,,,,,,,,,
100,000313102294,1,1,001001178599,,,,,,,,,,,,,,,,,,,,,,,,
100,000313105352,1,1,001001186102,,,,,,,,RRU 700 et 800 secteurs 2 et 3 HS - Attente deblocage experts - Relancele 11/08,22-04-2024,Cloturer : Piece Bonne,26-06-2024,Probleme fonctionnel,30-07-2024,Fournisseur,19-04-2024,,,Cloturer : Piece Bonne/Probleme fonctionnel/Fournisseur,,5M,,26-04-2024,12:49:10,NHSALEVOI
100,000313105352,2,1,001001186103,,,,,,,,RRU 700 et 800 secteurs 2 et 3 HS - Attente deblocage experts - Relancele 11/08,22-04-2024,Cloturer : Piece Bonne,26-06-2024,Probleme fonctionnel,30-07-2024,Fournisseur,19-04-2024,,,Cloturer : Piece Bonne/Probleme fonctionnel/Fournisseur,,5M,,26-04-2024,12:49:11,NHSALEVOI
100,000313105396,1,1,001001201457,,,,,,,,Relance le 11/08 - Relance le 11/09 - Relance le 26/09,22-04-2024,Cloturer: Shields (Refus RMA),26-04-2024,Probleme fonctionnel,30-07-2024,Fournisseur,19-04-2024,,,Cloturer: Shields (Refus RMA)/Probleme fonctionnel/Fournisseur,,5M,,26-04-2024,12:49:11,NHSALEVOI
100,000313106816,1,1,,,,,,,,,,,,,,,,,,,,,,,17-04-2023,10:10:51,NHSROCARI
100,000313107614,1,1,001001162268,,,,,,,,PB de PIM constates apres analyse detaille realisde - SWAP S2/S3 arealiser -,22-04-2024,Cloturer : Shields (Article peint),26-04-2024,Probleme fonctionnel,30-07-2024,Fournisseur,19-04-2024,,,Cloturer : Shields (Article peint)/Probleme fonctionnel/Fournisseur,,5M,,26-04-2024,12:49:11,NHSALEVOI
100,000313107614,2,1,,,,,,,,,PB de PIM constates apres analyse detaille realisde - SWAP S2/S3 arealiser -,22-04-2024,Cloturer : Go BYTEL cloture le 22/01/2025,22-01-2025,Probleme fonctionnel,30-07-2024,Fournisseur,19-04-2024,,,Cloturer : Go BYTEL cloture le 22/01/2025/Probleme fonctionnel/Fournisseur,,,,22-01-2025,11:26:52,NHSFRSPM30
100,000313109019,1,1,001001135144,,,,,,,,,,,,,,,,,,,,,,,,
100,000313109026,1,1,001001136643,,,,,,,,,,,,,,,,,,,,,,,,
100,000313109027,1,1,001001136633,,,,,,,,,,,,,,,,,,,,,,,,
100,000313109028,1,1,001001140401,,,,,,,,,,,,,,,,,,,,,,,,
100,000313109029,1,1,001001135226,,,,,,,,,,,,,,,,,,,,,,,,
100,000313109030,1,1,001001135141,,,,,,,,,,,,,,,,,,,,,,,,
100,000313109031,1,1,001001135555,,,,,,,,,,,,,,,,,,,,,,,,
100,000313109451,1,1,001001186737,,,,,,,,1 antenne 2G/3G/4G du site T04CF2 nous a ete livree endommagee au depot- Relance le 11/08,22-04-2024,Cloturer : Shields (COMSCOPE),26-06-2024,Dommage physique,30-07-2024,MMO,19-04-2024,,,Cloturer : Shields (COMSCOPE)/Dommage physique/MMO,,5M,,26-04-2024,12:49:11,NHSALEVOI
100,000313113680,1,1,001001176204,,,,,,,,Probleme RET sur la bande 900 -,22-04-2024,Cloturer : Piece Bonne,26-06-2024,Probleme fonctionnel,30-07-2024,Fournisseur,19-04-2024,,,Cloturer : Piece Bonne/Probleme fonctionnel/Fournisseur,,5M,,26-04-2024,12:49:11,NHSALEVOI
100,000313114672,1,1,,,,,,,,,,,RMA Beantragung,10-05-2023,,,,,,,RMA Beantragung,,,,10-05-2023,14:40:30,NHS001549
100,000313115220,1,1,001001144319,,,,,,,,,,,,,,,,,,,,,,,,
100,000313115222,1,1,001001144323,,,,,,,,,,,,,,,,,,,,,,,,
100,000313115223,1,1,001001144324,,,,,,,,,,,,,,,,,,,,,,,,
100,000313115224,1,1,001001137566,,,,,,,,,,,,,,,,,,,,,,,,
100,000313115225,1,1,001001146605,,,,,,,,,,,,,,,,,,,,,,,,
100,000313115226,1,1,001001146604,,,,,,,,,,,,,,,,,,,,,,,,
100,000313115227,1,1,001001136857,,,,,,,,,,,,,,,,,,,,,,,,
100,000313115228,1,1,001001136872,,,,,,,,,,,,,,,,,,,,,,,,
100,000313115229,1,1,001001137811,,,,,,,,,,,,,,,,,,,,,,,,
100,000313115230,1,1,001001136962,,,,,,,,,,,,,,,,,,,,,,,,
100,000313115231,1,1,001001137416,,,,,,,,,,,,,,,,,,,,,,,,
100,000313115232,1,1,001001141628,,,,,,,,,,,,,,,,,,,,,,,,
100,000313115233,1,1,001001141621,,,,,,,,,,,,,,,,,,,,,,,,
100,000313115234,1,1,001001141620,,,,,,,,,,,,,,,,,,,,,,,,
100,000313115235,1,1,001001137430,,,,,,,,,,,,,,,,,,,,,,,,
100,000313115928,1,1,001001137402,,,,,,,,,,,,,,,,,,,,,,,,
100,000313115936,1,1,001001136984,,,,,,,,,,,,,,,,,,,,,,,,
100,000313118987,1,1,001001151760,,,,,,,,Materiel HS - Attente du bon formulaire - l'appareil ne c'est pas allume lors de la mise en service -,22-04-2024,"Cloturer : Shields (Dmd Bytel)/confirme, Dmd A. Koreytem le 22/08/23",26-06-2024,Probleme fonctionnel,30-07-2024,Fournisseur,19-04-2024,,,"Cloturer : Shields (Dmd Bytel)/confirme, Dmd A. Koreytem le 22/08/23/Probleme fonctionnel/Fournisseur",,5M,,26-04-2024,12:49:11,NHSALEVOI
100,000313119100,1,1,001001206311,,,,,,,,RRU HS sur le secteur 3 - Relance le 11/08 - Relance le 26/09,22-04-2024,Cloturer : Piece Bonne (NFF CTDI),25-09-2024,Probleme fonctionnel,30-07-2024,Fournisseur,19-04-2024,,,Cloturer : Piece Bonne (NFF CTDI)/Probleme fonctionnel/Fournisseur,,5M,,12-09-2024,01:49:50,NHS_BATCH
100,000313120491,1,1,001001198306,,,,,,,,Materiel HS - Probleme pilotage Rets S2 - Attente du bon formulaire -Relance le 11/08 - Relance le 26/09,22-04-2024,Cloturer : Shields (CTDI HS Confirm#),25-09-2024,Probleme fonctionnel,30-07-2024,Fournisseur,19-04-2024,,,Cloturer : Shields (CTDI HS Confirm#)/Probleme fonctionnel/Fournisseur,,5M,,04-10-2024,02:03:10,NHS_BATCH
100,000313121510,1,1,001001138631,,,,,,,,,,,,,,,,,,,,,,,,
100,000313121511,1,1,001001233665,,,,,,,,,,,,,,,,,,,,,,,,
100,000313121512,1,1,001001249051,,,,,,,,,,,,,,,,,,,,,,,,
100,000313121513,1,1,001001163369,,,,,,,,,,,,,,,,,,,,,,,,
100,000313121514,1,1,001001141452,,,,,,,,,,,,,,,,,,,,,,,,
100,000313121515,1,1,001001142891,,,,,,,,,,,,,,,,,,,,,,,,
100,000313121516,1,1,001001141227,,,,,,,,,,,,,,,,,,,,,,,,
100,000313123727,1,1,001001151761,,,,,,,,Remplacement de la carte 6630 par la carte 6631 - erreur cde,22-04-2024,Cloturer : Echange Standard,27-08-2024,Echange equipement neuf,30-07-2024,MMO,19-04-2024,,,Cloturer : Echange Standard/Echange equipement neuf/MMO,,5M,,20-06-2024,01:03:24,NHS_BATCH
100,000313126218,1,1,001001158473,,,,,,,,,,,,,,,,,,,,,,,,
100,000313129579,1,1,001001191311,,,,,,,,"Suspicion d'un probleme d'alimentation, ou composant interne HS. -Relance le 11/08",22-04-2024,Cloturer : Echange Standard,26-04-2024,Probleme fonctionnel,30-07-2024,Fournisseur,19-04-2024,,,Cloturer : Echange Standard/Probleme fonctionnel/Fournisseur,,5M,,26-04-2024,12:49:11,NHSALEVOI
100,000313134501,1,1,001001312842,,,,,,,,Ticket prod recu pour FH en bagot - ODU defectueux sur site distant -Relance le 10/08 - Relance le 29/09,22-04-2024,Cloturer : Echange Standard,08-10-2024,Probleme fonctionnel,30-07-2024,Fournisseur,19-04-2024,,,Cloturer : Echange Standard/Probleme fonctionnel/Fournisseur,,5M,,09-10-2024,01:46:03,NHS_BATCH
100,000313134547,1,1,001001312843,,,,,,,,L'IDU ne se connecte pas au reseau - Relance le 10/08 - Relance le 29/09,22-04-2024,Cloturer : Shields (Refus RMA),13-09-2024,Probleme fonctionnel,30-07-2024,Fournisseur,19-04-2024,,,Cloturer : Shields (Refus RMA)/Probleme fonctionnel/Fournisseur,,5M,,17-09-2024,01:47:13,NHS_BATCH
100,000313134588,1,1,001001191312,,,,,,,,"Pas de transmission entre BB et CSG, l'intergrateur preconnise unremplacement de la BB6641 - Attente blocage expert ok le 31/05 - Relance le 10/08",22-04-2024,Cloturer : Echange Standard,26-04-2024,Probleme fonctionnel,30-07-2024,Fournisseur,19-04-2024,,,Cloturer : Echange Standard/Probleme fonctionnel/Fournisseur,,5M,,26-04-2024,12:49:11,NHSALEVOI
100,000313135860,5,1,001001144233,,,,,,AKZ:I falsch. WM korrekt; wurde an Vendo,16-05-2023,,,RMA BEANTRAGUNG,12-09-2023,,,,,,,AKZ:I falsch. WM korrekt; wurde an Vendo/RMA BEANTRAGUNG,,5,,16-05-2023,09:34:25,NHS050084
100,000313136169,1,1,001001159321,,,,,,,,,,,,,,,,,,,,,,,,
100,000313136170,1,1,001001246676,,,,,,,,,,,,,,,,,,,,,,,,
100,000313136171,1,1,001001147331,,,,,,,,,,,,,,,,,,,,,,,,
100,000313136172,1,1,001001142863,,,,,,,,,,,,,,,,,,,,,,,,
100,000313136173,1,1,001001145842,,,,,,,,,,,,,,,,,,,,,,,,
100,000313136174,1,1,001001146862,,,,,,,,,,,,,,,,,,,,,,,,
100,000313137883,1,1,001001158400,,,,,,"Support durch TD (21.03.24 MT)/Bauteil beschafft, in Arbeit 13.02.24 MT/difficult repair (27.06.23 MT)",21-03-2024,,,,,,,,,,,"Support durch TD (21.03.24 MT)/Bauteil beschafft, in Arbeit 13.02.24 MT/difficult repair (27.06.23 MT)",,5A,,21-03-2024,13:13:04,NHS001462
100,000313137883,2,1,001001164260,,,,,,,,,,,,,,,,,,,,,,,,
100,000313137900,1,1,001001206312,,,,,,,,Le site etait prevu en depart mono pour des raisons technique Enedisdemande un triphase - Relance Stock dormant le 10/08 - Relance le 29/09,22-04-2024,Cloturer : Piece Bonne,26-04-2024,Echange equipement neuf,31-07-2024,MMO,19-04-2024,,,Cloturer : Piece Bonne/Echange equipement neuf/MMO,,5M,,12-04-2024,01:09:36,NHS_BATCH
100,000313137920,1,1,001001191313,,,,,,,,Retour en Stock ok,22-04-2024,Cloturer : Piece Bonne,26-06-2024,Dommage physique,30-07-2024,MMO,19-04-2024,,,Cloturer : Piece Bonne/Dommage physique/MMO,,5M,,26-04-2024,12:49:11,NHSALEVOI
100,000313138513,1,1,001001154436,,,,,,,,"La piece HS renvoyee chez CTDI est la piece neuve, le MMO demande lerenvoi, fait le 7/06",22-04-2024,Cloturer : Echange Standard,26-04-2024,Probleme fonctionnel,30-07-2024,Fournisseur,19-04-2024,,,Cloturer : Echange Standard/Probleme fonctionnel/Fournisseur,,5M,,26-04-2024,12:49:11,NHSALEVOI
100,000313140124,1,1,,,,,,,,,,,RMA Beantragung,08-07-2025,,,,,,,RMA Beantragung,,,,08-07-2025,08:37:21,NHS001549
100,000313141565,1,1,001001239438,,,,,,,,Relance le 10/08 - Relance le 29/09,22-04-2024,Cloturer : Shields (CTDI HS Confirm#),25-09-2024,Probleme fonctionnel,30-07-2024,MMO,19-04-2024,,,Cloturer : Shields (CTDI HS Confirm#)/Probleme fonctionnel/MMO,,5M,,12-09-2024,01:49:51,NHS_BATCH
100,000313141594,1,1,001001232263,,,,,,,,impossibilite de se connecter dessus - Relance le 10/08- Relance le29/09,22-04-2024,Cloturer : Shields (CTDI HS Confirm#),25-09-2024,Probleme fonctionnel,30-07-2024,MMO,19-04-2024,,,Cloturer : Shields (CTDI HS Confirm#)/Probleme fonctionnel/MMO,,5M,,12-09-2024,01:49:51,NHS_BATCH
100,000313141745,1,1,001001148521,,,,,,,,,,,,,,,,,,,,,,,,
100,000313142014,1,1,,,,,,,,,,,,,,,,,,,,,,,16-05-2023,12:16:31,NHSFRSPM10
100,000313143298,1,1,001001215058,,,,,,,,,,,,,,,,,,,,,,,,
100,000313143300,1,1,001001144950,,,,,,,,,,,,,,,,,,,,,,,,
100,000313143302,1,1,001001216534,,,,,,,,,,,,,,,,,,,,,,,,
100,000313143358,1,1,001001158613,,,,,,,,,,,,,,,,,,,,,,,,
100,000313143358,2,1,001001158324,,,,,,,,,,,,,,,,,,,,,,,,
100,000313143358,3,1,001001158419,,,,,,,,,,,,,,,,,,,,,,,,
100,000313143358,4,1,001001158627,,,,,,,,,,,,,,,,,,,,,,,,
100,000313143358,5,1,001001158621,,,,,,,,,,,,,,,,,,,,,,,,
100,000313143358,6,1,001001158383,,,,,,,,,,,,,,,,,,,,,,,,
100,000313143358,9,1,001001154282,,,,,,,,,,,,,,,,,,,,,,,,
100,000313143358,10,1,001001154674,,,,,,,,,,,,,,,,,,,,,,,,
100,000313143358,11,1,001001155136,,,,,,,,,,,,,,,,,,,,,,,,
100,000313143358,13,1,001001155149,,,,,,,,,,,,,,,,,,,,,,,,
100,000313143358,14,1,001001155124,,,,,,,,,,,,,,,,,,,,,,,,
100,000313143358,15,1,001001157531,,,,,,,,,,,,,,,,,,,,,,,,
100,000313143358,16,1,001001157823,,,,,,,,,,,,,,,,,,,,,,,,
100,000313143358,17,1,001001157726,,,,,,,,,,,,,,,,,,,,,,,,
100,000313143358,18,1,001001157458,,,,,,,,,,,,,,,,,,,,,,,,
100,000313143358,19,1,001001157371,,,,,,,,,,,,,,,,,,,,,,,,
100,000313143358,20,1,001001156586,,,,,,,,,,,,,,,,,,,,,,,,
100,000313143358,21,1,001001156361,,,,,,,,,,,,,,,,,,,,,,,,
100,000313143358,22,1,001001155986,,,,,,,,,,,,,,,,,,,,,,,,
100,000313143358,23,1,001001155455,,,,,,,,,,,,,,,,,,,,,,,,
100,000313143358,24,1,001001156213,,,,,,,,,,,,,,,,,,,,,,,,
100,000313143358,25,1,001001155733,,,,,,,,,,,,,,,,,,,,,,,,
100,000313145081,1,1,001001157354,,,,,,,,,,,,,,,,,,,,,,,,
100,000313145128,1,1,001001163189,,,,,,,,,,,,,,,,,,,,,,,,
100,000313145552,1,1,001001258769,,,,,,,,RRU a remplacer (vu avec la maintenance BYTEL) - Relance le 11/08 -Relance le 29/09,22-04-2024,Cloturer : Piece Bonne,06-05-2024,Probleme fonctionnel,30-07-2024,Fournisseur,19-04-2024,,,Cloturer : Piece Bonne/Probleme fonctionnel/Fournisseur,,5M,,26-04-2024,12:49:11,NHSALEVOI
100,000313145552,2,1,001001258770,,,,,,,,RRU a remplacer (vu avec la maintenance BYTEL) - Relance le 11/08 -Relance le 29/09,22-04-2024,Cloturer : Piece Bonne,06-05-2024,Probleme fonctionnel,30-07-2024,Fournisseur,19-04-2024,,,Cloturer : Piece Bonne/Probleme fonctionnel/Fournisseur,,5M,,26-04-2024,12:49:12,NHSALEVOI
100,000313145552,3,1,001001258771,,,,,,,,RRU a remplacer (vu avec la maintenance BYTEL) - Relance le 11/08 -Relance le 29/09,22-04-2024,Cloturer : Piece Bonne,06-05-2024,Probleme fonctionnel,30-07-2024,Fournisseur,19-04-2024,,,Cloturer : Piece Bonne/Probleme fonctionnel/Fournisseur,,5M,,26-04-2024,12:49:12,NHSALEVOI
100,000313145552,4,1,001001258772,,,,,,,,RRU a remplacer (vu avec la maintenance BYTEL) - Relance le 11/08 -Relance le 29/09,22-04-2024,Cloturer : Piece Bonne,06-05-2024,Probleme fonctionnel,30-07-2024,Fournisseur,19-04-2024,,,Cloturer : Piece Bonne/Probleme fonctionnel/Fournisseur,,5M,,26-04-2024,12:49:12,NHSALEVOI
100,000313145560,1,1,001001193550,,,,,,,,Relance stock dormant le 11/08,22-04-2024,Cloturer : Echange Standard,26-04-2024,Echange equipement neuf,30-07-2024,MMO,19-04-2024,,,Cloturer : Echange Standard/Echange equipement neuf/MMO,,5M,,26-04-2024,12:49:12,NHSALEVOI
100,000313145560,2,1,001001193551,,,,,,,,Relance stock dormant le 11/08,22-04-2024,Cloturer : Shields (Article peint),26-04-2024,Echange equipement neuf,30-07-2024,MMO,19-04-2024,,,Cloturer : Shields (Article peint)/Echange equipement neuf/MMO,,5M,,26-04-2024,12:49:12,NHSALEVOI
100,000313145976,1,1,001001164564,,,,,,NoMat-2900148098-5,12-07-2023,,,,,22472650002-NoMat-2900148098-5,12-07-2023,,,,,NoMat-2900148098-5/22472650002-NoMat-2900148098-5,,5M,,12-07-2023,10:05:27,ALEREMOTE
100,000313147553,1,1,001001190909,,,,,,,,RRU 700 non demantele - Livraison realise sur les lignes 3131475530005,18-07-2024,Cloturer : Shields (Dmd Bytel),26-06-2024,Probleme fonctionnel,30-07-2024,Fournisseur,19-06-2024,,,Cloturer : Shields (Dmd Bytel)/Probleme fonctionnel/Fournisseur,,5M,,26-04-2024,12:49:12,NHSALEVOI
100,000313147553,2,1,001001190910,,,,,,,,RRU 800 non demantele - Livraison realise sur les lignes 3131475530006,18-07-2024,Cloturer : Piece Bonne,26-06-2024,Probleme fonctionnel,30-07-2024,Fournisseur,19-06-2024,,,Cloturer : Piece Bonne/Probleme fonctionnel/Fournisseur,,5M,,26-04-2024,12:49:12,NHSALEVOI
100,000313147553,3,1,001001194117,,,,,,,,RRU 700 S2 HS -RRU 800 S3 HS ODU - Ne demarre pas - Envoi le 24/05 ODU-RRU en rupture expedies le 2/06 - Relance le 16/08 -,22-04-2024,Cloturer : Echange Standard,26-04-2024,Probleme fonctionnel,30-07-2024,Fournisseur,19-04-2024,,,Cloturer : Echange Standard/Probleme fonctionnel/Fournisseur,,5M,,26-04-2024,12:49:12,NHSALEVOI
100,000313148045,1,1,001001196013,,,,,,,,Probleme antenne 5G H.S TI0000004673500 - Relance le 11/08,22-04-2024,Cloturer : Piece Bonne,21-06-2024,Probleme fonctionnel,30-07-2024,Fournisseur,19-04-2024,,,Cloturer : Piece Bonne/Probleme fonctionnel/Fournisseur,,5M,,26-04-2024,12:49:12,NHSALEVOI
100,000313148045,2,1,001001191314,,,,,,,,Probleme antenne 5G H.S TI0000004673500 - Relance le 11/08 - a cloturer,22-04-2024,Cloturer : Non Retourne,26-06-2024,Probleme fonctionnel,30-07-2024,Fournisseur,19-04-2024,,,Cloturer : Non Retourne/Probleme fonctionnel/Fournisseur,,5M,,04-05-2024,01:20:45,NHS_BATCH
100,000313148045,3,1,,,,,,,,,Probleme antenne 5G H.S TI0000004673500 - Relance le 11/08 -,22-04-2024,,,Probleme fonctionnel,30-07-2024,Fournisseur,19-04-2024,,,Probleme fonctionnel/Fournisseur,,,,30-07-2024,15:59:08,NHSFRSPM30
100,000313148045,4,1,,,,,,,,,Probleme antenne 5G H.S TI0000004673500 - Relance le 11/08 -,22-04-2024,,,Probleme fonctionnel,30-07-2024,Fournisseur,19-04-2024,,,Probleme fonctionnel/Fournisseur,,,,30-07-2024,15:59:08,NHSFRSPM30
100,000313148045,5,1,,,,,,,,,Probleme antenne 5G H.S TI0000004673500 - Relance le 11/08 -,22-04-2024,,,Probleme fonctionnel,30-07-2024,Fournisseur,19-04-2024,,,Probleme fonctionnel/Fournisseur,,,,30-07-2024,15:59:08,NHSFRSPM30
100,000313149655,1,1,001001148227,,,,,,,,,,,,,,,,,,,,,,,,
100,000313149657,1,1,001001152545,,,,,,,,,,,,,,,,,,,,,,,,
100,000313149658,1,1,001001151905,,,,,,,,,,,,,,,,,,,,,,,,
100,000313149659,1,1,001001151907,,,,,,,,,,,,,,,,,,,,,,,,
100,000313149660,1,1,001001151906,,,,,,,,,,,,,,,,,,,,,,,,
100,000313149661,1,1,001001153045,,,,,,,,,,,,,,,,,,,,,,,,
100,000313154196,1,1,001001147892,,,,,,,,,,,,,,,,,,,,,,,,
100,000313154197,1,1,001001148752,,,,,,,,,,,,,,,,,,,,,,,,
100,000313154198,1,1,001001165156,,,,,,,,,,,,,,,,,,,,,,,,
100,000313154199,1,1,001001152694,,,,,,,,,,,,,,,,,,,,,,,,
100,000313154200,1,1,001001206879,,,,,,,,,,,,,,,,,,,,,,,,
100,000313156467,1,1,001001198987,,,,,,,,Antenne 4G declarer H.S pour resolution du TI0000004655919 - Relance le11/08 - Relance le 29/09 -,22-04-2024,Cloturer : Echange Standard,26-04-2024,Probleme fonctionnel,30-07-2024,Fournisseur,19-04-2024,,,Cloturer : Echange Standard/Probleme fonctionnel/Fournisseur,,5M,,26-04-2024,12:49:12,NHSALEVOI
100,000313156525,1,1,001001173422,,,,,,,,"Attente formulaire recu le 31/05 - Nous n'arrivons pas a rentrer dansl'equipement pour mettre la conf d'usine, nous avons essaye tous lescodes transmis par Bytel..Pas de defaut d'alimentation mais le souci est du cote des acces. - a cloturer",22-04-2024,Cloturer : Shields,26-04-2024,Probleme fonctionnel,30-07-2024,Fournisseur,19-04-2024,,,Cloturer : Shields/Probleme fonctionnel/Fournisseur,,5M,,06-05-2024,10:38:30,NHSALEVOI
100,000313158234,1,1,001001254372,,,,,,,,Demande de changement d'antenne radio sur suite au ticketTI0000004642345 - Relance le 10/08 - Relance le 29/09,22-04-2024,Cloturer : Piece Bonne,26-04-2024,Probleme fonctionnel,30-07-2024,Fournisseur,19-04-2024,,,Cloturer : Piece Bonne/Probleme fonctionnel/Fournisseur,,5M,,19-03-2024,01:04:46,NHS_BATCH
100,000313158952,1,1,001001167986,,,,,,,,,,,,,,,,,,,,,,,,
100,000313158953,1,1,001001168654,,,,,,,,,,,,,,,,,,,,,,,,
100,000313159038,1,1,001001179568,,,,,,,,"Ret HS secteur 1 - Plusieurs tests effectues entre le changement decable de MDCU et antenne, RET toujours HS - Expedition faite sur uneautre ligne - Relance le 10/08",22-04-2024,Cloturer : Piece Bonne,26-06-2024,Probleme fonctionnel,30-07-2024,Fournisseur,19-04-2024,,,Cloturer : Piece Bonne/Probleme fonctionnel/Fournisseur,,5M,,26-04-2024,12:49:12,NHSALEVOI
100,000313161532,1,1,001001155750,,,,,,,,,,,,,,,,,,,,,,,,
100,000313161533,1,1,001001313205,,,,,,,,,,,,,,,,,,,,,,,,
100,000313161534,1,1,001001190479,,,,,,,,,,,,,,,,,,,,,,,,
100,000313161535,1,1,001001313207,,,,,,,,,,,,,,,,,,,,,,,,
100,000313163484,1,1,001001175559,,,,,,,,"RRU 2460 7/8/9 S1 hors service, nous avons utilise un RRU d'un autresite. - Expedition faite sur une autre ligne",22-04-2024,Cloturer : Echange Standard,26-04-2024,Probleme fonctionnel,30-07-2024,Fournisseur,19-04-2024,,,Cloturer : Echange Standard/Probleme fonctionnel/Fournisseur,,5M,,26-04-2024,12:49:12,NHSALEVOI
100,000313164601,1,1,001001193552,,,,,,,,"Les SFP monofibre, le MMO veut du double fibre - pas de ref - lesexperts ont pris contactent avec le MMO- SFP retrouves - Relance le16/08 -",22-04-2024,Cloturer : Echange Standard,26-04-2024,Probleme fonctionnel,30-07-2024,MMO,19-04-2024,,,Cloturer : Echange Standard/Probleme fonctionnel/MMO,,5M,,26-04-2024,12:49:12,NHSALEVOI
100,000313166476,1,1,001001179404,,,,,,,,,,,,,,,,,,,,,,,,
100,000313166477,1,1,001001179399,,,,,,,,,,,,,,,,,,,,,,,,
100,000313166478,1,1,001001159650,,,,,,,,,,,,,,,,,,,,,,,,
100,000313166479,1,1,001001152541,,,,,,,,,,,,,,,,,,,,,,,,
100,000313166480,1,1,001001161867,,,,,,,,,,,,,,,,,,,,,,,,
100,000313166481,1,1,001001154485,,,,,,,,,,,,,,,,,,,,,,,,
100,000313166482,1,1,001001152691,,,,,,,,,,,,,,,,,,,,,,,,
100,000313166782,1,1,001001160033,,,,,,,,Auto integration NOK et port HS selon l'integrateur -,22-04-2024,Cloturer : Echange Standard,26-04-2024,Probleme fonctionnel,30-07-2024,Fournisseur,19-04-2024,,,Cloturer : Echange Standard/Probleme fonctionnel/Fournisseur,,5M,,26-04-2024,12:49:12,NHSALEVOI
100,000313166783,1,1,001001205008,,,,,,,,Probleme de surchauffe sur 2 BaseBand fan HS - Relance le 16/08 -Relance le 29/09,22-04-2024,Cloturer : Echange Standard,26-04-2024,Probleme fonctionnel,30-07-2024,Fournisseur,19-04-2024,,,Cloturer : Echange Standard/Probleme fonctionnel/Fournisseur,,5M,,26-04-2024,12:49:12,NHSALEVOI
100,000313166783,2,1,001001205009,,,,,,,,Probleme de surchauffe sur 2 BaseBand fan HS - Relance le 16/08 -Relance le 29/09,22-04-2024,Cloturer : Echange Standard,26-06-2024,Probleme fonctionnel,30-07-2024,Fournisseur,19-04-2024,,,Cloturer : Echange Standard/Probleme fonctionnel/Fournisseur,,5M,,26-04-2024,12:49:12,NHSALEVOI
100,000313170991,1,1,001001173423,,,,,,,,La panne a ete identifiee par un technicien de l'exploitation lors dutransfert du site. Erreur Fonctionnelle. -,22-04-2024,Cloturer : Echange Standard,26-04-2024,Probleme fonctionnel,30-07-2024,Fournisseur,19-04-2024,,,Cloturer : Echange Standard/Probleme fonctionnel/Fournisseur,,5M,,26-04-2024,12:49:13,NHSALEVOI
100,000313171151,1,1,001001174943,,,,,,,,ERI AIR 6449 B78M 240W 1 OPE H.S. - Expedition faite sur une autre ligne,22-04-2024,Cloturer : Echange Standard,26-04-2024,Probleme fonctionnel,30-07-2024,Fournisseur,19-04-2024,,,Cloturer : Echange Standard/Probleme fonctionnel/Fournisseur,,5M,,26-04-2024,12:49:13,NHSALEVOI
100,000313171164,1,1,001001183056,,,,,,,,Besoin d'un nouvel RRU suite a une panne sur site. - Relance le 16/08 -a cloturer,22-04-2024,Cloturer : Shields (Dmd Bytel),07-10-2024,Probleme fonctionnel,30-07-2024,Fournisseur,19-04-2024,,,Cloturer : Shields (Dmd Bytel)/Probleme fonctionnel/Fournisseur,,5M,,09-10-2024,01:46:04,NHS_BATCH
100,000313171557,1,1,001001231711,,,,,,,,Aucun signal entre les deux FH malgre une bonne liaison entres les ODUet l'IDU. - Relance le 16/08 - Relance le 29/09,22-04-2024,Cloturer : Shields (Article monte),26-04-2024,Probleme fonctionnel,30-07-2024,Fournisseur,19-04-2024,,,Cloturer : Shields (Article monte)/Probleme fonctionnel/Fournisseur,,5M,,26-04-2024,12:49:13,NHSALEVOI
100,000313171557,2,1,001001240488,,,,,,,,Aucun signal entre les deux FH malgre une bonne liaison entres les ODUet l'IDU. - Relance le 16/08 - Relance le 29/09,22-04-2024,Cloturer: Shields (Refus RMA),26-04-2024,Probleme fonctionnel,30-07-2024,Fournisseur,19-04-2024,,,Cloturer: Shields (Refus RMA)/Probleme fonctionnel/Fournisseur,,5M,,26-04-2024,12:49:13,NHSALEVOI
100,000313173433,1,1,001001181530,,,,,,,,Le ret du secteur 2  n'est plus pilote par le RRU 700/800/900,22-04-2024,Cloturer : Piece Bonne,26-06-2024,Probleme fonctionnel,30-07-2024,Fournisseur,19-04-2024,,,Cloturer : Piece Bonne/Probleme fonctionnel/Fournisseur,,5M,,26-04-2024,12:49:13,NHSALEVOI
100,000313173655,1,1,001001154836,,,,,,,,,,,,,,,,,,,,,,,,
100,000313173656,1,1,001001154352,,,,,,,,,,,,,,,,,,,,,,,,
100,000313173657,1,1,001001154839,,,,,,,,,,,,,,,,,,,,,,,,
100,000313173658,1,1,001001154049,,,,,,,,,,,,,,,,,,,,5M,,16-06-2023,01:25:36,NHS_BATCH
100,000313173659,1,1,001001158365,,,,,,,,,,,,,,,,,,,,,,,,
100,000313173660,1,1,001001154844,,,,,,,,,,,,,,,,,,,,,,,,
100,000313173661,1,1,001001166831,,,,,,,,,,,,,,,,,,,,,,,,
100,000313173662,1,1,001001155512,,,,,,,,,,,,,,,,,,,,,,,,
100,000313173663,1,1,001001156058,,,,,,,,,,,,,,,,,,,,,,,,
100,000313173664,1,1,001001157064,,,,,,,,,,,,,,,,,,,,,,,,
100,000313173665,1,1,001001154345,,,,,,,,,,,,,,,,,,,,,,,,
100,000313173666,1,1,001001154298,,,,,,,,,,,,,,,,,,,,,,,,
100,000313173667,1,1,001001166811,,,,,,,,,,,,,,,,,,,,,,,,
100,000313173669,1,1,001001167460,,,,,,,,,,,,,,,,,,,,,,,,
100,000313173670,1,1,001001167469,,,,,,,,,,,,,,,,,,,,,,,,
100,000313173671,1,1,001001168605,,,,,,,,,,,,,,,,,,,,,,,,
100,000313173672,1,1,001001154337,,,,,,,,,,,,,,,,,,,,,,,,
100,000313173673,1,1,001001157729,,,,,,,,,,,,,,,,,,,,,,,,
100,000313173674,1,1,001001155516,,,,,,,,,,,,,,,,,,,,,,,,
100,000313173675,1,1,001001156217,,,,,,,,,,,,,,,,,,,,,,,,
100,000313173676,1,1,001001157653,,,,,,,,,,,,,,,,,,,,,,,,
100,000313173677,1,1,001001157236,,,,,,,,,,,,,,,,,,,,,,,,
100,000313173678,1,1,001001154860,,,,,,,,,,,,,,,,,,,,,,,,
100,000313173679,1,1,001001155704,,,,,,,,,,,,,,,,,,,,,,,,
100,000313173680,1,1,001001155525,,,,,,,,,,,,,,,,,,,,,,,,
100,000313173681,1,1,001001157239,,,,,,,,,,,,,,,,,,,,,,,,
100,000313173682,1,1,001001156065,,,,,,,,,,,,,,,,,,,,,,,,
100,000313173683,1,1,001001155521,,,,,,,,,,,,,,,,,,,,,,,,
100,000313173685,1,1,001001157349,,,,,,,,,,,,,,,,,,,,,,,,
100,000313173686,1,1,001001156816,,,,,,,,,,,,,,,,,,,,,,,,
100,000313173687,1,1,001001158390,,,,,,,,,,,,,,,,,,,,,,,,
100,000313173688,1,1,001001154841,,,,,,,,,,,,,,,,,,,,,,,,
100,000313173689,1,1,001001153841,,,,,,,,,,,,,,,,,,,,,,,,
100,000313173692,1,1,001001156588,,,,,,,,,,,,,,,,,,,,,,,,
100,000313173694,1,1,001001154192,,,,,,,,,,,,,,,,,,,,,,,,
100,000313173695,1,1,001001154363,,,,,,,,,,,,,,,,,,,,,,,,
100,000313175140,1,1,,,,,,,,,Probleme sur la liaison FH. Aucune alarme ne remonte - Relance le 17/08- a cloturer,22-04-2024,Cloturer : Shields (Dmd Bytel),07-10-2024,Probleme fonctionnel,30-07-2024,Fournisseur,19-04-2024,,,Cloturer : Shields (Dmd Bytel)/Probleme fonctionnel/Fournisseur,,,,07-10-2024,14:45:15,NHSALEVOI
100,000313175140,2,1,,,,,,,,,Probleme sur la liaison FH. Aucune alarme ne remonte - Relance le 17/08- a cloturer,22-04-2024,Cloturer : Piece Bonne,26-06-2024,Probleme fonctionnel,30-07-2024,Fournisseur,19-04-2024,,,Cloturer : Piece Bonne/Probleme fonctionnel/Fournisseur,,,,30-07-2024,15:59:08,NHSFRSPM30
100,000313175140,3,1,001001183978,,,,,,,,Probleme sur la liaison FH. Aucune alarme ne remonte - Relance le 17/08,22-04-2024,Cloturer : Shields (Article peint),26-06-2024,Probleme fonctionnel,30-07-2024,Fournisseur,19-04-2024,,,Cloturer : Shields (Article peint)/Probleme fonctionnel/Fournisseur,,5M,,26-04-2024,12:49:13,NHSALEVOI
100,000313175140,4,1,,,,,,,,,Probleme sur la liaison FH. Aucune alarme ne remonte - Relance le 17/08- a cloturer,22-04-2024,Cloturer : Piece Bonne,26-06-2024,Probleme fonctionnel,30-07-2024,Fournisseur,19-04-2024,,,Cloturer : Piece Bonne/Probleme fonctionnel/Fournisseur,,,,30-07-2024,15:59:08,NHSFRSPM30
100,000313177091,1,1,001001201458,,,,,,,,RET antenne S2 HS - ticket GIR TI0000004687922 - Relance le 17/08 -Relance le 29/09 -,22-04-2024,Cloturer : Echange Standard,26-04-2024,Probleme fonctionnel,30-07-2024,Fournisseur,19-04-2024,,,Cloturer : Echange Standard/Probleme fonctionnel/Fournisseur,,5M,,26-04-2024,12:49:13,NHSALEVOI
100,000313182116,1,1,001001161665,,,,,,,,,,,,,,,,,,,,,,,,
100,000313182649,1,1,001001312844,,,,,,,,"Ticket prod recu pour FH en bagot, un ODU defectueux sur site DI -Relance le 17/08 - Relance le 29/09",22-04-2024,Cloturer : Echange Standard,08-10-2024,Probleme fonctionnel,30-07-2024,Fournisseur,19-04-2024,,,Cloturer : Echange Standard/Probleme fonctionnel/Fournisseur,,5M,,09-10-2024,01:46:04,NHS_BATCH
100,000313182662,1,1,001001186738,,,,,,,,Carte UBBPG3B H.S - Relance le 17/08 - a cloturer,22-04-2024,Cloturer : Shields (Refus RMA),25-09-2024,Probleme fonctionnel,30-07-2024,Fournisseur,19-04-2024,,,Cloturer : Shields (Refus RMA)/Probleme fonctionnel/Fournisseur,,5M,,21-09-2024,01:44:06,NHS_BATCH
100,000313183763,1,1,001001161505,,,,,,,,,,,,,,,,,,,,,,,,
100,000313187333,1,1,001001170002,,,,,,,,,,,,,,,,,,,,,,,,
100,000313187334,1,1,001001246556,,,,,,,,,,,,,,,,,,,,,,,,
100,000313187335,1,1,001001157393,,,,,,,,,,,,,,,,,,,,,,,,
100,000313187336,1,1,001001192423,,,,,,,,,,,,,,,,,,,,,,,,
100,000313187337,1,1,001001175721,,,,,,,,,,,,,,,,,,,,,,,,
100,000313187338,1,1,001001175717,,,,,,,,,,,,,,,,,,,,,,,,
100,000313187339,1,1,001001161876,,,,,,,,,,,,,,,,,,,,,,,,
100,000313187340,1,1,001001204939,,,,,,,,,,,,,,,,,,,,,,,,
100,000313187341,1,1,001001173462,,,,,,,,,,,,,,,,,,,,,,,,
100,000313187342,1,1,001001246149,,,,,,,,,,,,,,,,,,,,,,,,
100,000313187343,1,1,001001156998,,,,,,,,,,,,,,,,,,,,,,,,
100,000313187344,1,1,001001173461,,,,,,,,,,,,,,,,,,,,,,,,
100,000313187345,1,1,001001158100,,,,,,,,,,,,,,,,,,,,,,,,
100,000313187346,1,1,001001246552,,,,,,,,,,,,,,,,,,,,,,,,
100,000313187862,1,1,001001191315,,,,,,,,"Suite a une intervention a la demande de BYTEL site HS, nous avonsconstate que l'ODU 11 GHZ BH /// est HS. - Relance le 18/08",22-04-2024,Cloturer : Echange Standard,26-04-2024,Probleme fonctionnel,30-07-2024,Fournisseur,19-04-2024,,,Cloturer : Echange Standard/Probleme fonctionnel/Fournisseur,,5M,,26-04-2024,12:49:13,NHSALEVOI
100,000313187862,2,1,001001191316,,,,,,,,"Suite a une intervention a la demande de BYTEL site HS, nous avonsconstate que l'ODU 11 GHZ BH /// est HS. - Relance le 18/08",22-04-2024,Cloturer : Echange Standard,26-04-2024,Probleme fonctionnel,30-07-2024,Fournisseur,19-04-2024,,,Cloturer : Echange Standard/Probleme fonctionnel/Fournisseur,,5M,,26-04-2024,12:49:13,NHSALEVOI
100,000313193408,1,1,001001175560,,,,,,,,Il manque avec l'ODU 80GHz le kit SIAE V60707 ainsi que les vis defixations (Voir photos transmises) - a cloturer,22-04-2024,Cloturer : Shields,26-04-2024,Probleme fonctionnel,30-07-2024,Fournisseur,19-04-2024,,,Cloturer : Shields/Probleme fonctionnel/Fournisseur,,5M,,26-04-2024,12:49:13,NHSALEVOI
100,000313193413,1,1,001001187808,,,,,,,,Port antenne S1 HS RET antenne S3 NOK  Redresseur ELTEK Bcube 9kWdefectueux (lors du TF) - CTDI : Rupture materiel recu le 13/07 - 19/07colis Chrono reexpedie le 26/07 - Relance le 09/08,22-04-2024,Cloturer : Shields (Dmd Bytel),26-06-2024,Probleme fonctionnel,30-07-2024,Fournisseur,19-04-2024,,,Cloturer : Shields (Dmd Bytel)/Probleme fonctionnel/Fournisseur,,5M,,26-04-2024,12:49:13,NHSALEVOI
100,000313193413,2,1,001001187809,,,,,,,,Port antenne S1 HS RET antenne S3 NOK  Redresseur ELTEK Bcube 9kWdefectueux (lors du TF) - CTDI : Rupture materiel recu le 13/07 - 19/07colis Chrono reexpedie le 26/07 - Relance le 09/08 - a cloturer,22-04-2024,Cloturer : Shields,26-06-2024,Probleme fonctionnel,30-07-2024,Fournisseur,19-04-2024,,,Cloturer : Shields/Probleme fonctionnel/Fournisseur,,5M,,26-04-2024,12:49:13,NHSALEVOI
100,000313193413,3,1,001001187810,,,,,,,,Port antenne S1 HS RET antenne S3 NOK  Redresseur ELTEK Bcube 9kWdefectueux (lors du TF) - CTDI : Rupture materiel recu le 13/07 - 19/07colis Chrono reexpedie le 26/07 - Relance le 09/08 - a cloturer,22-04-2024,Cloturer : Shields (Dmd Bytel),07-10-2024,Probleme fonctionnel,30-07-2024,Fournisseur,19-04-2024,,,Cloturer : Shields (Dmd Bytel)/Probleme fonctionnel/Fournisseur,,5M,,09-10-2024,01:46:04,NHS_BATCH
100,000313194204,1,1,001001170289,,,,,,,,,,,,,,,,,,,,,,,,
100,000313194205,1,1,001001159362,,,,,,,,,,,,,,,,,,,,,,,,
100,000313194206,1,1,001001159282,,,,,,,,,,,,,,,,,,,,,,,,
100,000313194207,1,1,001001161893,,,,,,,,,,,,,,,,,,,,,,,,
100,000313194208,1,1,001001181353,,,,,,,,,,,,,,,,,,,,,,,,
100,000313194209,1,1,001001167151,,,,,,,,,,,,,,,,,,,,,,,,
100,000313194210,1,1,001001159398,,,,,,,,,,,,,,,,,,,,,,,,
100,000313194211,1,1,001001181598,,,,,,,,,,,,,,,,,,,,,,,,
100,000313194212,1,1,001001161865,,,,,,,,,,,,,,,,,,,,,,,,
100,000313194610,1,1,,,,,,,,,,,RMA Beantragung,08-07-2025,,,,,,,RMA Beantragung,,,,08-07-2025,08:37:35,NHS001549
100,000313194857,1,1,001001195793,,,,,,,,Relance le 18/08,22-04-2024,Cloturer : Shields (Article peint),26-04-2024,Probleme fonctionnel,30-07-2024,Fournisseur,19-04-2024,,,Cloturer : Shields (Article peint)/Probleme fonctionnel/Fournisseur,,5M,,26-04-2024,12:49:13,NHSALEVOI
100,000313195552,1,1,001001281580,,,,,,,,Relance le 18/08- Relance le 29/09,22-04-2024,Cloturer : Piece Bonne,26-06-2024,Probleme fonctionnel,30-07-2024,Fournisseur,19-04-2024,,,Cloturer : Piece Bonne/Probleme fonctionnel/Fournisseur,,5M,,01-07-2024,10:36:29,NHSALEVOI
100,000313198098,1,1,001001198989,,,,,,,,F.H HUA DUALBAND H.S -,22-04-2024,Cloturer : Piece Bonne,26-06-2024,Probleme fonctionnel,30-07-2024,Fournisseur,19-04-2024,,,Cloturer : Piece Bonne/Probleme fonctionnel/Fournisseur,,5M,,26-04-2024,12:49:13,NHSALEVOI
100,000313198098,2,1,001001198990,,,,,,,,F.H HUA DUALBAND H.S -,22-04-2024,Cloturer : Piece Bonne,26-06-2024,Probleme fonctionnel,30-07-2024,Fournisseur,19-04-2024,,,Cloturer : Piece Bonne/Probleme fonctionnel/Fournisseur,,5M,,26-04-2024,12:49:13,NHSALEVOI
100,000313198098,3,1,001001198991,,,,,,,,F.H HUA DUALBAND H.S -,22-04-2024,Cloturer : Echange Standard,26-04-2024,Probleme fonctionnel,30-07-2024,Fournisseur,19-04-2024,,,Cloturer : Echange Standard/Probleme fonctionnel/Fournisseur,,5M,,26-04-2024,12:49:14,NHSALEVOI
100,000313198098,4,1,001001198992,,,,,,,,F.H HUA DUALBAND H.S -,22-04-2024,Cloturer : Echange Standard,26-04-2024,Probleme fonctionnel,30-07-2024,Fournisseur,19-04-2024,,,Cloturer : Echange Standard/Probleme fonctionnel/Fournisseur,,5M,,26-04-2024,12:49:14,NHSALEVOI
100,000313201277,1,1,001001195794,,,,,,,,Probleme de RET HW FAULT sur ret L1S1,22-04-2024,Cloturer: Shields (Refus RMA),26-04-2024,Probleme fonctionnel,30-07-2024,Fournisseur,19-04-2024,,,Cloturer: Shields (Refus RMA)/Probleme fonctionnel/Fournisseur,,5M,,26-04-2024,12:49:14,NHSALEVOI
100,000313201510,1,1,001001163724,,,,,,,,,,,,,,,,,,,,,,,,
100,000313201513,1,1,001001163723,,,,,,,,,,,,,,,,,,,,,,,,
100,000313201514,1,1,001001163789,,,,,,,,,,,,,,,,,,,,,,,,
100,000313202016,1,1,001001166030,,,,,,,,,,,,,,,,,,,,,,,,
100,000313202836,1,1,001001164274,,,,,,,,,,,,,,,,,,,,,,,,
100,000313202837,1,1,001001174727,,,,,,,,,,,,,,,,,,,,,,,,
100,000313202838,1,1,001001176373,,,,,,,,,,,,,,,,,,,,,,,,
100,000313202839,1,1,001001162994,,,,,,,,,,,,,,,,,,,,,,,,
100,000313202840,1,1,001001174729,,,,,,,,,,,,,,,,,,,,,,,,
100,000313202841,1,1,001001193762,,,,,,,,,,,,,,,,,,,,,,,,
100,000313202842,1,1,001001189329,,,,,,,,,,,,,,,,,,,,,,,,
100,000313202843,1,1,001001187123,,,,,,,,,,,,,,,,,,,,,,,,
100,000313202844,1,1,001001188867,,,,,,,,,,,,,,,,,,,,,,,,
100,000313202845,1,1,001001188698,,,,,,,,,,,,,,,,,,,,,,,,
100,000313203320,1,1,001001194118,,,,,,,,"Le materiel livre n'est pas compatible. - Divergence Reception, enclarification",22-04-2024,Cloturer : Shields,26-04-2024,Echange equipement neuf,30-07-2024,CTDI,19-04-2024,,,Cloturer : Shields/Echange equipement neuf/CTDI,,5M,,26-04-2024,12:49:14,NHSALEVOI
100,000313203320,2,1,001001194119,,,,,,,,"Le materiel livre n'est pas compatible. - Divergence Reception, enclarification",22-04-2024,Cloturer : Shields,26-04-2024,Echange equipement neuf,30-07-2024,CTDI,19-04-2024,,,Cloturer : Shields/Echange equipement neuf/CTDI,,5M,,26-04-2024,12:49:14,NHSALEVOI
100,000313204174,1,1,001001164863,,,,,,,,,,,,,,,,,,,,,,,,
100,000313204175,1,1,001001165410,,,,,,,,,,,,,,,,,,,,,,,,
100,000313204176,1,1,001001170600,,,,,,,,,,,,,,,,,,,,,,,,
100,000313204177,1,1,001001164860,,,,,,,,,,,,,,,,,,,,,,,,
100,000313204178,1,1,001001170579,,,,,,,,,,,,,,,,,,,,,,,,
100,000313204179,1,1,001001180652,,,,,,,,,,,,,,,,,,,,,,,,
100,000313204180,1,1,001001164357,,,,,,,,,,,,,,,,,,,,,,,,
100,000313204181,1,1,001001166287,,,,,,,,,,,,,,,,,,,,,,,,
100,000313204182,1,1,001001165873,,,,,,,,,,,,,,,,,,,,,,,,
100,000313204183,1,1,001001166313,,,,,,,,,,,,,,,,,,,,,,,,
100,000313204184,1,1,001001166315,,,,,,,,,,,,,,,,,,,,,,,,
100,000313204185,1,1,001001165834,,,,,,,,,,,,,,,,,,,,,,,,
100,000313204186,1,1,001001164350,,,,,,,,,,,,,,,,,,,,,,,,
100,000313204187,1,1,001001178543,,,,,,,,,,,,,,,,,,,,,,,,
100,000313204188,1,1,001001166317,,,,,,,,,,,,,,,,,,,,,,,,
100,000313204189,1,1,001001164363,,,,,,,,,,,,,,,,,,,,,,,,
100,000313204190,1,1,001001177188,,,,,,,,,,,,,,,,,,,,,,,,
100,000313204191,1,1,001001164785,,,,,,,,,,,,,,,,,,,,,,,,
100,000313204192,1,1,001001176490,,,,,,,,,,,,,,,,,,,,,,,,
100,000313204193,1,1,001001165882,,,,,,,,,,,,,,,,,,,,,,,,
100,000313204194,1,1,001001165838,,,,,,,,,,,,,,,,,,,,,,,,
100,000313204195,1,1,001001165397,,,,,,,,,,,,,,,,,,,,,,,,
100,000313204196,1,1,001001165403,,,,,,,,,,,,,,,,,,,,,,,,
100,000313204197,1,1,001001165829,,,,,,,,,,,,,,,,,,,,,,,,
100,000313204198,1,1,001001165885,,,,,,,,,,,,,,,,,,,,,,,,
100,000313204199,1,1,001001180456,,,,,,,,,,,,,,,,,,,,,,,,
100,000313204200,1,1,001001164864,,,,,,,,,,,,,,,,,,,,,,,,
100,000313204201,1,1,001001164366,,,,,,,,,,,,,,,,,,,,,,,,
100,000313204202,1,1,001001189242,,,,,,,,Probleme de ROS detecte sur le RRU 1800/2100 S1. - Relance le 09/08,22-04-2024,Cloturer : Piece Bonne,26-04-2024,Probleme fonctionnel,30-07-2024,Fournisseur,19-04-2024,,,Cloturer : Piece Bonne/Probleme fonctionnel/Fournisseur,,5M,,26-04-2024,12:49:14,NHSALEVOI
100,000313204213,1,1,001001185475,,,,,,,,Redresseur ELTEK Bcube 9kW defectueux (lors du TF) - a cloturer,22-04-2024,Cloturer : Shields (Dmd Bytel),07-10-2024,Probleme fonctionnel,30-07-2024,Fournisseur,19-04-2024,,,Cloturer : Shields (Dmd Bytel)/Probleme fonctionnel/Fournisseur,,5M,,09-10-2024,01:46:04,NHS_BATCH
100,000313204252,1,1,001001165827,,,,,,,,,,,,,,,,,,,,,,,,
100,000313204255,1,1,001001232271,,,,,,,,,,,,,,,,,,,,,,,,
100,000313205963,1,1,,,,,,,,,,,RMA BEANTRAGUNG,11-07-2023,,,,,,,RMA BEANTRAGUNG,,,,11-07-2023,10:09:29,NHS000828
100,000313208973,1,1,001001191317,,,,,,,,RRU 1800/2100 S3 H.S (alarme RF Unit Hardware Fault) - a cloturer,22-04-2024,Cloturer : Shields (Refus RMA),25-09-2024,Probleme fonctionnel,30-07-2024,Fournisseur,19-04-2024,,,Cloturer : Shields (Refus RMA)/Probleme fonctionnel/Fournisseur,,5M,,21-09-2024,01:44:07,NHS_BATCH
100,000313208999,1,1,001001183057,,,,,,,,Nous avons un probleme sur la liaison T04161 - T58009. Une despolarisations ne passe pas (ODU site distant H.S) -,22-04-2024,Cloturer : Echange Standard,26-04-2024,Probleme fonctionnel,30-07-2024,Fournisseur,19-04-2024,,,Cloturer : Echange Standard/Probleme fonctionnel/Fournisseur,,5M,,26-04-2024,12:49:14,NHSALEVOI
100,000313209740,1,1,001001176079,,,,,,,,Advance replacement,24-01-2024,Repair time extended,16-08-2023,,,,,Repair time extended,09-08-2023,Repair time extended/Repair time extended,,,,24-01-2024,16:12:45,NHSESLO01
100,000313211152,1,1,001001201459,,,,,,,,"Les cellules 1800/2100 du secteur 1 SFR sont HS, RRU non joignable -Consommable non retourne, a cloturer - a cloturer",22-04-2024,Cloturer : Piece Bonne,26-06-2024,Probleme fonctionnel,30-07-2024,Fournisseur,19-04-2024,,,Cloturer : Piece Bonne/Probleme fonctionnel/Fournisseur,,5M,,26-04-2024,12:49:14,NHSALEVOI
100,000313211152,2,1,001001204041,,,,,,,,"Les cellules 1800/2100 du secteur 1 SFR sont HS, RRU non joignable",22-04-2024,Cloturer : Piece Bonne,26-06-2024,Probleme fonctionnel,30-07-2024,Fournisseur,19-04-2024,,,Cloturer : Piece Bonne/Probleme fonctionnel/Fournisseur,,5M,,26-04-2024,12:49:14,NHSALEVOI
100,000313211152,3,1,001001204042,,,,,,,,"Les cellules 1800/2100 du secteur 1 SFR sont HS, RRU non joignable",22-04-2024,Cloturer : Piece Bonne,26-06-2024,Probleme fonctionnel,30-07-2024,Fournisseur,19-04-2024,,,Cloturer : Piece Bonne/Probleme fonctionnel/Fournisseur,,5M,,26-04-2024,12:49:14,NHSALEVOI
100,000313212674,1,1,001001237071,,,,,,,,"ODU H.S - Chrono a retourne les colis chez CTDI car ceux-ci n'ont pasete enleve par le MMO, colis reexpediesle 26/07 -",22-04-2024,Cloturer : Shields (Refus RMA),25-09-2024,Probleme fonctionnel,30-07-2024,Fournisseur,19-04-2024,,,Cloturer : Shields (Refus RMA)/Probleme fonctionnel/Fournisseur,,5M,,21-09-2024,01:44:07,NHS_BATCH
100,000313212674,2,1,,,,,,,,,"ODU H.S - Chrono a retourne les colis chez CTDI car ceux-ci n'ont pasete enleve par le MMO, colis reexpediesle 26/07 -",22-04-2024,Cloturer : Go BYTEL cloture le 22/01/2025,22-01-2025,Probleme fonctionnel,30-07-2024,Fournisseur,19-04-2024,,,Cloturer : Go BYTEL cloture le 22/01/2025/Probleme fonctionnel/Fournisseur,,,,22-01-2025,11:26:53,NHSFRSPM30
100,000313214361,1,1,001001191868,,,,,,,,Ant 5G H.S Secteur 1 -,22-04-2024,Cloturer : Echange Standard,26-04-2024,Probleme fonctionnel,30-07-2024,Fournisseur,19-04-2024,,,Cloturer : Echange Standard/Probleme fonctionnel/Fournisseur,,5M,,26-04-2024,12:49:14,NHSALEVOI
100,000313214586,1,1,001001179921,,,,,,,,,,,,,,,,,,,,,,,,
100,000313214587,1,1,001001173733,,,,,,,,,,,,,,,,,,,,,,,,
100,000313214588,1,1,001001169137,,,,,,,,,,,,,,,,,,,,,,,,
100,000313214589,1,1,001001177184,,,,,,,,,,,,,,,,,,,,,,,,
100,000313214590,1,1,001001188542,,,,,,,,,,,,,,,,,,,,,,,,
100,000313214591,1,1,001001179774,,,,,,,,,,,,,,,,,,,,,,,,
100,000313214592,1,1,001001189438,,,,,,,,,,,,,,,,,,,,,,,,
100,000313214593,1,1,001001168644,,,,,,,,,,,,,,,,,,,,,,,,
100,000313214594,1,1,001001169242,,,,,,,,,,,,,,,,,,,,,,,,
100,000313214595,1,1,001001168088,,,,,,,,,,,,,,,,,,,,,,,,
100,000313214597,1,1,001001169082,,,,,,,,,,,,,,,,,,,,,,,,
100,000313214598,1,1,001001168096,,,,,,,,,,,,,,,,,,,,,,,,
100,000313214599,1,1,001001168667,,,,,,,,,,,,,,,,,,,,,,,,
100,000313214600,1,1,001001168078,,,,,,,,,,,,,,,,,,,,,,,,
100,000313214601,1,1,001001170477,,,,,,,,,,,,,,,,,,,,,,,,
100,000313214602,1,1,001001172051,,,,,,,,,,,,,,,,,,,,,,,,
100,000313214603,1,1,001001168664,,,,,,,,,,,,,,,,,,,,,,,,
100,000313214604,1,1,001001168046,,,,,,,,,,,,,,,,,,,,,,,,
100,000313214605,1,1,001001166386,,,,,,,,,,,,,,,,,,,,,,,,
100,000313214606,1,1,001001166340,,,,,,,,,,,,,,,,,,,,,,,,
100,000313214607,1,1,001001167425,,,,,,,,,,,,,,,,,,,,,,,,
100,000313214608,1,1,001001167420,,,,,,,,,,,,,,,,,,,,,,,,
100,000313214609,1,1,001001189384,,,,,,,,,,,,,,,,,,,,,,,,
100,000313214610,1,1,001001177760,,,,,,,,,,,,,,,,,,,,,,,,
100,000313214611,1,1,001001181453,,,,,,,,,,,,,,,,,,,,,,,,
100,000313214612,1,1,001001180969,,,,,,,,,,,,,,,,,,,,,,,,
100,000313214613,1,1,001001177759,,,,,,,,,,,,,,,,,,,,,,,,
100,000313214614,1,1,001001179499,,,,,,,,,,,,,,,,,,,,,,,,
100,000313214615,1,1,001001174861,,,,,,,,,,,,,,,,,,,,,,,,
100,000313214616,1,1,001001171494,,,,,,,,,,,,,,,,,,,,,,,,
100,000313214617,1,1,001001180971,,,,,,,,,,,,,,,,,,,,,,,,
100,000313214618,1,1,001001179878,,,,,,,,,,,,,,,,,,,,,,,,
100,000313214619,1,1,001001181440,,,,,,,,,,,,,,,,,,,,,,,,
100,000313214620,1,1,001001179883,,,,,,,,,,,,,,,,,,,,,,,,
100,000313214622,1,1,001001179133,,,,,,,,,,,,,,,,,,,,,,,,
100,000313214623,1,1,001001174824,,,,,,,,,,,,,,,,,,,,,,,,
100,000313214624,1,1,001001181434,,,,,,,,,,,,,,,,,,,,,,,,
100,000313214625,1,1,001001173232,,,,,,,,,,,,,,,,,,,,,,,,
100,000313214626,1,1,001001168044,,,,,,,,,,,,,,,,,,,,,,,,
100,000313214627,1,1,001001172201,,,,,,,,,,,,,,,,,,,,,,,,
100,000313214628,1,1,001001167091,,,,,,,,,,,,,,,,,,,,,,,,
100,000313214629,1,1,001001166921,,,,,,,,,,,,,,,,,,,,,,,,
100,000313214630,1,1,001001173747,,,,,,,,,,,,,,,,,,,,,,,,
100,000313214631,1,1,001001172716,,,,,,,,,,,,,,,,,,,,,,,,
100,000313214632,1,1,001001167484,,,,,,,,,,,,,,,,,,,,,,,,
100,000313214633,1,1,001001173145,,,,,,,,,,,,,,,,,,,,,,,,
100,000313214635,1,1,001001166923,,,,,,,,,,,,,,,,,,,,,,,,
100,000313214636,1,1,001001166998,,,,,,,,,,,,,,,,,,,,5M,,19-07-2023,01:38:52,NHS_BATCH
100,000313214637,1,1,001001172210,,,,,,,,,,,,,,,,,,,,,,,,
100,000313214638,1,1,001001168043,,,,,,,,,,,,,,,,,,,,,,,,
100,000313214639,1,1,001001174229,,,,,,,,,,,,,,,,,,,,,,,,
100,000313214640,1,1,001001178452,,,,,,,,,,,,,,,,,,,,,,,,
100,000313214641,1,1,001001167428,,,,,,,,,,,,,,,,,,,,,,,,
100,000313214642,1,1,001001166956,,,,,,,,,,,,,,,,,,,,,,,,
100,000313214643,1,1,001001167487,,,,,,,,,,,,,,,,,,,,,,,,
100,000313214644,1,1,001001176354,,,,,,,,,,,,,,,,,,,,,,,,
100,000313214645,1,1,001001176118,,,,,,,,,,,,,,,,,,,,,,,,
100,000313214647,1,1,001001173240,,,,,,,,,,,,,,,,,,,,,,,,
100,000313214648,1,1,001001168582,,,,,,,,,,,,,,,,,,,,,,,,
100,000313214649,1,1,001001176109,,,,,,,,,,,,,,,,,,,,,,,,
100,000313214650,1,1,001001166966,,,,,,,,,,,,,,,,,,,,,,,,
100,000313214651,1,1,001001167475,,,,,,,,,,,,,,,,,,,,,,,,
100,000313214652,1,1,001001179140,,,,,,,,,,,,,,,,,,,,,,,,
100,000313214653,1,1,001001181439,,,,,,,,,,,,,,,,,,,,,,,,
100,000313214654,1,1,001001176435,,,,,,,,,,,,,,,,,,,,,,,,
100,000313214655,1,1,001001174819,,,,,,,,,,,,,,,,,,,,,,,,
100,000313214656,1,1,001001173818,,,,,,,,,,,,,,,,,,,,,,,,
100,000313214657,1,1,001001173813,,,,,,,,,,,,,,,,,,,,,,,,
100,000313214658,1,1,001001174833,,,,,,,,,,,,,,,,,,,,,,,,
100,000313214659,1,1,001001179771,,,,,,,,,,,,,,,,,,,,,,,,
100,000313214660,1,1,001001172118,,,,,,,,,,,,,,,,,,,,,,,,
100,000313214661,1,1,001001174855,,,,,,,,,,,,,,,,,,,,,,,,
100,000313214662,1,1,001001179501,,,,,,,,,,,,,,,,,,,,,,,,
100,000313214663,1,1,001001174852,,,,,,,,,,,,,,,,,,,,,,,,
100,000313214664,1,1,001001170464,,,,,,,,,,,,,,,,,,,,,,,,
100,000313214665,1,1,001001167435,,,,,,,,,,,,,,,,,,,,,,,,
100,000313214666,1,1,001001176116,,,,,,,,,,,,,,,,,,,,,,,,
100,000313214667,1,1,001001168038,,,,,,,,,,,,,,,,,,,,,,,,
100,000313214668,1,1,001001176514,,,,,,,,,,,,,,,,,,,,,,,,
100,000313214669,1,1,001001176086,,,,,,,,,,,,,,,,,,,,,,,,
100,000313214670,1,1,001001175382,,,,,,,,,,,,,,,,,,,,,,,,
100,000313214671,1,1,001001176103,,,,,,,,,,,,,,,,,,,,,,,,
100,000313214672,1,1,001001176095,,,,,,,,,,,,,,,,,,,,,,,,
100,000313214673,1,1,001001168646,,,,,,,,,,,,,,,,,,,,,,,,
100,000313214674,1,1,001001175397,,,,,,,,,,,,,,,,,,,,,,,,
100,000313214675,1,1,001001168040,,,,,,,,,,,,,,,,,,,,,,,,
100,000313214676,1,1,001001170566,,,,,,,,,,,,,,,,,,,,,,,,
100,000313214677,1,1,001001171666,,,,,,,,,,,,,,,,,,,,,,,,
100,000313214678,1,1,001001172704,,,,,,,,,,,,,,,,,,,,,,,,
100,000313214679,1,1,001001172026,,,,,,,,,,,,,,,,,,,,,,,,
100,000313214680,1,1,001001179502,,,,,,,,,,,,,,,,,,,,,,,,
100,000313214681,1,1,001001177205,,,,,,,,,,,,,,,,,,,,,,,,
100,000313214682,1,1,001001174844,,,,,,,,,,,,,,,,,,,,,,,,
100,000313214683,1,1,001001172696,,,,,,,,,,,,,,,,,,,,,,,,
100,000313214684,1,1,001001171675,,,,,,,,,,,,,,,,,,,,,,,,
100,000313214685,1,1,001001179144,,,,,,,,,,,,,,,,,,,,,,,,
100,000313214686,1,1,001001174189,,,,,,,,,,,,,,,,,,,,,,,,
100,000313214687,1,1,001001179500,,,,,,,,,,,,,,,,,,,,,,,,
100,000313214688,1,1,001001179151,,,,,,,,,,,,,,,,,,,,,,,,
100,000313214689,1,1,001001175360,,,,,,,,,,,,,,,,,,,,,,,,
100,000313214690,1,1,001001179137,,,,,,,,,,,,,,,,,,,,,,,,
100,000313214691,1,1,001001171670,,,,,,,,,,,,,,,,,,,,,,,,
100,000313214692,1,1,001001169917,,,,,,,,,,,,,,,,,,,,,,,,
100,000313214693,1,1,001001169896,,,,,,,,,,,,,,,,,,,,,,,,
100,000313214694,1,1,001001171673,,,,,,,,,,,,,,,,,,,,,,,,
100,000313214696,1,1,001001169207,,,,,,,,,,,,,,,,,,,,,,,,
100,000313214698,1,1,001001166918,,,,,,,,,,,,,,,,,,,,,,,,
100,000313214699,1,1,001001169226,,,,,,,,,,,,,,,,,,,,,,,,
100,000313214700,1,1,001001188029,,,,,,,,,,,,,,,,,,,,,,,,
100,000313214701,1,1,001001176597,,,,,,,,,,,,,,,,,,,,,,,,
100,000313214702,1,1,001001176505,,,,,,,,,,,,,,,,,,,,,,,,
100,000313214703,1,1,001001176510,,,,,,,,,,,,,,,,,,,,,,,,
100,000313214704,1,1,001001168643,,,,,,,,,,,,,,,,,,,,,,,,
100,000313214705,1,1,001001176601,,,,,,,,,,,,,,,,,,,,,,,,
100,000313214706,1,1,001001176605,,,,,,,,,,,,,,,,,,,,,,,,
100,000313214707,1,1,001001189326,,,,,,,,,,,,,,,,,,,,,,,,
100,000313214708,1,1,001001189421,,,,,,,,,,,,,,,,,,,,,,,,
100,000313214709,1,1,001001179887,,,,,,,,,,,,,,,,,,,,,,,,
100,000313214710,1,1,001001171182,,,,,,,,,,,,,,,,,,,,,,,,
100,000313214711,1,1,001001172139,,,,,,,,,,,,,,,,,,,,,,,,
100,000313214712,1,1,001001180882,,,,,,,,,,,,,,,,,,,,,,,,
100,000313214713,1,1,001001170385,,,,,,,,,,,,,,,,,,,,,,,,
100,000313214714,1,1,001001173723,,,,,,,,,,,,,,,,,,,,,,,,
100,000313214715,1,1,001001173222,,,,,,,,,,,,,,,,,,,,,,,,
100,000313214937,1,1,001001165608,,,,,,,,,,,,,,,,,,,,,,,,
100,000313214938,1,1,001001176752,,,,,,,,,,,,,,,,,,,,,,,,
100,000313214939,1,1,001001176378,,,,,,,,,,,,,,,,,,,,,,,,
100,000313214940,1,1,001001194184,,,,,,,,,,,,,,,,,,,,,,,,
100,000313214941,1,1,001001166101,,,,,,,,,,,,,,,,,,,,,,,,
100,000313214942,1,1,001001182123,,,,,,,,,,,,,,,,,,,,,,,,
100,000313214943,1,1,001001165846,,,,,,,,,,,,,,,,,,,,,,,,
100,000313218075,1,1,001001256936,,,,,,,,On ne peut pas charger le logiciel -,22-04-2024,Cloturer : Piece Bonne,06-05-2024,Probleme fonctionnel,30-07-2024,Fournisseur,19-04-2024,,,Cloturer : Piece Bonne/Probleme fonctionnel/Fournisseur,,5M,,04-04-2024,01:07:51,NHS_BATCH
100,000313218075,2,1,001001256937,,,,,,,,On ne peut pas charger le logiciel -,22-04-2024,Cloturer : Echange Standard,27-08-2024,Probleme fonctionnel,30-07-2024,Fournisseur,19-04-2024,,,Cloturer : Echange Standard/Probleme fonctionnel/Fournisseur,,5M,,06-08-2024,01:24:04,NHS_BATCH
100,000313219417,1,1,001001195795,,,,,,,,HS apres mise sous tension du site -,22-04-2024,Cloturer : Echange Standard,26-04-2024,Probleme fonctionnel,30-07-2024,Fournisseur,19-04-2024,,,Cloturer : Echange Standard/Probleme fonctionnel/Fournisseur,,5M,,26-04-2024,12:49:14,NHSALEVOI
100,000313219982,1,1,001001230727,,,,,,,,perte sur la liaison fibre RRU vers BB - Consommable non retourne,22-04-2024,Cloturer : Echange Standard,26-04-2024,Probleme fonctionnel,30-07-2024,MMO,19-04-2024,,,Cloturer : Echange Standard/Probleme fonctionnel/MMO,,5M,,26-04-2024,12:49:14,NHSALEVOI
100,000313219982,2,1,001001230728,,,,,,,,perte sur la liaison fibre RRU vers BB - Consommable non retourne,22-04-2024,Cloturer : Echange Standard,26-04-2024,Probleme fonctionnel,30-07-2024,MMO,19-04-2024,,,Cloturer : Echange Standard/Probleme fonctionnel/MMO,,5M,,26-04-2024,12:49:14,NHSALEVOI
100,000313219982,3,1,001001230729,,,,,,,,perte sur la liaison fibre RRU vers BB - Consommable non retourne,22-04-2024,Cloturer : Echange Standard,26-04-2024,Probleme fonctionnel,30-07-2024,MMO,19-04-2024,,,Cloturer : Echange Standard/Probleme fonctionnel/MMO,,5M,,26-04-2024,12:49:14,NHSALEVOI
100,000313219982,4,1,001001230730,,,,,,,,perte sur la liaison fibre RRU vers BB - Consommable non retourne,22-04-2024,Cloturer : Echange Standard,26-04-2024,Probleme fonctionnel,30-07-2024,MMO,19-04-2024,,,Cloturer : Echange Standard/Probleme fonctionnel/MMO,,5M,,26-04-2024,12:49:15,NHSALEVOI
100,000313220048,1,1,001001248356,,,,,,,,Modulation NOK,22-04-2024,Cloturer : Piece Bonne,26-06-2024,Probleme fonctionnel,30-07-2024,Fournisseur,19-04-2024,,,Cloturer : Piece Bonne/Probleme fonctionnel/Fournisseur,,,,26-04-2024,12:49:15,NHSALEVOI
100,000313220048,2,1,001001248357,,,,,,,,Modulation NOK,22-04-2024,Cloturer : Piece Bonne,26-06-2024,Probleme fonctionnel,30-07-2024,Fournisseur,19-04-2024,,,Cloturer : Piece Bonne/Probleme fonctionnel/Fournisseur,,,,26-04-2024,12:49:15,NHSALEVOI
100,000313221244,4,1,001001168334,"CW 31,2023",04-08-2023,21-07-2023,"CW 31,2023",,PI-Baugruppe 21.07.23,21-07-2023,,,,,,,,,,,PI-Baugruppe 21.07.23,,5,,21-07-2023,09:18:45,NHS000440
100,000313221673,1,1,001001199572,,,,,,,,PROBLEME RSSI -,22-04-2024,Cloturer : Echange Standard,26-04-2024,Probleme fonctionnel,30-07-2024,Fournisseur,19-04-2024,,,Cloturer : Echange Standard/Probleme fonctionnel/Fournisseur,,5M,,26-04-2024,12:49:15,NHSALEVOI
100,000313221843,1,1,001001256938,,,,,,,,Apres verification materiel fournis lors de l'APL initiale en accordavec la modelisation dans les outils - ODU Low dans carton ODU HIGHT -,22-04-2024,Cloturer : Echange Standard,27-08-2024,Echange equipement neuf,30-07-2024,Fournisseur,19-04-2024,,,Cloturer : Echange Standard/Echange equipement neuf/Fournisseur,,5M,,12-07-2024,01:25:06,NHS_BATCH
100,000313222964,2,1,001001173498,,,,,,,,,,,,,,,,,,,,,,,,
100,000313223100,2,1,,,,,,,,,,,,,,,,,,,,,,,25-07-2023,10:14:02,NHS050693
100,000313223499,1,1,001001199573,,,,,,,,"Echange equipement suite a un changement d'ingenierie transmission -Consommable non retourne,",22-04-2024,Cloturer : Piece Bonne,26-06-2024,Echange equipement neuf,30-07-2024,Bytel,19-04-2024,,,Cloturer : Piece Bonne/Echange equipement neuf/Bytel,,5M,,26-04-2024,12:49:15,NHSALEVOI
100,000313223499,2,1,001001199574,,,,,,,,"Echange equipement suite a un changement d'ingenierie transmission -Consommable non retourne,",22-04-2024,Cloturer : Piece Bonne,26-06-2024,Echange equipement neuf,30-07-2024,Bytel,19-04-2024,,,Cloturer : Piece Bonne/Echange equipement neuf/Bytel,,5M,,26-04-2024,12:49:15,NHSALEVOI
100,000313223499,3,1,001001208676,,,,,,,,"Echange equipement suite a un changement d'ingenierie transmission -Consommable non retourne,",22-04-2024,Cloturer : Piece Bonne,26-06-2024,Echange equipement neuf,30-07-2024,Bytel,19-04-2024,,,Cloturer : Piece Bonne/Echange equipement neuf/Bytel,,5M,,26-04-2024,12:49:15,NHSALEVOI
100,000313223499,4,1,001001208677,,,,,,,,"Echange equipement suite a un changement d'ingenierie transmission -Consommable non retourne,",22-04-2024,Cloturer : Piece Bonne,26-06-2024,Echange equipement neuf,30-07-2024,Bytel,19-04-2024,,,Cloturer : Piece Bonne/Echange equipement neuf/Bytel,,5M,,26-04-2024,12:49:15,NHSALEVOI
100,000313223499,5,1,001001205523,,,,,,,,"Echange equipement suite a un changement d'ingenierie transmission -Consommable non retourne,",22-04-2024,Cloturer : Piece Bonne,26-06-2024,Echange equipement neuf,30-07-2024,Bytel,19-04-2024,,,Cloturer : Piece Bonne/Echange equipement neuf/Bytel,,5M,,26-04-2024,12:49:15,NHSALEVOI
100,000313223499,6,1,001001205524,,,,,,,,"Echange equipement suite a un changement d'ingenierie transmission -Consommable non retourne,",22-04-2024,Cloturer : Piece Bonne,26-06-2024,Echange equipement neuf,30-07-2024,Bytel,19-04-2024,,,Cloturer : Piece Bonne/Echange equipement neuf/Bytel,,5M,,26-04-2024,12:49:15,NHSALEVOI
100,000313223499,7,1,001001205525,,,,,,,,"Echange equipement suite a un changement d'ingenierie transmission -Consommable non retourne,",22-04-2024,Cloturer : Piece Bonne,26-06-2024,Echange equipement neuf,30-07-2024,Bytel,19-04-2024,,,Cloturer : Piece Bonne/Echange equipement neuf/Bytel,,5M,,26-04-2024,12:49:15,NHSALEVOI
100,000313223499,8,1,001001205526,,,,,,,,"Echange equipement suite a un changement d'ingenierie transmission -Consommable non retourne,",22-04-2024,Cloturer : Piece Bonne,26-06-2024,Echange equipement neuf,30-07-2024,Bytel,19-04-2024,,,Cloturer : Piece Bonne/Echange equipement neuf/Bytel,,5M,,26-04-2024,12:49:15,NHSALEVOI
100,000313223499,9,1,001001205527,,,,,,,,"Echange equipement suite a un changement d'ingenierie transmission -Consommable non retourne,",22-04-2024,Cloturer : Piece Bonne,26-06-2024,Echange equipement neuf,30-07-2024,Bytel,19-04-2024,,,Cloturer : Piece Bonne/Echange equipement neuf/Bytel,,5M,,26-04-2024,12:49:15,NHSALEVOI
100,000313223499,10,1,001001205528,,,,,,,,"Echange equipement suite a un changement d'ingenierie transmission -Consommable non retourne,",22-04-2024,Cloturer : Piece Bonne,26-06-2024,Echange equipement neuf,30-07-2024,Bytel,19-04-2024,,,Cloturer : Piece Bonne/Echange equipement neuf/Bytel,,5M,,26-04-2024,12:49:15,NHSALEVOI
100,000313223499,11,1,001001205529,,,,,,,,Echange equipement suite a un changement d'ingenierie transmission,22-04-2024,Cloturer : Piece Bonne,26-04-2024,Echange equipement neuf,30-07-2024,Bytel,19-04-2024,,,Cloturer : Piece Bonne/Echange equipement neuf/Bytel,,5M,,26-04-2024,12:49:15,NHSALEVOI
100,000313223499,12,1,001001205530,,,,,,,,Echange equipement suite a un changement d'ingenierie transmission,22-04-2024,Cloturer : Piece Bonne,26-04-2024,Echange equipement neuf,30-07-2024,Bytel,19-04-2024,,,Cloturer : Piece Bonne/Echange equipement neuf/Bytel,,5M,,26-04-2024,12:49:15,NHSALEVOI
100,000313224011,1,1,001001206313,,,,,,,,Ne fonctionne plus - a cloturer,22-04-2024,Cloturer : Shields (Dmd Bytel),06-05-2024,Probleme fonctionnel,30-07-2024,Fournisseur,19-04-2024,,,Cloturer : Shields (Dmd Bytel)/Probleme fonctionnel/Fournisseur,,5M,,26-04-2024,12:49:15,NHSALEVOI
100,000313224340,1,1,001001169223,,,,,,,,Advance replacement,24-01-2024,Repair time extended,16-08-2023,,,,,,,Repair time extended,,,,24-01-2024,16:12:46,NHSESLO01
100,000313224520,1,1,001001172734,,,,,,,,,,,,,,,,,,,,,,,,
100,000313224521,1,1,001001173807,,,,,,,,,,,,,,,,,,,,,,,,
100,000313224522,1,1,001001172184,,,,,,,,,,,,,,,,,,,,,,,,
100,000313224523,1,1,001001179519,,,,,,,,,,,,,,,,,,,,,,,,
100,000313224524,1,1,001001170552,,,,,,,,,,,,,,,,,,,,,,,,
100,000313224525,1,1,001001174400,,,,,,,,,,,,,,,,,,,,,,,,
100,000313224526,1,1,001001172723,,,,,,,,,,,,,,,,,,,,,,,,
100,000313224527,1,1,001001180910,,,,,,,,,,,,,,,,,,,,,,,,
100,000313224528,1,1,001001171171,,,,,,,,,,,,,,,,,,,,,,,,
100,000313224529,1,1,001001180450,,,,,,,,,,,,,,,,,,,,,,,,
100,000313224530,1,1,001001169961,,,,,,,,,,,,,,,,,,,,,,,,
100,000313224531,1,1,001001172729,,,,,,,,,,,,,,,,,,,,,,,,
100,000313224532,1,1,001001170576,,,,,,,,,,,,,,,,,,,,,,,,
100,000313224533,1,1,001001173705,,,,,,,,,,,,,,,,,,,,,,,,
100,000313224534,1,1,001001180901,,,,,,,,,,,,,,,,,,,,,,,,
100,000313224535,1,1,001001173136,,,,,,,,,,,,,,,,,,,,,,,,
100,000313224536,1,1,001001171679,,,,,,,,,,,,,,,,,,,,,,,,
100,000313224537,1,1,001001174392,,,,,,,,,,,,,,,,,,,,,,,,
100,000313224538,1,1,001001180972,,,,,,,,,,,,,,,,,,,,,,,,
100,000313224539,1,1,001001171176,,,,,,,,,,,,,,,,,,,,,,,,
100,000313224540,1,1,001001171162,,,,,,,,,,,,,,,,,,,,,,,,
100,000313224541,1,1,001001174174,,,,,,,,,,,,,,,,,,,,,,,,
100,000313224542,1,1,001001169970,,,,,,,,,,,,,,,,,,,,,,,,
100,000313224543,1,1,001001171168,,,,,,,,,,,,,,,,,,,,,,,,
100,000313224544,1,1,001001169956,,,,,,,,,,,,,,,,,,,,,,,,
100,000313224545,1,1,001001174178,,,,,,,,,,,,,,,,,,,,,,,,
100,000313224589,1,1,001001169246,,,,,,,,,,,,,,,,,,,,,,,,
100,000313224590,1,1,001001237875,,,,,,,,,,,,,,,,,,,,,,,,
100,000313224591,1,1,001001204967,,,,,,,,,,,,,,,,,,,,,,,,
100,000313224592,1,1,001001176382,,,,,,,,,,,,,,,,,,,,,,,,
100,000313224593,1,1,001001176383,,,,,,,,,,,,,,,,,,,,,,,,
100,000313224594,1,1,001001176381,,,,,,,,,,,,,,,,,,,,,,,,
100,000313224595,1,1,001001176379,,,,,,,,,,,,,,,,,,,,,,,,
100,000313224596,1,1,001001168867,,,,,,,,,,,,,,,,,,,,,,,,
100,000313224597,1,1,001001187564,,,,,,,,,,,,,,,,,,,,,,,,
100,000313224598,1,1,001001194187,,,,,,,,,,,,,,,,,,,,,,,,
100,000313224599,1,1,001001170365,,,,,,,,,,,,,,,,,,,,,,,,
100,000313225999,1,1,001001191869,,,,,,,,presence de PIM,22-04-2024,Cloturer : Piece Bonne,26-06-2024,Probleme fonctionnel,30-07-2024,Fournisseur,19-04-2024,,,Cloturer : Piece Bonne/Probleme fonctionnel/Fournisseur,,5M,,26-04-2024,12:49:15,NHSALEVOI
100,000313225999,2,1,001001208678,,,,,,,,presence de PIM,22-04-2024,Cloturer : Piece Bonne,26-06-2024,Probleme fonctionnel,30-07-2024,Fournisseur,19-04-2024,,,Cloturer : Piece Bonne/Probleme fonctionnel/Fournisseur,,5M,,26-04-2024,12:49:15,NHSALEVOI
100,000313225999,3,1,001001208679,,,,,,,,presence de PIM,22-04-2024,Cloturer : Piece Bonne,26-06-2024,Probleme fonctionnel,30-07-2024,Fournisseur,19-04-2024,,,Cloturer : Piece Bonne/Probleme fonctionnel/Fournisseur,,5M,,26-04-2024,12:49:16,NHSALEVOI
100,000313225999,4,1,001001208680,,,,,,,,presence de PIM,22-04-2024,Cloturer : Piece Bonne,26-06-2024,Probleme fonctionnel,30-07-2024,Fournisseur,19-04-2024,,,Cloturer : Piece Bonne/Probleme fonctionnel/Fournisseur,,5M,,26-04-2024,12:49:16,NHSALEVOI
100,000313225999,5,1,001001208681,,,,,,,,presence de PIM,22-04-2024,Cloturer : Piece Bonne,26-06-2024,Probleme fonctionnel,30-07-2024,Fournisseur,19-04-2024,,,Cloturer : Piece Bonne/Probleme fonctionnel/Fournisseur,,5M,,26-04-2024,12:49:16,NHSALEVOI
100,000313226018,1,1,001001193553,,,,,,,,"Ticket Post Mel TI0000004725725 => RRU-1 - Consommable non retourne,",22-04-2024,Cloturer : Echange Standard,26-04-2024,Probleme fonctionnel,30-07-2024,Fournisseur,19-04-2024,,,Cloturer : Echange Standard/Probleme fonctionnel/Fournisseur,,5M,,26-04-2024,12:49:16,NHSALEVOI
100,000313226018,2,1,001001238111,,,,,,,,Ticket Post Mel TI0000004725725 => RRU-1,22-04-2024,Cloturer : Piece Bonne,26-06-2024,Probleme fonctionnel,30-07-2024,Fournisseur,19-04-2024,,,Cloturer : Piece Bonne/Probleme fonctionnel/Fournisseur,,,,04-04-2024,10:38:02,NHSALEVOI
100,000313226018,3,1,001001236978,,,,,,,,Ticket Post Mel TI0000004725725 => RRU-1,22-04-2024,Cloturer : Piece Bonne,26-06-2024,Probleme fonctionnel,30-07-2024,Fournisseur,19-04-2024,,,Cloturer : Piece Bonne/Probleme fonctionnel/Fournisseur,,,,04-04-2024,10:38:02,NHSALEVOI
100,000313226018,4,1,001001279660,,,,,,,,"Ticket Post Mel TI0000004725725 => RRU-1 - Consommable non retourne, acloturer",22-04-2024,Cloturer : Piece Bonne,10-04-2024,Probleme fonctionnel,30-07-2024,Fournisseur,19-04-2024,,,Cloturer : Piece Bonne/Probleme fonctionnel/Fournisseur,,5M,,04-10-2024,02:03:10,NHS_BATCH
100,000313226018,5,1,,,,,,,,,Cloture,19-07-2024,,,Probleme fonctionnel,30-07-2024,Fournisseur,19-04-2024,,,Probleme fonctionnel/Fournisseur,,,,30-07-2024,15:59:09,NHSFRSPM30
100,000313226084,1,1,001001290885,,,,,,,,CTDI : GPS ne detecte pas de satelites - Cloturer,22-04-2024,Cloturer : Shields (Article monte),27-08-2024,Probleme fonctionnel,30-07-2024,Fournisseur,19-04-2024,,,Cloturer : Shields (Article monte)/Probleme fonctionnel/Fournisseur,,5M,,09-07-2024,01:30:07,NHS_BATCH
100,000313226863,1,1,001001193554,,,,,,,,IMES : la carte ne prends pas la synchro -,22-04-2024,Cloturer : Piece Bonne,26-06-2024,Probleme fonctionnel,30-07-2024,Fournisseur,19-04-2024,,,Cloturer : Piece Bonne/Probleme fonctionnel/Fournisseur,,5M,,26-04-2024,12:49:16,NHSALEVOI
100,000313228737,1,1,001001195796,,,,,,,,L'antenne reste invisible,22-04-2024,Cloturer : Shields,26-04-2024,Probleme fonctionnel,30-07-2024,Fournisseur,19-04-2024,,,Cloturer : Shields/Probleme fonctionnel/Fournisseur,,5M,,26-04-2024,12:49:16,NHSALEVOI
100,000313228800,1,1,001001195797,,,,,,,,Antenne fissuree sur le dessus - Secteur 2,22-04-2024,Cloturer : Shields,26-04-2024,Dommage physique,30-07-2024,Fournisseur,19-04-2024,,,Cloturer : Shields/Dommage physique/Fournisseur,,5M,,26-04-2024,12:49:16,NHSALEVOI
100,000313230076,1,1,001001175561,,,,,,,,Mauvaise reference commandee - a cloturer,22-04-2024,Cloturer : Shields,26-04-2024,Echange equipement neuf,30-07-2024,MMO,19-04-2024,,,Cloturer : Shields/Echange equipement neuf/MMO,,5M,,26-04-2024,12:49:16,NHSALEVOI
100,000313230206,1,1,001001201460,,,,,,,,la BB est defectueuse -,22-04-2024,Cloturer : Echange Standard,26-04-2024,Probleme fonctionnel,30-07-2024,Fournisseur,19-04-2024,,,Cloturer : Echange Standard/Probleme fonctionnel/Fournisseur,,5M,,26-04-2024,12:49:16,NHSALEVOI
100,000313231795,1,1,,,,,,,,,Modifier apres la creation du panier initiale - a cloturer,22-04-2024,Cloturer : Piece Bonne,10-04-2024,Echange equipement neuf,30-07-2024,MMO,19-04-2024,,,Cloturer : Piece Bonne/Echange equipement neuf/MMO,,,,30-07-2024,15:55:52,NHSFRSPM30
100,000313233141,1,1,001001187811,,,,,,,,la BB est defectueuse -,22-04-2024,Cloturer : Echange Standard,26-04-2024,Probleme fonctionnel,30-07-2024,Fournisseur,19-04-2024,,,Cloturer : Echange Standard/Probleme fonctionnel/Fournisseur,,5M,,26-04-2024,12:49:16,NHSALEVOI
100,000313233216,1,1,001001175956,,,,,,,,,,,,,,,,,,,,,,,,
100,000313233217,1,1,001001212596,,,,,,,,,,,,,,,,,,,,,,,,
100,000313233218,1,1,001001192070,,,,,,,,,,,,,,,,,,,,,,,,
100,000313233219,1,1,001001184951,,,,,,,,,,,,,,,,,,,,,,,,
100,000313233220,1,1,001001171626,,,,,,,,,,,,,,,,,,,,,,,,
100,000313233221,1,1,001001171623,,,,,,,,,,,,,,,,,,,,,,,,
100,000313233222,1,1,001001187574,,,,,,,,,,,,,,,,,,,,,,,,
100,000313234927,1,1,001001190955,,,,,,,,,,,,,,,,,,,,,,,,
100,000313234928,1,1,001001174405,,,,,,,,,,,,,,,,,,,,,,,,
100,000313234929,1,1,001001176119,,,,,,,,,,,,,,,,,,,,,,,,
100,000313234930,1,1,001001175400,,,,,,,,,,,,,,,,,,,,,,,,
100,000313234991,1,1,001001199575,,,,,,,,RoS/VSWR sur RRU5512t S1 Tx0 et RRU5502,22-04-2024,Cloturer : Shields,26-04-2024,Probleme fonctionnel,30-07-2024,Fournisseur,19-04-2024,,,Cloturer : Shields/Probleme fonctionnel/Fournisseur,,5M,,26-04-2024,12:49:16,NHSALEVOI
100,000313236574,1,1,001001181016,,,,,,,,Impossible de se connecter a la carte,22-04-2024,Cloturer : Shields (Refus RMA),21-06-2024,Probleme fonctionnel,30-07-2024,Fournisseur,19-04-2024,,,Cloturer : Shields (Refus RMA)/Probleme fonctionnel/Fournisseur,,5M,,12-06-2024,00:32:06,NHS_BATCH
100,000313238300,1,1,001001220715,,,,,,,,"FH HW livre a la place de SIAE - Consommable non retourne,",22-04-2024,Cloturer : Piece Bonne,26-06-2024,Echange equipement neuf,30-07-2024,CTDI,19-04-2024,,,Cloturer : Piece Bonne/Echange equipement neuf/CTDI,,5M,,26-04-2024,12:49:16,NHSALEVOI
100,000313238300,2,1,001001220716,,,,,,,,"FH HW livre a la place de SIAE - Consommable non retourne,",22-04-2024,Cloturer : Piece Bonne,26-06-2024,Echange equipement neuf,30-07-2024,CTDI,19-04-2024,,,Cloturer : Piece Bonne/Echange equipement neuf/CTDI,,5M,,26-04-2024,12:49:16,NHSALEVOI
100,000313238300,3,1,001001220717,,,,,,,,"FH HW livre a la place de SIAE - Consommable non retourne,",22-04-2024,Cloturer : Piece Bonne,26-06-2024,Echange equipement neuf,30-07-2024,CTDI,19-04-2024,,,Cloturer : Piece Bonne/Echange equipement neuf/CTDI,,5M,,26-04-2024,12:49:16,NHSALEVOI
100,000313238300,4,1,001001220718,,,,,,,,"FH HW livre a la place de SIAE - Consommable non retourne,",22-04-2024,Cloturer : Piece Bonne,26-06-2024,Echange equipement neuf,30-07-2024,CTDI,19-04-2024,,,Cloturer : Piece Bonne/Echange equipement neuf/CTDI,,5M,,26-04-2024,12:49:16,NHSALEVOI
100,000313238300,7,1,001001220719,,,,,,,,"FH HW livre a la place de SIAE - Consommable non retourne,",22-04-2024,Cloturer : Piece Bonne,26-06-2024,Echange equipement neuf,30-07-2024,CTDI,19-04-2024,,,Cloturer : Piece Bonne/Echange equipement neuf/CTDI,,5M,,26-04-2024,12:49:16,NHSALEVOI
100,000313238300,8,1,001001220720,,,,,,,,"FH HW livre a la place de SIAE - Consommable non retourne,",22-04-2024,Cloturer : Piece Bonne,26-06-2024,Echange equipement neuf,30-07-2024,CTDI,19-04-2024,,,Cloturer : Piece Bonne/Echange equipement neuf/CTDI,,5M,,26-04-2024,12:49:16,NHSALEVOI
100,000313238300,9,1,001001220721,,,,,,,,"FH HW livre a la place de SIAE - Consommable non retourne,",22-04-2024,Cloturer : Piece Bonne,26-06-2024,Echange equipement neuf,30-07-2024,CTDI,19-04-2024,,,Cloturer : Piece Bonne/Echange equipement neuf/CTDI,,5M,,26-04-2024,12:49:17,NHSALEVOI
100,000313238300,10,1,001001220722,,,,,,,,"FH HW livre a la place de SIAE - Consommable non retourne,",22-04-2024,Cloturer : Piece Bonne,26-06-2024,Echange equipement neuf,30-07-2024,CTDI,19-04-2024,,,Cloturer : Piece Bonne/Echange equipement neuf/CTDI,,5M,,26-04-2024,12:49:17,NHSALEVOI
100,000313238300,11,1,,,,,,,,,"FH HW livre a la place de SIAE - Consommable non retourne,",22-04-2024,,,Echange equipement neuf,30-07-2024,CTDI,19-04-2024,,,Echange equipement neuf/CTDI,,,,30-07-2024,15:55:52,NHSFRSPM30
100,000313238300,12,1,,,,,,,,,"FH HW livre a la place de SIAE - Consommable non retourne,",22-04-2024,,,Echange equipement neuf,30-07-2024,CTDI,19-04-2024,,,Echange equipement neuf/CTDI,,,,30-07-2024,15:55:52,NHSFRSPM30
100,000313238300,13,1,,,,,,,,,"FH HW livre a la place de SIAE - Consommable non retourne,",22-04-2024,,,Echange equipement neuf,30-07-2024,CTDI,19-04-2024,,,Echange equipement neuf/CTDI,,,,30-07-2024,15:55:52,NHSFRSPM30
100,000313238300,14,1,,,,,,,,,"FH HW livre a la place de SIAE - Consommable non retourne,",22-04-2024,,,Echange equipement neuf,30-07-2024,CTDI,19-04-2024,,,Echange equipement neuf/CTDI,,,,30-07-2024,15:55:52,NHSFRSPM30
100,000313238978,1,1,001001177752,,,,,,,,,,,,,,,,,,,,,,,,
100,000313238979,1,1,001001179943,,,,,,,,,,,,,,,,,,,,,,,,
100,000313238980,1,1,001001177208,,,,,,,,,,,,,,,,,,,,,,,,
100,000313238981,1,1,001001177203,,,,,,,,,,,,,,,,,,,,,,,,
100,000313238982,1,1,001001177178,,,,,,,,,,,,,,,,,,,,,,,,
100,000313238983,1,1,001001178539,,,,,,,,,,,,,,,,,,,,,,,,
100,000313238984,1,1,001001177754,,,,,,,,,,,,,,,,,,,,,,,,
100,000313238985,1,1,001001177755,,,,,,,,,,,,,,,,,,,,,,,,
100,000313238986,1,1,001001177181,,,,,,,,,,,,,,,,,,,,,,,,
100,000313244125,1,1,001001201461,,,,,,,,Alarme Hardware fault sur RRU KB,22-04-2024,Cloturer : Echange Standard,26-06-2024,Probleme fonctionnel,30-07-2024,Fournisseur,19-04-2024,,,Cloturer : Echange Standard/Probleme fonctionnel/Fournisseur,,5M,,26-04-2024,12:49:17,NHSALEVOI
100,000313244246,1,1,001001232274,,,,,,,,,,,,,,,,,,,,,,,,
100,000313248541,1,1,001001184997,,,,,,,,,,,,,,,,,,,,,,,,
100,000313248542,1,1,001001188850,,,,,,,,,,,,,,,,,,,,,,,,
100,000313248543,1,1,001001188852,,,,,,,,,,,,,,,,,,,,,,,,
100,000313248544,1,1,001001190174,,,,,,,,,,,,,,,,,,,,,,,,
100,000313248545,1,1,001001176586,,,,,,,,,,,,,,,,,,,,,,,,
100,000313248546,1,1,001001183166,,,,,,,,,,,,,,,,,,,,,,,,
100,000313248547,1,1,001001221681,,,,,,,,,,,,,,,,,,,,,,,,
100,000313248548,1,1,001001177855,,,,,,,,,,,,,,,,,,,,,,,,
100,000313248549,1,1,001001188854,,,,,,,,,,,,,,,,,,,,,,,,
100,000313248550,1,1,001001177899,,,,,,,,,,,,,,,,,,,,,,,,
100,000313248932,1,1,001001256939,,,,,,,,On ne peut pas charger le logiciel -,22-04-2024,Cloturer : Echange Standard,27-08-2024,Probleme fonctionnel,30-07-2024,Fournisseur,19-04-2024,,,Cloturer : Echange Standard/Probleme fonctionnel/Fournisseur,,5M,,06-08-2024,01:24:05,NHS_BATCH
100,000313250276,1,1,001001228282,,,,,,,,1 journee de fonctionnement et plus rien -,22-04-2024,Cloturer : Piece Bonne,26-04-2024,Probleme fonctionnel,30-07-2024,Fournisseur,19-04-2024,,,Cloturer : Piece Bonne/Probleme fonctionnel/Fournisseur,,5M,,26-04-2024,12:49:17,NHSALEVOI
100,000313251977,1,1,001001201462,,,,,,,,Le materiel bagotte,22-04-2024,Cloturer : Shields,26-04-2024,Probleme fonctionnel,30-07-2024,Fournisseur,19-04-2024,,,Cloturer : Shields/Probleme fonctionnel/Fournisseur,,5M,,26-04-2024,12:49:17,NHSALEVOI
100,000313252363,1,1,001001177882,,,,,,,,,,,,,,,,,,,,,,,,
100,000313252364,1,1,001001177877,,,,,,,,,,,,,,,,,,,,,,,,
100,000313252571,1,1,001001188942,,,,,,,,,,,,,,,,,,,,,,,,
100,000313253323,1,1,,,,,,,,,,,RMA BEANTRAGUNG,25-08-2023,,,,,,,RMA BEANTRAGUNG,,,,25-08-2023,15:22:57,NHS000828
100,000313259755,1,1,001001196014,,,,,,,,Ne s'allume pas,22-04-2024,Cloturer : Piece Bonne,26-06-2024,Probleme fonctionnel,30-07-2024,Fournisseur,19-04-2024,,,Cloturer : Piece Bonne/Probleme fonctionnel/Fournisseur,,5M,,26-04-2024,12:49:17,NHSALEVOI
100,000313259767,1,1,001001204043,,,,,,,,Defaut de transmission,22-04-2024,Cloturer : Piece Bonne,26-06-2024,Probleme fonctionnel,30-07-2024,Fournisseur,19-04-2024,,,Cloturer : Piece Bonne/Probleme fonctionnel/Fournisseur,,5M,,26-04-2024,12:49:17,NHSALEVOI
100,000313259767,2,1,001001204044,,,,,,,,Defaut de transmission,22-04-2024,Cloturer : Piece Bonne,26-06-2024,Probleme fonctionnel,30-07-2024,Fournisseur,19-04-2024,,,Cloturer : Piece Bonne/Probleme fonctionnel/Fournisseur,,5M,,26-04-2024,12:49:17,NHSALEVOI
100,000313259767,3,1,001001204045,,,,,,,,Defaut de transmission,22-04-2024,Cloturer : Piece Bonne,26-06-2024,Probleme fonctionnel,30-07-2024,Fournisseur,19-04-2024,,,Cloturer : Piece Bonne/Probleme fonctionnel/Fournisseur,,5M,,26-04-2024,12:49:17,NHSALEVOI
100,000313259767,4,1,001001204046,,,,,,,,Defaut de transmission,22-04-2024,Cloturer : Piece Bonne,26-06-2024,Probleme fonctionnel,30-07-2024,Fournisseur,19-04-2024,,,Cloturer : Piece Bonne/Probleme fonctionnel/Fournisseur,,5M,,26-04-2024,12:49:17,NHSALEVOI
100,000313260467,1,1,001001194120,,,,,,,,Probleme redresseur -,22-04-2024,Cloturer : Echange Standard,26-06-2024,Probleme fonctionnel,30-07-2024,Fournisseur,19-04-2024,,,Cloturer : Echange Standard/Probleme fonctionnel/Fournisseur,,5M,,26-04-2024,12:49:17,NHSALEVOI
100,000313260645,1,1,001001261056,,,,,,,,"RRU HS , il faut le changer -",22-04-2024,Cloturer : Piece Bonne,26-06-2024,Probleme fonctionnel,30-07-2024,Fournisseur,19-04-2024,,,Cloturer : Piece Bonne/Probleme fonctionnel/Fournisseur,,5M,,06-06-2024,00:40:29,NHS_BATCH
100,000313260687,1,1,001001436353,,,,,,Development Test Design 04.06.25,04-06-2025,,,,,,,,,,,Development Test Design 04.06.25,,3,,04-06-2025,14:52:37,NHS050084
100,000313260835,2,1,,,,,,,,,,,RMA BEANTRAGUNG,31-08-2023,,,,,,,RMA BEANTRAGUNG,,,,31-08-2023,08:47:41,NHS000828
100,000313261327,1,1,001001192394,,,,,,,,Advance replacement,24-01-2024,Repair time extended,25-09-2023,,,,,,,Repair time extended,,,,24-01-2024,16:12:46,NHSESLO01
100,000313261383,1,1,001001202908,,,,,,,,Ne s'allume pas,22-04-2024,Cloturer : Piece Bonne,26-06-2024,Probleme fonctionnel,30-07-2024,Fournisseur,19-04-2024,,,Cloturer : Piece Bonne/Probleme fonctionnel/Fournisseur,,5M,,26-04-2024,12:49:17,NHSALEVOI
100,000313263984,1,1,001001201463,,,,,,,,Endommage pendant l/'installation,22-04-2024,Cloturer : Shields,26-04-2024,Dommage physique,30-07-2024,MMO,19-04-2024,,,Cloturer : Shields/Dommage physique/MMO,,5M,,26-04-2024,12:49:17,NHSALEVOI
100,000313267390,1,1,001001182562,,,,,,,,,,,,,,,,,,,,,,,,
100,000313267391,1,1,001001182452,,,,,,,,,,,,,,,,,,,,,,,,
100,000313267392,1,1,001001182497,,,,,,,,,,,,,,,,,,,,,,,,
100,000313267393,1,1,001001184999,,,,,,,,,,,,,,,,,,,,,,,,
100,000313267394,1,1,001001202818,,,,,,,,,,,,,,,,,,,,,,,,
100,000313267395,1,1,001001202816,,,,,,,,,,,,,,,,,,,,,,,,
100,000313267396,1,1,001001186037,,,,,,,,,,,,,,,,,,,,,,,,
100,000313267400,1,1,001001187037,,,,,,,,,,,,,,,,,,,,,,,,
100,000313267401,1,1,001001279069,,,,,,,,,,,,,,,,,,,,,,,,
100,000313267402,1,1,001001182496,,,,,,,,,,,,,,,,,,,,,,,,
100,000313267403,1,1,001001184956,,,,,,,,,,,,,,,,,,,,,,,,
100,000313267404,1,1,001001194186,,,,,,,,,,,,,,,,,,,,,,,,
100,000313267405,1,1,001001194175,,,,,,,,,,,,,,,,,,,,,,,,
100,000313267406,1,1,001001194185,,,,,,,,,,,,,,,,,,,,,,,,
100,000313267768,1,1,001001216807,,,,,,,,Pas de LED allumee -,22-04-2024,Cloturer : Shields (Refus RMA),26-04-2024,Probleme fonctionnel,30-07-2024,Fournisseur,19-04-2024,,,Cloturer : Shields (Refus RMA)/Probleme fonctionnel/Fournisseur,,5M,,26-04-2024,12:49:17,NHSALEVOI
100,000313268046,1,1,001001189432,,,,,,,,,,,,,,,,,,,,,,,,
100,000313268963,1,1,001001195798,,,,,,,,genere une alarme,22-04-2024,Cloturer : Piece Bonne,26-06-2024,Probleme fonctionnel,30-07-2024,Fournisseur,19-04-2024,,,Cloturer : Piece Bonne/Probleme fonctionnel/Fournisseur,,5M,,26-04-2024,12:49:17,NHSALEVOI
100,000313269752,1,1,001001193555,,,,,,,,Pour resolution ticket 4725161 - a cloturer,22-04-2024,Cloturer : Shields (Refus RMA),25-09-2024,Probleme fonctionnel,30-07-2024,Fournisseur,19-04-2024,,,Cloturer : Shields (Refus RMA)/Probleme fonctionnel/Fournisseur,,5M,,21-09-2024,01:44:07,NHS_BATCH
100,000313270211,1,1,001001201464,,,,,,,,On ne peut pas charger le logiciel,22-04-2024,Cloturer : Piece Bonne,26-06-2024,Probleme fonctionnel,30-07-2024,Fournisseur,19-04-2024,,,Cloturer : Piece Bonne/Probleme fonctionnel/Fournisseur,,5M,,26-04-2024,12:49:17,NHSALEVOI
100,000313270467,1,1,001001190897,,,,,,,,,,,,,,,,,,,,,,,,
100,000313271053,1,1,001001183569,,,,,,,,,,,,,,,,,,,,,,,,
100,000313271054,1,1,001001202823,,,,,,,,,,,,,,,,,,,,,,,,
100,000313271055,1,1,001001188857,,,,,,,,,,,,,,,,,,,,,,,,
100,000313271056,1,1,001001185194,,,,,,,,,,,,,,,,,,,,,,,,
100,000313271057,1,1,001001183634,,,,,,,,,,,,,,,,,,,,,,,,
100,000313271058,1,1,001001214968,,,,,,,,,,,,,,,,,,,,,,,,
100,000313271059,1,1,001001194888,,,,,,,,,,,,,,,,,,,,,,,,
100,000313271060,1,1,001001197980,,,,,,,,,,,,,,,,,,,,,,,,
100,000313271061,1,1,001001194887,,,,,,,,,,,,,,,,,,,,,,,,
100,000313271082,1,1,001001186296,,,,,,,,,,,,,,,,,,,,,,,,
100,000313271082,4,1,001001188887,,,,,,,,,,,,,,,,,,,,,,,,
100,000313272322,1,1,001001196514,,,,,,,,No signal entre la BB et le RRU,22-04-2024,Cloturer : Piece Bonne,26-04-2024,Probleme fonctionnel,30-07-2024,Fournisseur,19-04-2024,,,Cloturer : Piece Bonne/Probleme fonctionnel/Fournisseur,,5M,,26-04-2024,12:49:17,NHSALEVOI
100,000313272923,1,1,001001195799,,,,,,,,DEBLOCAGE CELLULES A DISTANCE IMPOSSIBLE,22-04-2024,Cloturer : Piece Bonne,26-06-2024,Probleme fonctionnel,30-07-2024,Fournisseur,19-04-2024,,,Cloturer : Piece Bonne/Probleme fonctionnel/Fournisseur,,5M,,26-04-2024,12:49:17,NHSALEVOI
100,000313273199,1,1,001001199576,,,,,,,,Le RET_S1 n'est pas visible au SCAN,22-04-2024,Cloturer : Shields,26-04-2024,Probleme fonctionnel,30-07-2024,Fournisseur,19-04-2024,,,Cloturer : Shields/Probleme fonctionnel/Fournisseur,,5M,,26-04-2024,12:49:17,NHSALEVOI
100,000313276010,1,1,001001188933,,,,,,,,,,,,,,,,,,,,,,,,
100,000313276095,1,1,001001208028,,,,,,,,Reference non fournie par BYTEL lors de l'a creation du panier initiale- Mauvaise reference SFP fourni par Bytel,22-04-2024,Cloturer : Piece Bonne,26-06-2024,Echange equipement neuf,30-07-2024,BYTEL,19-04-2024,,,Cloturer : Piece Bonne/Echange equipement neuf/BYTEL,,5M,,26-04-2024,12:49:18,NHSALEVOI
100,000313276095,2,1,001001208029,,,,,,,,Reference non fournie par BYTEL lors de l'a creation du panier initiale- Mauvaise reference SFP fourni par Bytel,22-04-2024,Cloturer : Piece Bonne,26-06-2024,Echange equipement neuf,30-07-2024,BYTEL,19-04-2024,,,Cloturer : Piece Bonne/Echange equipement neuf/BYTEL,,5M,,26-04-2024,12:49:18,NHSALEVOI
100,000313276095,3,1,001001208030,,,,,,,,Reference non fournie par BYTEL lors de l'a creation du panier initiale- Mauvaise reference SFP fourni par Bytel,22-04-2024,Cloturer : Piece Bonne,26-06-2024,Echange equipement neuf,30-07-2024,BYTEL,19-04-2024,,,Cloturer : Piece Bonne/Echange equipement neuf/BYTEL,,5M,,26-04-2024,12:49:18,NHSALEVOI
100,000313276095,4,1,001001208031,,,,,,,,Reference non fournie par BYTEL lors de l'a creation du panier initiale- Mauvaise reference SFP fourni par Bytel,22-04-2024,Cloturer : Piece Bonne,26-06-2024,Echange equipement neuf,30-07-2024,BYTEL,19-04-2024,,,Cloturer : Piece Bonne/Echange equipement neuf/BYTEL,,5M,,26-04-2024,12:49:18,NHSALEVOI
100,000313276095,5,1,001001208032,,,,,,,,Reference non fournie par BYTEL lors de l'a creation du panier initiale- Mauvaise reference SFP fourni par Bytel,22-04-2024,Cloturer : Piece Bonne,26-06-2024,Echange equipement neuf,30-07-2024,BYTEL,19-04-2024,,,Cloturer : Piece Bonne/Echange equipement neuf/BYTEL,,5M,,26-04-2024,12:49:18,NHSALEVOI
100,000313276095,6,1,001001208033,,,,,,,,Reference non fournie par BYTEL lors de l'a creation du panier initiale- Mauvaise reference SFP fourni par Bytel,22-04-2024,Cloturer : Piece Bonne,26-06-2024,Echange equipement neuf,30-07-2024,BYTEL,19-04-2024,,,Cloturer : Piece Bonne/Echange equipement neuf/BYTEL,,5M,,26-04-2024,12:49:18,NHSALEVOI
100,000313276469,1,1,001001204047,,,,,,,,Endommage pendant l'installation,22-04-2024,Cloturer : Shields,26-04-2024,Dommage physique,30-07-2024,MMO,19-04-2024,,,Cloturer : Shields/Dommage physique/MMO,,5M,,26-04-2024,12:49:18,NHSALEVOI
100,000313277886,1,1,001001187233,,,,,,,,,,,,,,,,,,,,,,,,
100,000313278739,1,1,001001204048,,,,,,,,Casse sur le support de l'antenne interne - remplacement de l'equipement suite constatation dommage par le MMO,22-04-2024,Cloturer : Shields,26-04-2024,Dommage physique,30-07-2024,Fournisseur,19-04-2024,,,Cloturer : Shields/Dommage physique/Fournisseur,,5M,,26-04-2024,12:49:18,NHSALEVOI
100,000313278786,1,1,001001199578,,,,,,,,RTWP /RSSI sur les cellules 700/800/900 - constatation par le MMO deprobleme de RET,22-04-2024,Cloturer : Shields,26-04-2024,Probleme fonctionnel,30-07-2024,Fournisseur,19-04-2024,,,Cloturer : Shields/Probleme fonctionnel/Fournisseur,,5M,,26-04-2024,12:49:18,NHSALEVOI
100,000313278838,1,1,001001198993,,,,,,,,Manque coupleur FH diam 60 sur site A - remplacement de l'equipementsuite constatation par le MMO de l'absence des coupleur - a cloturer,22-04-2024,Cloturer : Shields (Article monte),26-06-2024,Echange equipement neuf,30-07-2024,Fournisseur,19-04-2024,,,Cloturer : Shields (Article monte)/Echange equipement neuf/Fournisseur,,5M,,26-04-2024,12:49:18,NHSALEVOI
100,000313281321,1,1,001001189513,,,,,,,,,,,,,,,,,,,,,,,,
100,000313281414,1,1,001001205010,,,,,,,,On ne peut pas charger le logiciel - constatation par le MMO de probleme de chargement logiciel - a cloturer,22-04-2024,Cloturer : Piece Bonne (NFF CTDI),25-09-2024,Probleme fonctionnel,30-07-2024,Fournisseur,19-04-2024,,,Cloturer : Piece Bonne (NFF CTDI)/Probleme fonctionnel/Fournisseur,,5M,,12-09-2024,01:49:51,NHS_BATCH
100,000313281417,1,1,001001201465,,,,,,,,On ne peut pas charger le logiciel - constatation par le MMO de probleme de mot de pass - a cloturer,22-04-2024,Cloturer : Shields (CTDI HS Confirm#),25-09-2024,Probleme fonctionnel,30-07-2024,Fournisseur,19-04-2024,,,Cloturer : Shields (CTDI HS Confirm#)/Probleme fonctionnel/Fournisseur,,5M,,12-09-2024,01:49:52,NHS_BATCH
100,000313283082,1,1,001001209685,,,,,,,,erreur sur la commande - Relance le 02/10 - a cloturer,22-04-2024,Cloturer : Echange Standard,27-08-2024,Echange equipement neuf,30-07-2024,CTDI,19-04-2024,,,Cloturer : Echange Standard/Echange equipement neuf/CTDI,,5M,,12-07-2024,01:25:06,NHS_BATCH
100,000313283082,2,1,001001209686,,,,,,,,erreur sur la commande - Relance le 02/10 - a cloturer,22-04-2024,Cloturer : Echange Standard,27-08-2024,Echange equipement neuf,30-07-2024,CTDI,19-04-2024,,,Cloturer : Echange Standard/Echange equipement neuf/CTDI,,5M,,12-07-2024,01:25:06,NHS_BATCH
100,000313283240,2,1,001001227822,,,,,,,,,,,,,,,,,,,,,,,,
100,000313285142,1,1,001001254373,,,,,,,,"Materiel fournie lors de l'APL identique a la commande, Materiel enadequation avec les document referentiel - Mauvais materiel present dans le carton - Demande information le 02/10",22-04-2024,Cloturer : Piece Bonne,26-04-2024,Echange equipement neuf,30-07-2024,Fournisseur,19-04-2024,,,Cloturer : Piece Bonne/Echange equipement neuf/Fournisseur,,5M,,26-04-2024,12:49:18,NHSALEVOI
100,000313287511,1,1,001001216808,,,,,,,,Le RRU genere du PIM - constatation par le MMO de probleme de PIM - mail MMO pas avant le 02/11 demontage du RRU,22-04-2024,Cloturer : Echange Standard,26-04-2024,Probleme fonctionnel,30-07-2024,Fournisseur,19-04-2024,,,Cloturer : Echange Standard/Probleme fonctionnel/Fournisseur,,5M,,26-04-2024,12:49:18,NHSALEVOI
100,000313288076,1,1,001001220024,,,,,,,,REBOOT EN PERMANENCE - constatation par le MMO de probleme de reboot CSG - a cloturer,22-04-2024,Cloturer : Shields (Refus RMA),26-04-2024,Probleme fonctionnel,30-07-2024,Fournisseur,19-04-2024,,,Cloturer : Shields (Refus RMA)/Probleme fonctionnel/Fournisseur,,5M,,26-04-2024,12:49:18,NHSALEVOI
100,000313288121,1,1,001001201466,,,,,,,,CARTE REBOOT - Relance le 02/10 - a cloturer,22-04-2024,Cloturer : Piece Bonne (NFF CTDI),25-09-2024,Probleme fonctionnel,30-07-2024,Fournisseur,19-04-2024,,,Cloturer : Piece Bonne (NFF CTDI)/Probleme fonctionnel/Fournisseur,,5M,,12-09-2024,01:49:52,NHS_BATCH
100,000313289715,1,1,001001230731,,,,,,,,Pour lever Ticket 4754756   -  PB RET S1 - Relance le 02/10,22-04-2024,Cloturer : Echange Standard,26-06-2024,Probleme fonctionnel,30-07-2024,Fournisseur,19-04-2024,,,Cloturer : Echange Standard/Probleme fonctionnel/Fournisseur,,5M,,26-04-2024,12:49:18,NHSALEVOI
100,000313289901,1,1,001001198308,,,,,,,,"TICKET EN COURS, PERTE DU RRU A DISTANCE - Relance le 02/10",22-04-2024,Cloturer : Echange Standard,26-04-2024,Probleme fonctionnel,30-07-2024,Fournisseur,19-04-2024,,,Cloturer : Echange Standard/Probleme fonctionnel/Fournisseur,,5M,,26-04-2024,12:49:18,NHSALEVOI
100,000313290841,1,1,001001228283,,,,,,,,VSWR sur les ports 700 et 2600 - Relance le 02/10,22-04-2024,Cloturer : Echange Standard,26-04-2024,Probleme fonctionnel,30-07-2024,Fournisseur,19-04-2024,,,Cloturer : Echange Standard/Probleme fonctionnel/Fournisseur,,5M,,26-04-2024,12:49:18,NHSALEVOI
100,000313291451,1,1,001001201467,,,,,,,,Gamelle site A Nok - Relance le 02/10,22-04-2024,Cloturer : Shields,26-04-2024,Echange equipement neuf,30-07-2024,Fournisseur,19-04-2024,,,Cloturer : Shields/Echange equipement neuf/Fournisseur,,5M,,26-04-2024,12:49:18,NHSALEVOI
100,000313291597,1,1,001001260611,,,,,,,,Materiel defectueux - Demande information le 02/10,22-04-2024,Cloturer : Shields (Dmd Bytel),21-06-2024,Probleme fonctionnel,30-07-2024,Fournisseur,19-04-2024,,,Cloturer : Shields (Dmd Bytel)/Probleme fonctionnel/Fournisseur,,5M,,01-07-2024,10:39:00,NHSALEVOI
100,000313292932,1,1,001001190158,,,,,,,,,,,,,,,,,,,,,,,,
100,000313292933,1,1,001001190758,,,,,,,,,,,,,,,,,,,,,,,,
100,000313292934,1,1,001001193687,,,,,,,,,,,,,,,,,,,,,,,,
100,000313292935,1,1,001001209730,,,,,,,,,,,,,,,,,,,,,,,,
100,000313292936,1,1,001001299642,,,,,,,,,,,,,,,,,,,,,,,,
100,000313292937,1,1,001001202948,,,,,,,,,,,,,,,,,,,,,,,,
100,000313292938,1,1,001001199863,,,,,,,,,,,,,,,,,,,,,,,,
100,000313293152,1,1,001001204049,,,,,,,,test lors de l'integration du site - Relance le 02/10 - a cloturer,22-04-2024,Cloturer : Piece Bonne,26-06-2024,Probleme fonctionnel,30-07-2024,Fournisseur,19-04-2024,,,Cloturer : Piece Bonne/Probleme fonctionnel/Fournisseur,,5M,,26-04-2024,12:49:19,NHSALEVOI
100,000313293152,2,1,001001204050,,,,,,,,test lors de l'integration du site - Relance le 02/10,22-04-2024,Cloturer : Piece Bonne,26-06-2024,Probleme fonctionnel,30-07-2024,Fournisseur,19-04-2024,,,Cloturer : Piece Bonne/Probleme fonctionnel/Fournisseur,,5M,,26-04-2024,12:49:19,NHSALEVOI
100,000313293212,1,1,001001195298,,,,,,,,,,,,,,,,,,,,,,,,
100,000313293246,1,1,001001201468,,,,,,,,Equipement endommage a la livraison - Demande Retour le 02/10,22-04-2024,Cloturer : Piece Bonne,26-06-2024,Dommage physique,30-07-2024,MMO,19-04-2024,,,Cloturer : Piece Bonne/Dommage physique/MMO,,5M,,26-04-2024,12:49:19,NHSALEVOI
100,000313293246,2,1,001001201469,,,,,,,,Equipement endommage a la livraison - Demande Retour le 02/10,22-04-2024,Cloturer : Piece Bonne,26-06-2024,Dommage physique,30-07-2024,MMO,19-04-2024,,,Cloturer : Piece Bonne/Dommage physique/MMO,,5M,,26-04-2024,12:49:19,NHSALEVOI
100,000313293246,3,1,001001201470,,,,,,,,Equipement endommage a la livraison - Demande Retour le 02/10,22-04-2024,Cloturer : Echange Standard,26-04-2024,Dommage physique,30-07-2024,MMO,19-04-2024,,,Cloturer : Echange Standard/Dommage physique/MMO,,5M,,26-04-2024,12:49:19,NHSALEVOI
100,000313293246,4,1,001001201471,,,,,,,,Equipement endommage a la livraison - Demande Retour le 02/10,22-04-2024,Cloturer : Echange Standard,26-04-2024,Dommage physique,30-07-2024,MMO,19-04-2024,,,Cloturer : Echange Standard/Dommage physique/MMO,,5M,,26-04-2024,12:49:19,NHSALEVOI
100,000313293252,1,1,001001234596,,,,,,,,Advance replacement,24-01-2024,,,,,,,,,,,,,24-01-2024,16:12:48,NHSESLO01
100,000313293358,1,1,001001202909,,,,,,,,ALARME SUR 2 REDRESSEURS,22-04-2024,Cloturer : Piece Bonne,26-06-2024,Probleme fonctionnel,30-07-2024,Fournisseur,19-04-2024,,,Cloturer : Piece Bonne/Probleme fonctionnel/Fournisseur,,5M,,26-04-2024,12:49:19,NHSALEVOI
100,000313293358,2,1,001001202910,,,,,,,,ALARME SUR 2 REDRESSEURS,22-04-2024,Cloturer : Piece Bonne,26-06-2024,Probleme fonctionnel,30-07-2024,Fournisseur,19-04-2024,,,Cloturer : Piece Bonne/Probleme fonctionnel/Fournisseur,,5M,,26-04-2024,12:49:19,NHSALEVOI
100,000313293379,1,1,001001198309,,,,,,,,Dommage physique - Demande de retour 02/10 -,22-04-2024,Cloturer : Echange Standard,26-04-2024,Dommage physique,30-07-2024,MMO,19-04-2024,,,Cloturer : Echange Standard/Dommage physique/MMO,,5M,,26-04-2024,12:49:19,NHSALEVOI
100,000313295605,1,1,001001202911,,,,,,,,Changement de FH,22-04-2024,Cloturer : Shields,26-04-2024,Echange equipement neuf,30-07-2024,MMO,19-04-2024,,,Cloturer : Shields/Echange equipement neuf/MMO,,5M,,26-04-2024,12:49:19,NHSALEVOI
100,000313295605,2,1,001001202912,,,,,,,,Changement de FH,22-04-2024,Cloturer : Shields,26-04-2024,Echange equipement neuf,30-07-2024,MMO,19-04-2024,,,Cloturer : Shields/Echange equipement neuf/MMO,,5M,,26-04-2024,12:49:19,NHSALEVOI
100,000313298674,1,1,001001254374,,,,,,,,Changement Freq FH par BT -,22-04-2024,Cloturer : Echange Standard,26-04-2024,Echange equipement neuf,30-07-2024,MMO,19-04-2024,,,Cloturer : Echange Standard/Echange equipement neuf/MMO,,5M,,26-04-2024,12:49:19,NHSALEVOI
100,000313298674,2,1,001001254375,,,,,,,,Changement Freq FH par BT -,22-04-2024,Cloturer : Echange Standard,26-06-2024,Echange equipement neuf,30-07-2024,MMO,19-04-2024,,,Cloturer : Echange Standard/Echange equipement neuf/MMO,,5M,,04-05-2024,01:20:45,NHS_BATCH
100,000313298674,3,1,001001254376,,,,,,,,Changement Freq FH par BT -,22-04-2024,Cloturer : Echange Standard,27-08-2024,Echange equipement neuf,30-07-2024,MMO,19-04-2024,,,Cloturer : Echange Standard/Echange equipement neuf/MMO,,5M,,20-06-2024,01:03:25,NHS_BATCH
100,000313298674,4,1,001001254377,,,,,,,,Changement Freq FH par BT -,22-04-2024,Cloturer : Echange Standard,27-08-2024,Echange equipement neuf,30-07-2024,MMO,19-04-2024,,,Cloturer : Echange Standard/Echange equipement neuf/MMO,,5M,,20-06-2024,01:03:25,NHS_BATCH
100,000313300270,1,1,001001210975,,,,,,,,Test ROS NOK suite preparation chantier,22-04-2024,Cloturer : Shields,26-04-2024,Probleme fonctionnel,30-07-2024,Fournisseur,19-04-2024,,,Cloturer : Shields/Probleme fonctionnel/Fournisseur,,5M,,26-04-2024,12:49:19,NHSALEVOI
100,000313301050,1,1,001001228284,,,,,,,,Reboot intempestif,22-04-2024,Cloturer : Echange Standard,26-04-2024,Probleme fonctionnel,30-07-2024,Fournisseur,19-04-2024,,,Cloturer : Echange Standard/Probleme fonctionnel/Fournisseur,,5M,,26-04-2024,12:49:19,NHSALEVOI
100,000313302073,34,1,001001194743,"CW 42,2023",16-10-2023,28-09-2023,"CW 42,2023",,Prüfaufträge für Poolerhöhung ME,28-09-2023,,,,,,,,,,,Prüfaufträge für Poolerhöhung ME,,5,,28-09-2023,14:29:22,NHS000085
100,000313302505,1,1,001001198994,,,,,,,,PROBLEME RTWP ANALYSE PAR MESURE PIM,22-04-2024,Cloturer : Shields,26-04-2024,Probleme fonctionnel,30-07-2024,Fournisseur,19-04-2024,,,Cloturer : Shields/Probleme fonctionnel/Fournisseur,,5M,,26-04-2024,12:49:19,NHSALEVOI
100,000313302527,1,1,001001198995,,,,,,,,PROBLEME RTWP ANALYSE PAR MESURE PIM,22-04-2024,Cloturer : Shields,26-04-2024,Probleme fonctionnel,30-07-2024,Fournisseur,19-04-2024,,,Cloturer : Shields/Probleme fonctionnel/Fournisseur,,5M,,26-04-2024,12:49:19,NHSALEVOI
100,000313304075,1,1,001001220025,,,,,,,,Les port du CSG ne traffic pas - a cloturer,22-04-2024,Cloturer : Shields (Refus RMA),26-04-2024,Probleme fonctionnel,30-07-2024,Fournisseur,19-04-2024,,,Cloturer : Shields (Refus RMA)/Probleme fonctionnel/Fournisseur,,5M,,26-04-2024,12:49:19,NHSALEVOI
100,000313304096,1,1,001001248355,,,,,,,,Commande complementaire au lieu de demande d'echange- Att retour MMO -Fait disjoncter le site complet - Demande information envoye le 05/10,22-04-2024,Cloturer : Piece Bonne,26-04-2024,Probleme fonctionnel,30-07-2024,Fournisseur,19-04-2024,,,Cloturer : Piece Bonne/Probleme fonctionnel/Fournisseur,,,,26-04-2024,12:49:19,NHSALEVOI
100,000313304096,2,1,001001238112,,,,,,,,Commande complementaire au lieu de demande d'echange- Att retour MMO -Fait disjoncter le site complet - Demande information envoye le 05/10,22-04-2024,Cloturer : Piece Bonne,26-04-2024,Probleme fonctionnel,30-07-2024,Fournisseur,19-04-2024,,,Cloturer : Piece Bonne/Probleme fonctionnel/Fournisseur,,,,04-04-2024,10:38:05,NHSALEVOI
100,000313304697,1,1,001001219106,,,,,,,,RSSI persistant - Demande information envoye le 05/10,22-04-2024,Cloturer : Shields (COMSCOPE),26-04-2024,Probleme fonctionnel,30-07-2024,Fournisseur,19-04-2024,,,Cloturer : Shields (COMSCOPE)/Probleme fonctionnel/Fournisseur,,5M,,26-04-2024,12:49:20,NHSALEVOI
100,000313306321,1,1,001001206878,,,,,,TD Entwicklung 08.11.23/Difficult Repair 02.11.23,08-11-2023,,,,,,,,,,,TD Entwicklung 08.11.23/Difficult Repair 02.11.23,,,,08-11-2023,07:49:06,NHS000440
100,000313306595,1,1,001001208682,,,,,,,,28/09/23 => Tracking : GB281000495FR -,22-04-2024,Cloturer : Echange Standard,26-06-2024,Echange equipement neuf,30-07-2024,CTDI,19-04-2024,,,Cloturer : Echange Standard/Echange equipement neuf/CTDI,,5M,,26-04-2024,12:49:20,NHSALEVOI
100,000313306595,2,1,001001208683,,,,,,,,28/09/23 => Tracking : GB281000496FR -,22-04-2024,Cloturer : Echange Standard,26-04-2024,Echange equipement neuf,30-07-2024,CTDI,19-04-2024,,,Cloturer : Echange Standard/Echange equipement neuf/CTDI,,5M,,06-05-2024,10:37:52,NHSALEVOI
100,000313307400,1,1,001001208034,,,,,,,,Antenne KO RET ne remonte pas -,22-04-2024,Cloturer : Echange Standard,26-04-2024,Probleme fonctionnel,30-07-2024,Fournisseur,19-04-2024,,,Cloturer : Echange Standard/Probleme fonctionnel/Fournisseur,,5M,,26-04-2024,12:49:20,NHSALEVOI
100,000313307612,1,1,001001205011,,,,,,,,Demande information envoye le 05/10,22-04-2024,Cloturer : Echange Standard,26-04-2024,Echange equipement neuf,30-07-2024,Fournisseur,19-04-2024,,,Cloturer : Echange Standard/Echange equipement neuf/Fournisseur,,5M,,26-04-2024,12:49:20,NHSALEVOI
100,000313308129,1,1,001001396422,,,,,,schwerer Fehler,10-03-2025,,,,,,,,,,,schwerer Fehler,,5,,10-03-2025,13:37:44,NHS000033
100,000313308146,1,1,001001201473,,,,,,,,Performance technique IMP/ROS/ISO - Demande information envoye le 05/10,22-04-2024,Cloturer : Shields,26-04-2024,Probleme fonctionnel,30-07-2024,Fournisseur,19-04-2024,,,Cloturer : Shields/Probleme fonctionnel/Fournisseur,,5M,,26-04-2024,12:49:20,NHSALEVOI
100,000313308264,1,1,001001212117,,,,,,,,"Changement antenne 5G, vu avec BYTEL - Antenne 5G S2 HS - Demandeinformation envoye le 05/10",22-04-2024,Cloturer : Echange Standard,26-04-2024,Probleme fonctionnel,30-07-2024,Fournisseur,19-04-2024,,,Cloturer : Echange Standard/Probleme fonctionnel/Fournisseur,,5M,,26-04-2024,12:49:20,NHSALEVOI
100,000313309748,1,1,001001206314,,,,,,,,RRU HS - Demande information envoye le 05/10 -,22-04-2024,Cloturer : Echange Standard,26-04-2024,Probleme fonctionnel,30-07-2024,Fournisseur,19-04-2024,,,Cloturer : Echange Standard/Probleme fonctionnel/Fournisseur,,5M,,26-04-2024,12:49:20,NHSALEVOI
100,000313309796,1,1,001001213753,,,,,,,,commande complementaire au lieu de demande d'echange - attente retourMMO - Demande information envoye le 05/10,22-04-2024,Cloturer : Piece Bonne (NFF CTDI),25-09-2024,Probleme fonctionnel,30-07-2024,Fournisseur,19-04-2024,,,Cloturer : Piece Bonne (NFF CTDI)/Probleme fonctionnel/Fournisseur,,5M,,12-09-2024,01:49:52,NHS_BATCH
100,000313309801,1,1,001001201474,,,,,,,,commande complementaire au lieu de demande d'echange - attente retourMMO - Demande information envoye le 05/10,22-04-2024,Cloturer : Shields,26-04-2024,Probleme fonctionnel,30-07-2024,Fournisseur,19-04-2024,,,Cloturer : Shields/Probleme fonctionnel/Fournisseur,,5M,,26-04-2024,12:49:20,NHSALEVOI
100,000313309801,2,1,,,,,,,,,commande complementaire au lieu de demande d'echange - attente retourMMO - Demande information envoye le 05/10 -,22-04-2024,,,Probleme fonctionnel,30-07-2024,Fournisseur,19-04-2024,,,Probleme fonctionnel/Fournisseur,,,,30-07-2024,15:59:10,NHSFRSPM30
100,000313309864,1,1,001001209833,,,,,,,,Advance replacement,24-01-2024,Repair time extended,10-11-2023,,,,,,,Repair time extended,,,,24-01-2024,16:12:50,NHSESLO01
100,000313311183,1,1,001001213646,,,,,,,,,,,,,,,,,,,,,,,,
100,000313311184,1,1,001001205059,,,,,,,,,,,,,,,,,,,,,,,,
100,000313311185,1,1,001001241307,,,,,,,,,,,,,,,,,,,,,,,,
100,000313311186,1,1,001001213644,,,,,,,,,,,,,,,,,,,,,,,,
100,000313311187,1,1,001001213461,,,,,,,,,,,,,,,,,,,,,,,,
100,000313311188,1,1,001001384096,,,,,,,,,,,,,,,,,,,,,,,,
100,000313311189,1,1,001001196408,,,,,,,,,,,,,,,,,,,,,,,,
100,000313311190,1,1,001001256013,,,,,,,,,,,,,,,,,,,,,,,,
100,000313311191,1,1,001001210428,,,,,,,,,,,,,,,,,,,,,,,,
100,000313311192,1,1,001001246403,,,,,,,,,,,,,,,,,,,,,,,,
100,000313311195,1,1,001001198090,,,,,,,,,,,,,,,,,,,,,,,,
100,000313311358,1,1,001001213754,,,,,,,,"Suite au DTF, VSWR sur S1 2600, distance - RX path imbalance/VSWR -Demande information envoye le 05/10",22-04-2024,Cloturer : Piece Bonne (NFF CTDI),25-09-2024,Probleme fonctionnel,30-07-2024,Fournisseur,19-04-2024,,,Cloturer : Piece Bonne (NFF CTDI)/Probleme fonctionnel/Fournisseur,,5M,,12-09-2024,01:49:52,NHS_BATCH
100,000313311366,1,1,001001201475,,,,,,,,Materiel HS - CTDI: commande complementaire au lieu de demande d'echange - Demande information envoye le 05/10,22-04-2024,Cloturer : Echange Standard,26-04-2024,Probleme fonctionnel,30-07-2024,Fournisseur,19-04-2024,,,Cloturer : Echange Standard/Probleme fonctionnel/Fournisseur,,5M,,26-04-2024,12:49:20,NHSALEVOI
100,000313311548,1,1,001001201476,,,,,,,,Ticket TI0000004782175 - RRU5502N HS - Demande information envoye le05/10,22-04-2024,Cloturer : Echange Standard,26-04-2024,Probleme fonctionnel,30-07-2024,Fournisseur,19-04-2024,,,Cloturer : Echange Standard/Probleme fonctionnel/Fournisseur,,5M,,26-04-2024,12:49:20,NHSALEVOI
100,000313313306,1,1,001001207134,,,,,,,,Erreur equipement livre par CTDI - Demande information envoye le 05/10,22-04-2024,Cloturer : Echange Standard,06-05-2024,Echange equipement neuf,30-07-2024,CTDI,19-04-2024,,,Cloturer : Echange Standard/Echange equipement neuf/CTDI,,5M,,04-05-2024,01:20:45,NHS_BATCH
100,000313313351,1,1,001001248354,,,,,,,,reboot de la BB toutes les 5 mins - Demande information envoye le 05/10,22-04-2024,Cloturer : Piece Bonne,10-04-2024,Probleme fonctionnel,30-07-2024,Fournisseur,19-04-2024,,,Cloturer : Piece Bonne/Probleme fonctionnel/Fournisseur,,,,26-04-2024,12:49:20,NHSALEVOI
100,000313313431,1,1,001001220026,,,,,,,,CSG HS ne s'allume plus - Demande information envoye le 05/10,22-04-2024,Cloturer: Shields (Refus RMA),26-06-2024,Probleme fonctionnel,30-07-2024,Fournisseur,19-04-2024,,,Cloturer: Shields (Refus RMA)/Probleme fonctionnel/Fournisseur,,5M,,26-04-2024,12:49:20,NHSALEVOI
100,000313314539,1,1,001001204051,,,,,,,,Genere une alarme - Demande information envoye le 05/10,22-04-2024,Cloturer : Piece Bonne,26-04-2024,Probleme fonctionnel,30-07-2024,Fournisseur,19-04-2024,,,Cloturer : Piece Bonne/Probleme fonctionnel/Fournisseur,,5M,,26-04-2024,12:49:20,NHSALEVOI
100,000313314539,2,1,001001204052,,,,,,,,Genere une alarme - Demande information envoye le 05/10,22-04-2024,Cloturer : Piece Bonne,26-04-2024,Probleme fonctionnel,30-07-2024,Fournisseur,19-04-2024,,,Cloturer : Piece Bonne/Probleme fonctionnel/Fournisseur,,5M,,26-04-2024,12:49:20,NHSALEVOI
100,000313314539,3,1,001001204053,,,,,,,,Genere une alarme - Demande information envoye le 05/10,22-04-2024,Cloturer : Piece Bonne,26-04-2024,Probleme fonctionnel,30-07-2024,Fournisseur,19-04-2024,,,Cloturer : Piece Bonne/Probleme fonctionnel/Fournisseur,,5M,,26-04-2024,12:49:20,NHSALEVOI
100,000313314539,4,1,001001204054,,,,,,,,Genere une alarme - Demande information envoye le 05/10,22-04-2024,Cloturer : Piece Bonne,26-04-2024,Probleme fonctionnel,30-07-2024,Fournisseur,19-04-2024,,,Cloturer : Piece Bonne/Probleme fonctionnel/Fournisseur,,5M,,26-04-2024,12:49:21,NHSALEVOI
100,000313314539,5,1,001001204055,,,,,,,,Genere une alarme - Demande information envoye le 05/10,22-04-2024,Cloturer : Piece Bonne,26-04-2024,Probleme fonctionnel,30-07-2024,Fournisseur,19-04-2024,,,Cloturer : Piece Bonne/Probleme fonctionnel/Fournisseur,,5M,,26-04-2024,12:49:21,NHSALEVOI
100,000313314539,6,1,001001204056,,,,,,,,Genere une alarme - Demande information envoye le 05/10,22-04-2024,Cloturer : Shields,26-04-2024,Probleme fonctionnel,30-07-2024,Fournisseur,19-04-2024,,,Cloturer : Shields/Probleme fonctionnel/Fournisseur,,5M,,26-04-2024,12:49:21,NHSALEVOI
100,000313316090,1,1,001001220723,,,,,,,,Diagnostique apres test PIM : antenne HS - Demande information envoye le 05/10,22-04-2024,Cloturer : Echange Standard,26-04-2024,Probleme fonctionnel,30-07-2024,Fournisseur,19-04-2024,,,Cloturer : Echange Standard/Probleme fonctionnel/Fournisseur,,5M,,02-05-2024,12:35:48,NHSALEVOI
100,000313317521,1,1,001001202915,,,,,,,,Probleme electrique,22-04-2024,Cloturer : Echange Standard,26-06-2024,Probleme fonctionnel,30-07-2024,Fournisseur,19-04-2024,,,Cloturer : Echange Standard/Probleme fonctionnel/Fournisseur,,5M,,04-05-2024,01:20:45,NHS_BATCH
100,000313317521,2,1,001001202916,,,,,,,,Probleme electrique,22-04-2024,Cloturer : Echange Standard,26-06-2024,Probleme fonctionnel,30-07-2024,Fournisseur,19-04-2024,,,Cloturer : Echange Standard/Probleme fonctionnel/Fournisseur,,5M,,04-05-2024,01:20:45,NHS_BATCH
100,000313317587,1,1,001001215271,,,,,,,,Echange BB6641 par RP6647 - CTDI: BB6641 modelise dans les outils lorsde l'APL initiale - Modification des bases apres envoie initiale,22-04-2024,Cloturer : Echange Standard,26-04-2024,Echange equipement neuf,30-07-2024,MMO,19-04-2024,,,Cloturer : Echange Standard/Echange equipement neuf/MMO,,5M,,26-04-2024,12:49:21,NHSALEVOI
100,000313319081,1,1,001001209839,,,,,,,,Advance replacement,24-01-2024,Repair time extended,10-11-2023,,,,,,,Repair time extended,,,,24-01-2024,16:12:50,NHSESLO01
100,000313319086,1,1,001001209838,,,,,,,,Advance replacement,24-01-2024,Awaiting parts status,22-12-2023,,,,,,,Awaiting parts status,,,,24-01-2024,16:12:50,NHSESLO01
100,000313322070,1,1,001001258773,,,,,,,,PROBLEME RTWP ANALYSE PAR MESURE PIM -,22-04-2024,Cloturer : Piece Bonne (NFF CTDI),25-09-2024,Probleme fonctionnel,30-07-2024,Fournisseur,19-04-2024,,,Cloturer : Piece Bonne (NFF CTDI)/Probleme fonctionnel/Fournisseur,,5M,,12-09-2024,01:49:52,NHS_BATCH
100,000313322258,1,1,001001208111,,,,,,,,,,CQS1543730/RMA Beantragung,22-01-2024,,,,,,,CQS1543730/RMA Beantragung,,5,,22-01-2024,12:06:04,NHSSPRI03
100,000313323239,1,1,001001206315,,,,,,,,changement de distant abandon T72959,22-04-2024,Cloturer : Shields,26-04-2024,Changement de FH,30-07-2024,BYTEL,05-12-2024,,,Cloturer : Shields/Changement de FH/BYTEL,,5M,,26-04-2024,12:49:21,NHSALEVOI
100,000313323239,2,1,001001206316,,,,,,,,changement de distant abandon T72959 - a cloturer,22-04-2024,Cloturer: Shields (Refus RMA),26-04-2024,Changement de FH,30-07-2024,BYTEL,05-12-2024,,,Cloturer: Shields (Refus RMA)/Changement de FH/BYTEL,,5M,,26-04-2024,12:49:21,NHSALEVOI
100,000313323708,1,1,001001449102,,,,,,,,,,,,,,,,,,,,,,,,
100,000313323739,1,1,001001454764,,,,,,,,,,,,,,,,,,,,,,,,
100,000313323753,1,1,001001229472,,,,,,,,Impossibilite de se connecter sur la UMP -,22-04-2024,Cloturer : Piece Bonne (NFF CTDI),25-09-2024,Probleme fonctionnel,30-07-2024,Fournisseur,19-04-2024,,,Cloturer : Piece Bonne (NFF CTDI)/Probleme fonctionnel/Fournisseur,,5M,,12-09-2024,01:49:52,NHS_BATCH
100,000313323796,1,1,001001229473,,,,,,,,Impossibilite de se connecter sur la UMP -,22-04-2024,Cloturer : Piece Bonne (NFF CTDI),25-09-2024,Probleme fonctionnel,30-07-2024,Fournisseur,19-04-2024,,,Cloturer : Piece Bonne (NFF CTDI)/Probleme fonctionnel/Fournisseur,,5M,,12-09-2024,01:49:52,NHS_BATCH
100,000313324122,1,1,001001258774,,,,,,,,RRU S2 en faute ne fonctionne pas -,22-04-2024,Cloturer : Shields (Refus RMA),25-09-2024,Probleme fonctionnel,30-07-2024,Fournisseur,19-04-2024,,,Cloturer : Shields (Refus RMA)/Probleme fonctionnel/Fournisseur,,5M,,21-09-2024,01:44:07,NHS_BATCH
100,000313324133,1,1,001001206317,,,,,,,,RRU S2 en faute ne fonctionne pas - a cloturer,22-04-2024,Cloturer : Shields (Refus RMA),25-09-2024,Probleme fonctionnel,30-07-2024,Fournisseur,19-04-2024,,,Cloturer : Shields (Refus RMA)/Probleme fonctionnel/Fournisseur,,5M,,21-09-2024,01:44:07,NHS_BATCH
100,000313324543,1,1,001001209188,,,,,,,,BB6641 R3 et non R2/FA comme Livres - CTDI: Vue avec Bytel - Problemesoft -,22-04-2024,Cloturer : Echange Standard,26-04-2024,Probleme fonctionnel,30-07-2024,Fournisseur,19-04-2024,,,Cloturer : Echange Standard/Probleme fonctionnel/Fournisseur,,5M,,26-04-2024,12:49:21,NHSALEVOI
100,000313324587,1,1,001001209189,,,,,,,,,,Cloturer : Dmd Bytel : Stockage (Refus RMA),26-06-2024,Probleme fonctionnel,30-07-2024,Fournisseur,19-04-2024,,,Cloturer : Dmd Bytel : Stockage (Refus RMA)/Probleme fonctionnel/Fournisseur,,5M,,26-04-2024,12:49:21,NHSALEVOI
100,000313324587,3,1,001001209190,,,,,,,,,,Cloturer : Piece Bonne,26-06-2024,Probleme fonctionnel,30-07-2024,Fournisseur,19-04-2024,,,Cloturer : Piece Bonne/Probleme fonctionnel/Fournisseur,,5M,,26-04-2024,12:49:21,NHSALEVOI
100,000313327099,1,1,001001216809,,,,,,,,CSG HS apres upgrade fait pendant l'IMES - probleme fonctionnel lors duchargement logiciel,22-04-2024,Cloturer : Shields (Refus RMA)/25/01 : Refuse en RMA,26-06-2024,Probleme fonctionnel,30-07-2024,Fournisseur,19-04-2024,,,Cloturer : Shields (Refus RMA)/25/01 : Refuse en RMA/Probleme fonctionnel/Fournisseur,,1,,22-03-2024,14:44:34,NHSALEVOI
100,000313327577,1,1,001001210462,,,,,,,,,,,,,,,,,,,,,,,,
100,000313327578,1,1,001001225071,,,,,,,,,,,,,,,,,,,,,,,,
100,000313327579,1,1,001001226595,,,,,,,,,,,,,,,,,,,,,,,,
100,000313327580,1,1,001001200756,,,,,,,,,,,,,,,,,,,,,,,,
100,000313327581,1,1,001001214078,,,,,,,,,,,,,,,,,,,,,,,,
100,000313327582,1,1,001001204626,,,,,,,,,,,,,,,,,,,,,,,,
100,000313327583,1,1,001001200610,,,,,,,,,,,,,,,,,,,,,,,,
100,000313327584,1,1,001001205267,,,,,,,,,,,,,,,,,,,,,,,,
100,000313327585,1,1,001001256016,,,,,,,,,,,,,,,,,,,,,,,,
100,000313327586,1,1,001001206689,,,,,,,,,,,,,,,,,,,,,,,,
100,000313327587,1,1,001001205084,,,,,,,,,,,,,,,,,,,,,,,,
100,000313327588,1,1,001001226617,,,,,,,,,,,,,,,,,,,,,,,,
100,000313327589,1,1,001001334506,,,,,,,,,,,,,,,,,,,,,,,,
100,000313327590,1,1,001001200599,,,,,,,,,,,,,,,,,,,,,,,,
100,000313327591,1,1,001001200570,,,,,,,,,,,,,,,,,,,,,,,,
100,000313330244,1,1,001001217691,,,,,,,,ANTENNE TAPEE LORS DU LEVAGE -,22-04-2024,Cloturer : Shields (COMSCOPE),26-04-2024,Dommage physique,30-07-2024,MMO,19-04-2024,,,Cloturer : Shields (COMSCOPE)/Dommage physique/MMO,,5M,,26-04-2024,12:49:21,NHSALEVOI
100,000313330355,1,1,001001209191,,,,,,,,HS  LES ne s'allume pas - a cloturer,22-04-2024,Cloturer : Echange Standard,27-08-2024,Probleme fonctionnel,30-07-2024,Fournisseur,19-04-2024,,,Cloturer : Echange Standard/Probleme fonctionnel/Fournisseur,,5M,,12-07-2024,01:25:07,NHS_BATCH
100,000313331287,1,1,001001204057,,,,,,,,Antenne Abimee physiquement,22-04-2024,Cloturer : Shields,26-04-2024,Dommage physique,30-07-2024,MMO,19-04-2024,,,Cloturer : Shields/Dommage physique/MMO,,5M,,26-04-2024,12:49:21,NHSALEVOI
100,000313331481,1,1,001001216810,,,,,,,,Modifications de base apres expedition de l'APL initiale -,22-04-2024,Cloturer : Echange Standard,26-04-2024,Echange equipement neuf,30-07-2024,MMO,19-04-2024,,,Cloturer : Echange Standard/Echange equipement neuf/MMO,,5M,,26-04-2024,12:49:22,NHSALEVOI
100,000313332033,1,1,001001208035,,,,,,,,impossible de se connecter au CSG,22-04-2024,Cloturer: Shields (Refus RMA),26-06-2024,Probleme fonctionnel,30-07-2024,Fournisseur,19-04-2024,,,Cloturer: Shields (Refus RMA)/Probleme fonctionnel/Fournisseur,,5M,,26-04-2024,12:49:22,NHSALEVOI
100,000313332045,1,1,001001215272,,,,,,,,"lors du TF, le ventilateur de la BB HS - Redresseur Eltek HS -",22-04-2024,Cloturer : Echange Standard,26-06-2024,Probleme fonctionnel,30-07-2024,Fournisseur,19-04-2024,,,Cloturer : Echange Standard/Probleme fonctionnel/Fournisseur,,5M,,26-04-2024,12:49:22,NHSALEVOI
100,000313332045,2,1,001001215273,,,,,,,,"lors du TF, le ventilateur de la BB HS - Redresseur Eltek HS -",22-04-2024,Cloturer : Shields (Dmd Bytel),07-10-2024,Probleme fonctionnel,30-07-2024,Fournisseur,19-04-2024,,,Cloturer : Shields (Dmd Bytel)/Probleme fonctionnel/Fournisseur,,5M,,11-10-2024,01:45:43,NHS_BATCH
100,000313332062,1,1,,,,,,,,,changement de band pour respect parite - a cloturer,22-04-2024,Cloturer : Shields (Dmd Bytel),21-06-2024,Changement de FH,30-07-2024,BYTEL,05-12-2024,,,Cloturer : Shields (Dmd Bytel)/Changement de FH/BYTEL,,,,05-12-2024,09:05:10,NHSFRSPM30
100,000313332062,2,1,,,,,,,,,changement de band pour respect parite - a cloturer,22-04-2024,Cloturer : Shields (Dmd Bytel),27-06-2024,Changement de FH,30-07-2024,BYTEL,05-12-2024,,,Cloturer : Shields (Dmd Bytel)/Changement de FH/BYTEL,,,,05-12-2024,09:05:10,NHSFRSPM30
100,000313332940,1,1,001001256940,,,,,,,,panne hardware failure -,22-04-2024,Cloturer : Echange Standard,27-08-2024,Probleme fonctionnel,30-07-2024,Fournisseur,19-04-2024,,,Cloturer : Echange Standard/Probleme fonctionnel/Fournisseur,,5M,,06-08-2024,01:24:06,NHS_BATCH
100,000313333253,1,1,001001217254,,,,,,,,Capot du dessus de l'antenne manquant -,22-04-2024,Cloturer : Shields,26-04-2024,Dommage physique,30-07-2024,MMO,19-04-2024,,,Cloturer : Shields/Dommage physique/MMO,,5M,,26-04-2024,12:49:22,NHSALEVOI
100,000313333491,1,1,001001220027,,,,,,,,Changement de FH apres envoie de l'APL initiale -,22-04-2024,Cloturer : Echange Standard,26-06-2024,Changement de FH,30-07-2024,BYTEL,05-12-2024,,,Cloturer : Echange Standard/Changement de FH/BYTEL,,5M,,26-04-2024,12:49:22,NHSALEVOI
100,000313333491,2,1,001001220028,,,,,,,,Changement de FH apres envoie de l'APL initiale -,22-04-2024,Cloturer : Echange Standard,26-06-2024,Changement de FH,30-07-2024,BYTEL,05-12-2024,,,Cloturer : Echange Standard/Changement de FH/BYTEL,,5M,,26-04-2024,12:49:22,NHSALEVOI
100,000313333491,3,1,001001212563,,,,,,,,Changement de FH apres envoie de l'APL initiale -,22-04-2024,Cloturer : Echange Standard,26-04-2024,Changement de FH,30-07-2024,BYTEL,05-12-2024,,,Cloturer : Echange Standard/Changement de FH/BYTEL,,5M,,26-04-2024,12:49:22,NHSALEVOI
100,000313333491,4,1,001001212564,,,,,,,,Changement de FH apres envoie de l'APL initiale -,22-04-2024,Cloturer : Echange Standard,26-04-2024,Changement de FH,30-07-2024,BYTEL,05-12-2024,,,Cloturer : Echange Standard/Changement de FH/BYTEL,,5M,,26-04-2024,12:49:22,NHSALEVOI
100,000313333712,1,1,001001227764,,,,,,,,,,,,,,,,,,,,,,,,
100,000313335397,1,1,001001213090,,,,,,,,,,,,,,,,,,,,,,,,
100,000313335403,1,1,001001210174,,,,,,,,,,,,,,,,,,,,,,,,
100,000313335437,1,1,001001210172,,,,,,,,,,,,,,,,,,,,,,,,
100,000313335438,1,1,001001207528,,,,,,,,,,,,,,,,,,,,,,,,
100,000313335442,1,1,001001208593,,,,,,,,,,,,,,,,,,,,,,,,
100,000313335443,1,1,001001208595,,,,,,,,,,,,,,,,,,,,,,,,
100,000313335453,1,1,001001208594,,,,,,,,,,,,,,,,,,,,,,,,
100,000313335454,1,1,001001208601,,,,,,,,,,,,,,,,,,,,,,,,
100,000313335459,1,1,001001205941,,,,,,,,,,,,,,,,,,,,,,,,
100,000313335462,1,1,001001222370,,,,,,,,,,,,,,,,,,,,,,,,
100,000313335470,1,1,001001208600,,,,,,,,,,,,,,,,,,,,,,,,
100,000313335472,1,1,001001207527,,,,,,,,,,,,,,,,,,,,,,,,
100,000313335475,1,1,001001210175,,,,,,,,,,,,,,,,,,,,,,,,
100,000313335478,1,1,001001211489,,,,,,,,,,,,,,,,,,,,,,,,
100,000313336440,1,1,001001208036,,,,,,,,CARTE HS,22-04-2024,Cloturer : Echange Standard,26-06-2024,Probleme fonctionnel,30-07-2024,Fournisseur,19-04-2024,,,Cloturer : Echange Standard/Probleme fonctionnel/Fournisseur,,5M,,26-04-2024,12:49:22,NHSALEVOI
100,000313337178,1,1,001001212565,,,,,,,,Probleme fonctionnel sur les SFP HUA-SFP 10.3125G 1310NM BSC6910generant une alarme,22-04-2024,Cloturer : Shields,26-04-2024,Probleme fonctionnel,30-07-2024,Fournisseur,19-04-2024,,,Cloturer : Shields/Probleme fonctionnel/Fournisseur,,5M,,26-04-2024,12:49:22,NHSALEVOI
100,000313337178,2,1,001001212566,,,,,,,,Probleme fonctionnel sur les SFP HUA-SFP 10.3125G 1310NM BSC6910generant une alarme,22-04-2024,Cloturer : Shields,26-04-2024,Probleme fonctionnel,30-07-2024,Fournisseur,19-04-2024,,,Cloturer : Shields/Probleme fonctionnel/Fournisseur,,5M,,26-04-2024,12:49:22,NHSALEVOI
100,000313340944,1,1,001001230732,,,,,,,,Port B HS - connecteur casse pendant le montage -,22-04-2024,Cloturer : Echange Standard,26-04-2024,Dommage physique,30-07-2024,MMO,19-04-2024,,,Cloturer : Echange Standard/Dommage physique/MMO,,5M,,26-04-2024,12:49:22,NHSALEVOI
100,000313340944,2,1,,,,,,,,,Port B HS - connecteur casse pendant le montage - Cloture le 12/01 suite a la demande d'Alexandre K.,22-04-2024,,,Dommage physique,30-07-2024,MMO,19-04-2024,,,Dommage physique/MMO,,,,30-07-2024,15:55:31,NHSFRSPM30
100,000313340944,3,1,,,,,,,,,Port B HS - connecteur casse pendant le montage - Cloture le 12/01 suite a la demande d'Alexandre K.,22-04-2024,,,Dommage physique,30-07-2024,MMO,19-04-2024,,,Dommage physique/MMO,,,,30-07-2024,15:55:31,NHSFRSPM30
100,000313340944,4,1,,,,,,,,,Port B HS - connecteur casse pendant le montage - Cloture le 12/01 suite a la demande d'Alexandre K.,22-04-2024,,,Dommage physique,30-07-2024,MMO,19-04-2024,,,Dommage physique/MMO,,,,30-07-2024,15:55:31,NHSFRSPM30
100,000313341211,1,1,001001209192,,,,,,,,Defaut de transmission,22-04-2024,Cloturer : Piece Bonne,26-06-2024,Probleme fonctionnel,30-07-2024,Fournisseur,19-04-2024,,,Cloturer : Piece Bonne/Probleme fonctionnel/Fournisseur,,5M,,26-04-2024,12:49:22,NHSALEVOI
100,000313341855,1,1,001001212567,,,,,,,,Erreur de commande Mono au lieu de Tri -,22-04-2024,Cloturer : Piece Bonne,26-06-2024,Echange equipement neuf,30-07-2024,MMO,19-04-2024,,,Cloturer : Piece Bonne/Echange equipement neuf/MMO,,5M,,26-04-2024,12:49:22,NHSALEVOI
100,000313342410,1,1,001001269056,,,,,,,,Erreur qualification radio du site - CTDI: Modification des Bases apresenvoie de l'APL initiale - Codage + validation BYTEL,22-04-2024,Cloturer : Shields (COMSCOPE),02-05-2024,Echange equipement neuf,30-07-2024,MMO,19-04-2024,,,Cloturer : Shields (COMSCOPE)/Echange equipement neuf/MMO,,5M,,01-05-2024,01:12:50,NHS_BATCH
100,000313342410,2,1,001001269057,,,,,,,,Erreur qualification radio du site - CTDI: Modification des Bases apresenvoie de l'APL initiale - Codage + validation BYTEL,22-04-2024,Cloturer : Shields (COMSCOPE),02-05-2024,Echange equipement neuf,30-07-2024,MMO,19-04-2024,,,Cloturer : Shields (COMSCOPE)/Echange equipement neuf/MMO,,5M,,01-05-2024,01:12:50,NHS_BATCH
100,000313342410,3,1,001001269058,,,,,,,,Erreur qualification radio du site - CTDI: Modification des Bases apresenvoie de l'APL initiale - Codage + validation BYTEL,22-04-2024,Cloturer : Shields (COMSCOPE),02-05-2024,Echange equipement neuf,30-07-2024,MMO,19-04-2024,,,Cloturer : Shields (COMSCOPE)/Echange equipement neuf/MMO,,5M,,01-05-2024,01:12:50,NHS_BATCH
100,000313342490,1,1,001001269059,,,,,,,,Genere une alarme - TI0000004791346 -,22-04-2024,Cloturer : Piece Bonne,03-05-2024,Probleme fonctionnel,30-07-2024,Fournisseur,19-04-2024,,,Cloturer : Piece Bonne/Probleme fonctionnel/Fournisseur,,5M,,03-05-2024,01:17:24,NHS_BATCH
100,000313342490,2,1,001001269060,,,,,,,,Genere une alarme - TI0000004791346 -,22-04-2024,Cloturer : Piece Bonne,03-05-2024,Probleme fonctionnel,30-07-2024,Fournisseur,19-04-2024,,,Cloturer : Piece Bonne/Probleme fonctionnel/Fournisseur,,1,,02-05-2024,16:02:07,NHSALEVOI
100,000313342490,3,1,001001269061,,,,,,,,Genere une alarme - TI0000004791346 -,22-04-2024,Cloturer : Piece Bonne,03-05-2024,Probleme fonctionnel,30-07-2024,Fournisseur,19-04-2024,,,Cloturer : Piece Bonne/Probleme fonctionnel/Fournisseur,,5M,,03-05-2024,01:17:24,NHS_BATCH
100,000313342490,4,1,001001269062,,,,,,,,Genere une alarme - TI0000004791346 -,22-04-2024,Cloturer : Piece Bonne,03-05-2024,Probleme fonctionnel,30-07-2024,Fournisseur,19-04-2024,,,Cloturer : Piece Bonne/Probleme fonctionnel/Fournisseur,,5M,,03-05-2024,01:17:24,NHS_BATCH
100,000313342490,5,1,001001269063,,,,,,,,Genere une alarme - TI0000004791346 -,22-04-2024,Cloturer : Piece Bonne,03-05-2024,Probleme fonctionnel,30-07-2024,Fournisseur,19-04-2024,,,Cloturer : Piece Bonne/Probleme fonctionnel/Fournisseur,,5M,,03-05-2024,01:17:25,NHS_BATCH
100,000313342490,6,1,001001269064,,,,,,,,Genere une alarme - TI0000004791346 -,22-04-2024,Cloturer : Piece Bonne,03-05-2024,Probleme fonctionnel,30-07-2024,Fournisseur,19-04-2024,,,Cloturer : Piece Bonne/Probleme fonctionnel/Fournisseur,,5M,,03-05-2024,01:17:25,NHS_BATCH
100,000313343184,1,1,001001204990,,,,,,,,,,,,,,,,,,,,,,,,
100,000313344127,1,1,001001256941,,,,,,,,RMA 313344056 remplacer par RMA 313344127 - impossible de communiqueravec site distant,22-04-2024,Cloturer : Echange Standard,27-08-2024,Probleme fonctionnel,30-07-2024,Fournisseur,19-04-2024,,,Cloturer : Echange Standard/Probleme fonctionnel/Fournisseur,,5M,,06-08-2024,01:24:06,NHS_BATCH
100,000313344416,1,1,001001229474,,,,,,,,Materiel HS - Defaut de transmission -,22-04-2024,Cloturer : Echange Standard,26-04-2024,Probleme fonctionnel,30-07-2024,Fournisseur,19-04-2024,,,Cloturer : Echange Standard/Probleme fonctionnel/Fournisseur,,5M,,26-04-2024,12:49:22,NHSALEVOI
100,000313344862,1,1,001001260248,,,,,,,,,,Cloturer : Echange Standard,26-06-2024,Changement de FH,30-07-2024,BYTEL,05-12-2024,,,Cloturer : Echange Standard/Changement de FH/BYTEL,,5M,,27-06-2024,01:13:18,NHS_BATCH
100,000313344862,2,1,001001257409,,,,,,,,Changement de FH -,22-04-2024,Cloturer : Echange Standard,06-05-2024,Changement de FH,30-07-2024,BYTEL,05-12-2024,,,Cloturer : Echange Standard/Changement de FH/BYTEL,,5M,,04-05-2024,01:20:46,NHS_BATCH
100,000313346382,1,1,,,,,,,,,,,RMA BEANTRAGUNG,13-11-2023,,,,,,,RMA BEANTRAGUNG,,,,13-11-2023,09:19:46,NHS000828
100,000313346397,1,1,001001233977,,,,,,,,Ticket TI0000004776024 perte de capa -,22-04-2024,Cloturer : Piece Bonne (NFF CTDI),25-09-2024,Probleme fonctionnel,30-07-2024,Fournisseur,19-04-2024,,,Cloturer : Piece Bonne (NFF CTDI)/Probleme fonctionnel/Fournisseur,,5M,,12-09-2024,01:49:52,NHS_BATCH
100,000313346397,2,1,001001233978,,,,,,,,Ticket TI0000004776024 perte de capa -,22-04-2024,Cloturer : Piece Bonne (NFF CTDI),25-09-2024,Probleme fonctionnel,30-07-2024,Fournisseur,19-04-2024,,,Cloturer : Piece Bonne (NFF CTDI)/Probleme fonctionnel/Fournisseur,,5M,,12-09-2024,01:49:53,NHS_BATCH
100,000313346489,1,1,001001232461,,,,,,,,,,,,,,,,,,,,,,,,
100,000313347547,1,1,001001258775,,,,,,,,Probleme Fonctionnel sur ODU T00C68 -,22-04-2024,Cloturer : Echange Standard,26-06-2024,Probleme fonctionnel,30-07-2024,Fournisseur,19-04-2024,,,Cloturer : Echange Standard/Probleme fonctionnel/Fournisseur,,5M,,04-05-2024,01:20:46,NHS_BATCH
100,000313347548,1,1,001001258776,,,,,,,,Le RRU ne Fonctionne pas - Retard : Rupture,22-04-2024,Cloturer : Echange Standard,30-05-2024,Probleme fonctionnel,30-07-2024,Fournisseur,19-04-2024,,,Cloturer : Echange Standard/Probleme fonctionnel/Fournisseur,,5M,,28-05-2024,01:02:31,NHS_BATCH
100,000313348199,1,1,001001216811,,,,,,,,PIM NOK -,22-04-2024,Cloturer : Shields,26-04-2024,Probleme fonctionnel,30-07-2024,Fournisseur,19-04-2024,,,Cloturer : Shields/Probleme fonctionnel/Fournisseur,,5M,,26-04-2024,12:49:22,NHSALEVOI
100,000313348338,1,1,001001214738,,,,,,,,Alarme sur FHT46165 BUERR NE A REMPLACER -,22-04-2024,Cloturer : Shields,26-04-2024,Probleme fonctionnel,30-07-2024,Fournisseur,19-04-2024,,,Cloturer : Shields/Probleme fonctionnel/Fournisseur,,5M,,26-04-2024,12:49:22,NHSALEVOI
100,000313348554,1,1,001001229475,,,,,,,,"Envoie materiel - attente retour MMO pour la responsabilite (Demandephoto choc) - Mail de relance fait le 21/11/2023 - Demande d'infosenvoyees au MMO qui n'a pas repondu, mais a renvoye le materiel le11/01/2024",22-04-2024,Cloturer : Echange Standard,26-04-2024,Dommage physique,30-07-2024,MMO,19-04-2024,,,Cloturer : Echange Standard/Dommage physique/MMO,,5M,,26-04-2024,12:49:23,NHSALEVOI
100,000313348672,1,1,001001221303,,,,,,,,Demande complementaire au lieu de demande d'echange - commande a refaire - commande refaite par le MMO -,22-04-2024,Cloturer : Echange Standard,26-04-2024,Rajout en accord avec DCI/Do infra / SCM,05-12-2024,MMO,19-04-2024,,,Cloturer : Echange Standard/Rajout en accord avec DCI/Do infra / SCM/MMO,,5M,,26-04-2024,12:49:23,NHSALEVOI
100,000313348672,2,1,001001221304,,,,,,,,Demande complementaire au lieu de demande d'echange - commande a refaire - commande refaite par le MMO -,22-04-2024,Cloturer : Echange Standard,26-04-2024,Rajout en accord avec DCI/Do infra / SCM,05-12-2024,MMO,19-04-2024,,,Cloturer : Echange Standard/Rajout en accord avec DCI/Do infra / SCM/MMO,,5M,,26-04-2024,12:49:23,NHSALEVOI
100,000313348672,3,1,001001221305,,,,,,,,Demande complementaire au lieu de demande d'echange - commande a refaire - commande refaite par le MMO -,22-04-2024,Cloturer : Echange Standard,26-04-2024,Rajout en accord avec DCI/Do infra / SCM,05-12-2024,MMO,19-04-2024,,,Cloturer : Echange Standard/Rajout en accord avec DCI/Do infra / SCM/MMO,,5M,,26-04-2024,12:49:23,NHSALEVOI
100,000313348924,1,1,001001219943,,,,,,,,,,Repair time extended,11-12-2023,,,,,Repair time extended,11-12-2023,Repair time extended/Repair time extended,,,,11-12-2023,14:50:42,NHSESLO01
100,000313348947,1,1,001001219924,,,,,,,,Advance replacement,24-01-2024,Repair time extended,11-12-2023,,,,,Repair time extended,11-12-2023,Repair time extended/Repair time extended,,,,24-01-2024,16:12:51,NHSESLO01
100,000313349810,1,1,001001220029,,,,,,,,Ret hs - a cloturer,22-04-2024,Cloturer : Echange Standard,26-04-2024,Probleme fonctionnel,30-07-2024,Fournisseur,19-04-2024,,,Cloturer : Echange Standard/Probleme fonctionnel/Fournisseur,,5M,,26-04-2024,12:49:23,NHSALEVOI
100,000313349943,1,1,001001230036,,,,,,,,,,,,,,,,,,,,,,,,
100,000313349951,1,1,001001448556,,,,,,,,,,,,,,,,,,,,,,,,
100,000313349964,1,1,001001230034,,,,,,,,,,,,,,,,,,,,,,,,
100,000313350609,1,1,001001229476,,,,,,,,Modification de base apres realisation de l'APL initiale -,22-04-2024,Cloturer : Piece Bonne,26-04-2024,Changement de FH,30-07-2024,BYTEL,05-12-2024,,,Cloturer : Piece Bonne/Changement de FH/BYTEL,,5M,,26-04-2024,12:49:23,NHSALEVOI
100,000313350609,2,1,001001229477,,,,,,,,Modification de base apres realisation de l'APL initiale -,22-04-2024,Cloturer : Piece Bonne,26-04-2024,Changement de FH,30-07-2024,BYTEL,05-12-2024,,,Cloturer : Piece Bonne/Changement de FH/BYTEL,,5M,,26-04-2024,12:49:23,NHSALEVOI
100,000313352543,1,1,001001207042,,,,,,,,,,,,,,,,,,,,,,,,
100,000313352544,1,1,001001210478,,,,,,,,,,,,,,,,,,,,,,,,
100,000313352545,1,1,001001210479,,,,,,,,,,,,,,,,,,,,,,,,
100,000313352546,1,1,001001222249,,,,,,,,,,,,,,,,,,,,,,,,
100,000313352547,1,1,001001211250,,,,,,,,,,,,,,,,,,,,,,,,
100,000313352548,1,1,001001272824,,,,,,,,,,,,,,,,,,,,,,,,
100,000313352549,1,1,001001209086,,,,,,,,,,,,,,,,,,,,,,,,
100,000313352550,1,1,001001207796,,,,,,,,,,,,,,,,,,,,,,,,
100,000313352551,1,1,001001210470,,,,,,,,,,,,,,,,,,,,,,,,
100,000313352552,1,1,001001212625,,,,,,,,,,,,,,,,,,,,,,,,
100,000313352553,1,1,001001222287,,,,,,,,,,,,,,,,,,,,,,,,
100,000313352554,1,1,001001209818,,,,,,,,,,,,,,,,,,,,,,,,
100,000313352555,1,1,001001210473,,,,,,,,,,,,,,,,,,,,,,,,
100,000313352556,1,1,001001210475,,,,,,,,,,,,,,,,,,,,,,,,
100,000313352557,1,1,001001207456,,,,,,,,,,,,,,,,,,,,,,,,
100,000313352558,1,1,001001256007,,,,,,,,,,,,,,,,,,,,,,,,
100,000313353960,1,1,001001258777,,,,,,,,CHGT TYPE FH ODU nok -,22-04-2024,Cloturer : Piece Bonne,26-06-2024,Changement de FH,30-07-2024,BYTEL,05-12-2024,,,Cloturer : Piece Bonne/Changement de FH/BYTEL,,5M,,26-04-2024,12:49:23,NHSALEVOI
100,000313353960,2,1,001001258778,,,,,,,,CHGT TYPE FH ODU nok -,22-04-2024,Cloturer : Echange Standard,26-06-2024,Changement de FH,30-07-2024,BYTEL,05-12-2024,,,Cloturer : Echange Standard/Changement de FH/BYTEL,,5M,,20-06-2024,01:03:25,NHS_BATCH
100,000313354749,1,1,001001220030,,,,,,,,Le ventilateur arriere ne fonctionne pas - Rupture depuis le 03/11/2023- date liv theo CTDI = 13/11/2023 - Retard : Rupture,22-04-2024,Cloturer : Echange Standard,26-04-2024,Probleme fonctionnel,30-07-2024,Fournisseur,19-04-2024,,,Cloturer : Echange Standard/Probleme fonctionnel/Fournisseur,,5M,,26-04-2024,12:49:23,NHSALEVOI
100,000313355493,1,1,001001233979,,,,,,,,Choque sur antenne lors de l'installation -,22-04-2024,Cloturer : Piece Bonne,26-04-2024,Dommage physique,30-07-2024,MMO,19-04-2024,,,Cloturer : Piece Bonne/Dommage physique/MMO,,5M,,26-04-2024,12:49:23,NHSALEVOI
100,000313356177,1,1,001001217255,,,,,,,,Commande complementaire au lieu de demande d'echange - commande arefaire - attente retour MMO - commande refaite par le MMO - OK pourenvoie -,22-04-2024,Cloturer : Echange Standard,26-04-2024,Probleme fonctionnel,30-07-2024,Fournisseur,19-04-2024,,,Cloturer : Echange Standard/Probleme fonctionnel/Fournisseur,,5M,,26-04-2024,12:49:23,NHSALEVOI
100,000313356269,1,1,001001314826,,,,,,,,Commande complementaire (313356092 & 313356229)  au lieu de demanded'echange - commande a refaire - attente retour MMO - commande refaitepar le MMO - Retard : demande informations complementaires,22-04-2024,Cloturer : Shields (Dmd Bytel),07-10-2024,Dommage physique,30-07-2024,MMO,19-04-2024,,,Cloturer : Shields (Dmd Bytel)/Dommage physique/MMO,,5M,,09-10-2024,01:46:04,NHS_BATCH
100,000313356288,1,1,001001217256,,,,,,,,Commande complementaire (313354727) au lieu de demande d'echange -commande a refaire - attente retour MMO - Demande photo de la zonetechnique endommagee - commande refaite par le MMO - Bcube OK lors del'envoie initiale - OK pour envoie de la zone,22-04-2024,Cloturer : Shields (Dmd Bytel),07-10-2024,Dommage physique,30-07-2024,MMO,19-04-2024,,,Cloturer : Shields (Dmd Bytel)/Dommage physique/MMO,,5M,,09-10-2024,01:46:05,NHS_BATCH
100,000313356288,2,1,001001217257,,,,,,,,Commande complementaire (313354727) au lieu de demande d'echange -commande a refaire - attente retour MMO - Demande photo de la zonetechnique endommagee - commande refaite par le MMO - Bcube OK lors del'envoie initiale - OK pour envoie de la zone,22-04-2024,Cloturer : Shields (Dmd Bytel),07-10-2024,Dommage physique,30-07-2024,MMO,19-04-2024,,,Cloturer : Shields (Dmd Bytel)/Dommage physique/MMO,,5M,,09-10-2024,01:46:05,NHS_BATCH
100,000313356288,3,1,001001217258,,,,,,,,Commande complementaire (313354727) au lieu de demande d'echange -commande a refaire - attente retour MMO - Demande photo de la zonetechnique endommagee - commande refaite par le MMO - Bcube OK lors del'envoie initiale - OK pour envoie de la zone,22-04-2024,Cloturer : Shields (Dmd Bytel),07-10-2024,Dommage physique,30-07-2024,MMO,19-04-2024,,,Cloturer : Shields (Dmd Bytel)/Dommage physique/MMO,,5M,,09-10-2024,01:46:05,NHS_BATCH
100,000313356288,4,1,001001217259,,,,,,,,Commande complementaire (313354727) au lieu de demande d'echange -commande a refaire - attente retour MMO - Demande photo de la zonetechnique endommagee - commande refaite par le MMO - Bcube OK lors del'envoie initiale - OK pour envoie de la zone,22-04-2024,Cloturer : Shields (Dmd Bytel),07-10-2024,Dommage physique,30-07-2024,MMO,19-04-2024,,,Cloturer : Shields (Dmd Bytel)/Dommage physique/MMO,,5M,,09-10-2024,01:46:05,NHS_BATCH
100,000313356739,1,1,001001210683,,,,,,Übergabe Vendoring (13.11.23 MT),13-11-2023,,,,,,,,,,,Übergabe Vendoring (13.11.23 MT),,,,13-11-2023,13:04:10,NHS001462
100,000313356739,2,1,001001210684,,,,,,Übergabe Vendoring (13.11.23 MT),13-11-2023,,,,,,,,,,,Übergabe Vendoring (13.11.23 MT),,,,13-11-2023,13:04:11,NHS001462
100,000313356739,3,1,001001210685,,,,,,Übergabe Vendoring (13.11.23 MT),13-11-2023,,,,,,,,,,,Übergabe Vendoring (13.11.23 MT),,,,13-11-2023,13:04:11,NHS001462
100,000313356739,4,1,001001210686,,,,,,Übergabe Vendoring (13.11.23 MT),13-11-2023,,,,,,,,,,,Übergabe Vendoring (13.11.23 MT),,,,13-11-2023,13:04:11,NHS001462
100,000313356739,5,1,001001210687,,,,,,Übergabe Vendoring (13.11.23 MT),13-11-2023,,,,,,,,,,,Übergabe Vendoring (13.11.23 MT),,,,13-11-2023,13:04:11,NHS001462
100,000313357921,1,1,001001231713,,,,,,,,RET non visible sur l///'antenne -,22-04-2024,Cloturer : Shields (COMSCOPE),26-04-2024,Probleme fonctionnel,30-07-2024,Fournisseur,19-04-2024,,,Cloturer : Shields (COMSCOPE)/Probleme fonctionnel/Fournisseur,,5M,,26-04-2024,12:49:23,NHSALEVOI
100,000313357951,1,1,001001258779,,,,,,,,Le RRU ne Fonctionne pas -,22-04-2024,Cloturer : Echange Standard,26-06-2024,Probleme fonctionnel,30-07-2024,Fournisseur,19-04-2024,,,Cloturer : Echange Standard/Probleme fonctionnel/Fournisseur,,5M,,27-06-2024,01:13:18,NHS_BATCH
100,000313358500,1,1,001001453638,,,,,,,,,,,,,,,,,,,,,,,,
100,000313358521,1,1,001001449104,,,,,,,,,,,,,,,,,,,,,,,,
100,000313358806,1,1,001001254378,,,,,,,,SFP HUA SFP 25G 0.3KM endommage lors de l'installation,22-04-2024,Cloturer : Echange Standard,26-04-2024,Dommage physique,30-07-2024,MMO,19-04-2024,,,Cloturer : Echange Standard/Dommage physique/MMO,,5M,,26-04-2024,12:49:23,NHSALEVOI
100,000313358806,2,1,001001254379,,,,,,,,SFP HUA SFP 25G 0.3KM endommage lors de l'installation,22-04-2024,Cloturer : Echange Standard,26-04-2024,Dommage physique,30-07-2024,MMO,19-04-2024,,,Cloturer : Echange Standard/Dommage physique/MMO,,5M,,26-04-2024,12:49:23,NHSALEVOI
100,000313359827,1,1,001001230733,,,,,,,,RMA 313353915 substitue par RMA 313359827 - PV RET refuse le 09/11 -Retard : erreur comprehension validation PV RET,22-04-2024,Cloturer : Echange Standard,26-04-2024,Probleme fonctionnel,30-07-2024,Fournisseur,19-04-2024,,,Cloturer : Echange Standard/Probleme fonctionnel/Fournisseur,,5M,,26-04-2024,12:49:23,NHSALEVOI
100,000313365118,1,1,001001233980,,,,,,,,Commande substitution reference 3500086662 du RMA 313355490 par RMA313365118 suite changement reference Bytel,22-04-2024,Cloturer : Echange Standard,26-04-2024,Echange equipement neuf,30-07-2024,MMO,19-04-2024,,,Cloturer : Echange Standard/Echange equipement neuf/MMO,,5M,,26-04-2024,12:49:24,NHSALEVOI
100,000313366090,1,1,001001220724,,,,,,,,Alarme rouge permanente sur l'antenne 5G indique par l'amenageur -Antenne expedie le 16/11/2023,22-04-2024,Cloturer : Echange Standard,26-04-2024,Probleme fonctionnel,30-07-2024,Fournisseur,19-04-2024,,,Cloturer : Echange Standard/Probleme fonctionnel/Fournisseur,,5M,,26-04-2024,12:49:24,NHSALEVOI
100,000313366185,1,1,,,,,,,,,"Changement de liaison FH ERI 32Ghz vers FH SIAE suite changement ficheOSI BYTEL - FH Dual Band SIAE fourni lors du SAV, FH ERI 32Ghz fournilors de l'APL initiale (moins d'equipement attendu en retour) - Cloturele 24/01 car reception realisee sur u",22-04-2024,,,Changement de FH,30-07-2024,BYTEL,05-12-2024,,,Changement de FH/BYTEL,,,,05-12-2024,09:05:10,NHSFRSPM30
100,000313366185,2,1,,,,,,,,,"Changement de liaison FH ERI 32Ghz vers FH SIAE suite changement ficheOSI BYTEL - FH Dual Band SIAE fourni lors du SAV, FH ERI 32Ghz fournilors de l'APL initiale (moins d'equipement attendu en retour) - Cloturele 24/01 car reception realisee sur u",22-04-2024,,,Changement de FH,30-07-2024,BYTEL,05-12-2024,,,Changement de FH/BYTEL,,,,05-12-2024,09:05:10,NHSFRSPM30
100,000313366185,3,1,,,,,,,,,"Changement de liaison FH ERI 32Ghz vers FH SIAE suite changement ficheOSI BYTEL - FH Dual Band SIAE fourni lors du SAV, FH ERI 32Ghz fournilors de l'APL initiale (moins d'equipement attendu en retour) - Cloturele 24/01 car reception realisee sur u",22-04-2024,,,Changement de FH,30-07-2024,BYTEL,05-12-2024,,,Changement de FH/BYTEL,,,,05-12-2024,09:05:10,NHSFRSPM30
100,000313366185,4,1,,,,,,,,,"Changement de liaison FH ERI 32Ghz vers FH SIAE suite changement ficheOSI BYTEL - FH Dual Band SIAE fourni lors du SAV, FH ERI 32Ghz fournilors de l'APL initiale (moins d'equipement attendu en retour) - Cloturele 24/01 car reception realisee sur u",22-04-2024,,,Changement de FH,30-07-2024,BYTEL,05-12-2024,,,Changement de FH/BYTEL,,,,05-12-2024,09:05:10,NHSFRSPM30
100,000313366185,5,1,,,,,,,,,"Changement de liaison FH ERI 32Ghz vers FH SIAE suite changement ficheOSI BYTEL - FH Dual Band SIAE fourni lors du SAV, FH ERI 32Ghz fournilors de l'APL initiale (moins d'equipement attendu en retour) - Cloturele 24/01 car reception realisee sur u",22-04-2024,,,Changement de FH,30-07-2024,BYTEL,05-12-2024,,,Changement de FH/BYTEL,,,,05-12-2024,09:05:10,NHSFRSPM30
100,000313366185,6,1,,,,,,,,,Changement de liaison FH ERI 32Ghz vers FH SIAE suite changement ficheOSI BYTEL,22-04-2024,Cloturer : Go BYTEL cloture le 22/01/2025,22-01-2025,Changement de FH,30-07-2024,BYTEL,05-12-2024,,,Cloturer : Go BYTEL cloture le 22/01/2025/Changement de FH/BYTEL,,,,22-01-2025,11:26:54,NHSFRSPM30
100,000313366185,7,1,,,,,,,,,Changement de liaison FH ERI 32Ghz vers FH SIAE suite changement ficheOSI BYTEL,22-04-2024,Cloturer : Go BYTEL cloture le 22/01/2025,22-01-2025,Changement de FH,30-07-2024,BYTEL,05-12-2024,,,Cloturer : Go BYTEL cloture le 22/01/2025/Changement de FH/BYTEL,,,,22-01-2025,11:26:55,NHSFRSPM30
100,000313366185,8,1,,,,,,,,,Changement de liaison FH ERI 32Ghz vers FH SIAE suite changement ficheOSI BYTEL,22-04-2024,Cloturer : Go BYTEL cloture le 22/01/2025,22-01-2025,Changement de FH,30-07-2024,BYTEL,05-12-2024,,,Cloturer : Go BYTEL cloture le 22/01/2025/Changement de FH/BYTEL,,,,22-01-2025,11:26:56,NHSFRSPM30
100,000313366185,11,1,001001234612,,,,,,,,Changement de liaison FH ERI 32Ghz vers FH SIAE suite changement ficheOSI BYTEL,22-04-2024,Cloturer : Piece Bonne,26-04-2024,Changement de FH,30-07-2024,BYTEL,05-12-2024,,,Cloturer : Piece Bonne/Changement de FH/BYTEL,,5M,,26-04-2024,12:49:24,NHSALEVOI
100,000313366185,12,1,,,,,,,,,Changement de liaison FH ERI 32Ghz vers FH SIAE suite changement ficheOSI BYTEL,22-04-2024,Cloturer : Go BYTEL cloture le 22/01/2025,22-01-2025,Changement de FH,30-07-2024,BYTEL,05-12-2024,,,Cloturer : Go BYTEL cloture le 22/01/2025/Changement de FH/BYTEL,,,,22-01-2025,11:26:57,NHSFRSPM30
100,000313366185,13,1,001001234613,,,,,,,,Changement de liaison FH ERI 32Ghz vers FH SIAE suite changement ficheOSI BYTEL,22-04-2024,Cloturer : Piece Bonne,26-04-2024,Rajout en accord avec DCI/Do infra / SCM,05-12-2024,BYTEL,19-04-2024,,,Cloturer : Piece Bonne/Rajout en accord avec DCI/Do infra / SCM/BYTEL,,5M,,26-04-2024,12:49:24,NHSALEVOI
100,000313366185,14,1,001001234614,,,,,,,,Changement de liaison FH ERI 32Ghz vers FH SIAE suite changement ficheOSI BYTEL,22-04-2024,Cloturer : Piece Bonne,26-04-2024,Rajout en accord avec DCI/Do infra / SCM,05-12-2024,BYTEL,19-04-2024,,,Cloturer : Piece Bonne/Rajout en accord avec DCI/Do infra / SCM/BYTEL,,5M,,26-04-2024,12:49:24,NHSALEVOI
100,000313366185,17,1,001001234615,,,,,,,,Changement de liaison FH ERI 32Ghz vers FH SIAE suite changement ficheOSI BYTEL - Retard : Rupture,22-04-2024,Cloturer : Piece Bonne,26-04-2024,Rajout en accord avec DCI/Do infra / SCM,05-12-2024,BYTEL,19-04-2024,,,Cloturer : Piece Bonne/Rajout en accord avec DCI/Do infra / SCM/BYTEL,,5M,,26-04-2024,12:49:24,NHSALEVOI
100,000313366185,18,1,001001234616,,,,,,,,Changement de liaison FH ERI 32Ghz vers FH SIAE suite changement ficheOSI BYTEL,22-04-2024,Cloturer : Piece Bonne,26-04-2024,Rajout en accord avec DCI/Do infra / SCM,05-12-2024,BYTEL,19-04-2024,,,Cloturer : Piece Bonne/Rajout en accord avec DCI/Do infra / SCM/BYTEL,,5M,,26-04-2024,12:49:24,NHSALEVOI
100,000313366185,19,1,001001234617,,,,,,,,Changement de liaison FH ERI 32Ghz vers FH SIAE suite changement ficheOSI BYTEL,22-04-2024,Cloturer : Piece Bonne,26-04-2024,Rajout en accord avec DCI/Do infra / SCM,05-12-2024,BYTEL,19-04-2024,,,Cloturer : Piece Bonne/Rajout en accord avec DCI/Do infra / SCM/BYTEL,,5M,,26-04-2024,12:49:24,NHSALEVOI
100,000313366185,20,1,001001234618,,,,,,,,Changement de liaison FH ERI 32Ghz vers FH SIAE suite changement ficheOSI BYTEL,22-04-2024,Cloturer : Piece Bonne,26-04-2024,Rajout en accord avec DCI/Do infra / SCM,05-12-2024,BYTEL,19-04-2024,,,Cloturer : Piece Bonne/Rajout en accord avec DCI/Do infra / SCM/BYTEL,,5M,,26-04-2024,12:49:24,NHSALEVOI
100,000313366185,21,1,,,,,,,,,Changement de liaison FH ERI 32Ghz vers FH SIAE suite changement ficheOSI BYTEL,22-04-2024,Cloturer : Go BYTEL cloture le 22/01/2025,22-01-2025,Rajout en accord avec DCI/Do infra / SCM,05-12-2024,BYTEL,19-04-2024,,,Cloturer : Go BYTEL cloture le 22/01/2025/Rajout en accord avec DCI/Do infra / SCM/BYTEL,,,,22-01-2025,11:26:58,NHSFRSPM30
100,000313366185,22,1,,,,,,,,,Changement de liaison FH ERI 32Ghz vers FH SIAE suite changement ficheOSI BYTEL,22-04-2024,Cloturer : Go BYTEL cloture le 22/01/2025,22-01-2025,Rajout en accord avec DCI/Do infra / SCM,05-12-2024,BYTEL,19-04-2024,,,Cloturer : Go BYTEL cloture le 22/01/2025/Rajout en accord avec DCI/Do infra / SCM/BYTEL,,,,22-01-2025,11:27:00,NHSFRSPM30
100,000313368695,1,1,001001229478,,,,,,,,Probleme fonctionnel sur l'IDU et l'ODU indique par l'amenageur - HUAIDU RTN905 2F et HUA ODU XMC5D 18 Ghz expedies le 15/11/2023,22-04-2024,Cloturer : Shields,26-06-2024,Probleme fonctionnel,30-07-2024,Fournisseur,19-04-2024,,,Cloturer : Shields/Probleme fonctionnel/Fournisseur,,5M,,26-04-2024,12:49:24,NHSALEVOI
100,000313368695,2,1,001001229479,,,,,,,,Probleme fonctionnel sur l'IDU et l'ODU indique par l'amenageur - HUAIDU RTN905 2F et HUA ODU XMC5D 18 Ghz expedies le 15/11/2023,22-04-2024,Cloturer : Piece Bonne,26-04-2024,Probleme fonctionnel,30-07-2024,Fournisseur,19-04-2024,,,Cloturer : Piece Bonne/Probleme fonctionnel/Fournisseur,,5M,,26-04-2024,12:49:24,NHSALEVOI
100,000313368750,1,1,001001233249,,,,,,,,Probleme fonctionnel sur le RRU ERI ERS 4415 2600 indique parl'amenageur - ERI ERS 4415 2600 expedie le 15/11/2023,22-04-2024,Cloturer : Echange Standard,26-04-2024,Probleme fonctionnel,30-07-2024,Fournisseur,19-04-2024,,,Cloturer : Echange Standard/Probleme fonctionnel/Fournisseur,,5M,,26-04-2024,12:49:24,NHSALEVOI
100,000313369540,1,1,001001230734,,,,,,,,Alarme SW sur l'antenne 5G indique par l'amenageur - ERI AIR 6449 B78Mexpedie le 20/11/2023 - Retard : Transport,22-04-2024,Cloturer : Echange Standard,26-04-2024,Probleme fonctionnel,30-07-2024,Fournisseur,19-04-2024,,,Cloturer : Echange Standard/Probleme fonctionnel/Fournisseur,,5M,,26-04-2024,12:49:24,NHSALEVOI
100,000313369540,2,1,001001230735,,,,,,,,Alarme SW sur l'antenne 5G indique par l'amenageur - ERI AIR 6449 B78Mexpedie le 20/11/2023 - Retard : Transport,22-04-2024,Cloturer : Echange Standard,26-04-2024,Probleme fonctionnel,30-07-2024,Fournisseur,19-04-2024,,,Cloturer : Echange Standard/Probleme fonctionnel/Fournisseur,,5M,,26-04-2024,12:49:24,NHSALEVOI
100,000313370803,1,1,001001230736,,,,,,,,Probleme fonctionnel sur le moteur RET de l'antenne radioJAY.065X.5920370PG.XXX indique par l'amenageur - Antenne a codee,22-04-2024,Cloturer : Shields (Article peint),26-04-2024,Probleme fonctionnel,30-07-2024,Fournisseur,19-04-2024,,,Cloturer : Shields (Article peint)/Probleme fonctionnel/Fournisseur,,5M,,26-04-2024,12:49:24,NHSALEVOI
100,000313371100,1,1,,,,,,,,,Antenne COM_065X_RRZZV4-65D-R8N43_XXXXXXXX endommagee lors del'installation - Antenne a codee,22-04-2024,,,Dommage physique,30-07-2024,MMO,19-04-2024,,,Dommage physique/MMO,,,,30-07-2024,15:55:31,NHSFRSPM30
100,000313371334,1,1,001001221927,,,,,,Physical Repair,15-12-2023,,,,,,,,,,,Physical Repair,,4,,15-12-2023,09:44:05,NHS000448
100,000313371359,1,1,001001220031,,,,,,,,Alarme permanente sur le RRU ERI 4499 1800MHZ/2100MH indique parl'amenageur,22-04-2024,Cloturer : Echange Standard,26-04-2024,Probleme fonctionnel,30-07-2024,Fournisseur,19-04-2024,,,Cloturer : Echange Standard/Probleme fonctionnel/Fournisseur,,5M,,26-04-2024,12:49:24,NHSALEVOI
100,000313372083,1,1,001001223432,,,,,,TD Entwicklung,19-12-2023,,,,,,,,,,,TD Entwicklung,,3,,19-12-2023,17:30:42,ALEREMOTE
100,000313372087,1,1,001001223429,,,,,,TD Entwicklung,19-12-2023,,,,,,,,,,,TD Entwicklung,,3,,19-12-2023,17:30:34,ALEREMOTE
100,000313372368,1,1,001001223433,,,,,,TD Entwicklung,19-12-2023,,,,,,,,,,,TD Entwicklung,,3,,19-12-2023,17:30:43,ALEREMOTE
100,000313372379,1,1,001001227165,,,,,,,,,,,,,,,,,,,,,,,,
100,000313372381,1,1,001001222356,,,,,,,,,,,,,,,,,,,,,,,,
100,000313372382,1,1,001001227762,,,,,,,,,,,,,,,,,,,,,,,,
100,000313372389,1,1,001001222354,,,,,,,,,,,,,,,,,,,,,,,,
100,000313372390,1,1,001001227161,,,,,,,,,,,,,,,,,,,,,,,,
100,000313372399,1,1,001001227173,,,,,,,,,,,,,,,,,,,,,,,,
100,000313372413,1,1,001001225266,,,,,,,,,,,,,,,,,,,,,,,,
100,000313372417,1,1,001001222355,,,,,,,,,,,,,,,,,,,,,,,,
100,000313372426,1,1,001001222357,,,,,,,,,,,,,,,,,,,,,,,,
100,000313372429,1,1,001001227707,,,,,,,,,,,,,,,,,,,,,,,,
100,000313372430,1,1,001001222361,,,,,,,,,,,,,,,,,,,,,,,,
100,000313372451,1,1,001001222362,,,,,,,,,,,,,,,,,,,,,,,,
100,000313372474,1,1,001001223428,,,,,,TD Entwicklung,19-12-2023,,,,,,,,,,,TD Entwicklung,,3,,19-12-2023,17:30:34,ALEREMOTE
100,000313372475,1,1,001001230737,,,,,,,,Changement de liaison FH Huawei 18 Ghz vers FH Huawei Dual Band,22-04-2024,Cloturer : Piece Bonne,26-04-2024,Rajout en accord avec DCI/Do infra / SCM,05-12-2024,MMO,19-04-2024,,,Cloturer : Piece Bonne/Rajout en accord avec DCI/Do infra / SCM/MMO,,5M,,26-04-2024,12:49:24,NHSALEVOI
100,000313372475,2,1,001001230738,,,,,,,,Changement de liaison FH Huawei 18 Ghz vers FH Huawei Dual Band,22-04-2024,Cloturer : Piece Bonne,26-04-2024,Rajout en accord avec DCI/Do infra / SCM,05-12-2024,MMO,19-04-2024,,,Cloturer : Piece Bonne/Rajout en accord avec DCI/Do infra / SCM/MMO,,5M,,26-04-2024,12:49:24,NHSALEVOI
100,000313372475,3,1,001001230739,,,,,,,,Changement de liaison FH Huawei 18 Ghz vers FH Huawei Dual Band,22-04-2024,Cloturer : Piece Bonne,26-04-2024,Rajout en accord avec DCI/Do infra / SCM,05-12-2024,MMO,19-04-2024,,,Cloturer : Piece Bonne/Rajout en accord avec DCI/Do infra / SCM/MMO,,5M,,26-04-2024,12:49:24,NHSALEVOI
100,000313372475,4,1,001001230740,,,,,,,,Changement de liaison FH Huawei 18 Ghz vers FH Huawei Dual Band,22-04-2024,Cloturer : Piece Bonne,26-04-2024,Rajout en accord avec DCI/Do infra / SCM,05-12-2024,MMO,19-04-2024,,,Cloturer : Piece Bonne/Rajout en accord avec DCI/Do infra / SCM/MMO,,5M,,26-04-2024,12:49:24,NHSALEVOI
100,000313372475,5,1,,,,,,,,,Changement de liaison FH Huawei 18 Ghz vers FH Huawei Dual Band -Cloture le 15/01 : chgt FH avec moins d'articles receptionnes que dedemandes de retour realisees,22-04-2024,,,Rajout en accord avec DCI/Do infra / SCM,05-12-2024,MMO,19-04-2024,,,Rajout en accord avec DCI/Do infra / SCM/MMO,,,,05-12-2024,09:36:54,NHSFRSPM30
100,000313372475,6,1,,,,,,,,,CTDI : Changement de liaison FH Huawei 18 Ghz vers FH Huawei Dual Band - Cloture le 15/01 : chgt FH avec moins d'articles receptionnes que dedemandes de retour realisees,22-04-2024,,,Rajout en accord avec DCI/Do infra / SCM,05-12-2024,MMO,19-04-2024,,,Rajout en accord avec DCI/Do infra / SCM/MMO,,,,05-12-2024,09:36:54,NHSFRSPM30
100,000313372475,7,1,001001230741,,,,,,,,Changement de liaison FH Huawei 18 Ghz vers FH Huawei Dual Band -Cloturer,22-04-2024,Cloturer : Piece Bonne,26-04-2024,Rajout en accord avec DCI/Do infra / SCM,05-12-2024,MMO,19-04-2024,,,Cloturer : Piece Bonne/Rajout en accord avec DCI/Do infra / SCM/MMO,,5M,,26-04-2024,12:49:24,NHSALEVOI
100,000313372475,8,1,001001230742,,,,,,,,Changement de liaison FH Huawei 18 Ghz vers FH Huawei Dual Band -Cloturer,22-04-2024,Cloturer : Piece Bonne,26-04-2024,Rajout en accord avec DCI/Do infra / SCM,05-12-2024,MMO,19-04-2024,,,Cloturer : Piece Bonne/Rajout en accord avec DCI/Do infra / SCM/MMO,,5M,,26-04-2024,12:49:24,NHSALEVOI
100,000313372477,1,1,001001223427,,,,,,TD Entwicklung,19-12-2023,,,,,,,,,,,TD Entwicklung,,3,,19-12-2023,17:30:32,ALEREMOTE
100,000313372478,1,1,001001220697,,,,,,,,,,,,,,,,,,,,,,,,
100,000313372479,1,1,001001224695,,,,,,,,,,,,,,,,,,,,,,,,
100,000313372482,1,1,001001224697,,,,,,,,,,,,,,,,,,,,,,,,
100,000313372484,1,1,001001224694,,,,,,,,,,,,,,,,,,,,,,,,
100,000313372485,1,1,001001222360,,,,,,,,,,,,,,,,,,,,,,,,
100,000313372524,1,1,001001224691,,,,,,,,,,,,,,,,,,,,,,,,
100,000313372530,1,1,001001223430,,,,,,,,,,,,,,,,,,,,,,,,
100,000313373298,1,1,001001228285,,,,,,,,Probleme de modulation sur les ODU 18 Ghz LOW/HIGH indique parl'amenageur,22-04-2024,Cloturer : Shields (Refus RMA),25-09-2024,Probleme fonctionnel,30-07-2024,Fournisseur,19-04-2024,,,Cloturer : Shields (Refus RMA)/Probleme fonctionnel/Fournisseur,,5M,,21-09-2024,01:44:08,NHS_BATCH
100,000313373298,2,1,001001228286,,,,,,,,Probleme de modulation sur les ODU 18 Ghz LOW/HIGH indique parl'amenageur,22-04-2024,Cloturer : Shields (Refus RMA),25-09-2024,Probleme fonctionnel,30-07-2024,Fournisseur,19-04-2024,,,Cloturer : Shields (Refus RMA)/Probleme fonctionnel/Fournisseur,,5M,,21-09-2024,01:44:08,NHS_BATCH
100,000313373406,1,1,001001230743,,,,,,,,Probleme hardware sur le RRU ERI 4499 1800MHZ/2100MH indique parl'amenageur,22-04-2024,Cloturer : Echange Standard,26-04-2024,Probleme fonctionnel,30-07-2024,Fournisseur,19-04-2024,,,Cloturer : Echange Standard/Probleme fonctionnel/Fournisseur,,5M,,26-04-2024,12:49:25,NHSALEVOI
100,000313373428,1,1,001001231714,,,,,,,,Alarme permanente sur le RRU HUA MOD RRU5516 1800-2100MHz indique parl'amenageur  - RRU Expedie le 20/11/2023,22-04-2024,Cloturer : Echange Standard,26-04-2024,Probleme fonctionnel,30-07-2024,Fournisseur,19-04-2024,,,Cloturer : Echange Standard/Probleme fonctionnel/Fournisseur,,5M,,26-04-2024,12:49:25,NHSALEVOI
100,000313373464,1,1,001001229480,,,,,,,,KIT-TOIT socle endommage lors du dechargement par le magasinier,22-04-2024,Cloturer : Shields (Dmd Bytel),07-10-2024,Dommage physique,30-07-2024,MMO,19-04-2024,,,Cloturer : Shields (Dmd Bytel)/Dommage physique/MMO,,5M,,08-10-2024,01:53:09,NHS_BATCH
100,000313374890,1,1,001001231715,,,,,,,,Alarme permanente sur le RRU HUA MOD RRU5502N 1800-2100 indique parl'amenageur - RRU Expedie le 21/11/2023,22-04-2024,Cloturer : Echange Standard,26-04-2024,Probleme fonctionnel,30-07-2024,Fournisseur,19-04-2024,,,Cloturer : Echange Standard/Probleme fonctionnel/Fournisseur,,5M,,26-04-2024,12:49:25,NHSALEVOI
100,000313374890,2,1,001001231716,,,,,,,,Probleme fonctionnel des SFP TRS-SFP_GIGE LX_LC ROHS 6/6 DDM_40/85C /generant une alarme indique par l'amenageur  - SFP Expedie le 21/11/2023,22-04-2024,Cloturer : Shields (Refus RMA),26-04-2024,Probleme fonctionnel,30-07-2024,Fournisseur,19-04-2024,,,Cloturer : Shields (Refus RMA)/Probleme fonctionnel/Fournisseur,,5M,,26-04-2024,12:49:25,NHSALEVOI
100,000313374890,3,1,001001231717,,,,,,,,Probleme fonctionnel des SFP TRS-SFP_GIGE LX_LC ROHS 6/6 DDM_40/85C /generant une alarme indique par l'amenageur  - SFP Expedie le 21/11/2023,22-04-2024,Cloturer : Shields (Refus RMA),26-04-2024,Probleme fonctionnel,30-07-2024,Fournisseur,19-04-2024,,,Cloturer : Shields (Refus RMA)/Probleme fonctionnel/Fournisseur,,5M,,26-04-2024,12:49:25,NHSALEVOI
100,000313374890,4,1,001001231718,,,,,,,,Probleme fonctionnel des SFP TRS-SFP_GIGE LX_LC ROHS 6/6 DDM_40/85C /generant une alarme indique par l'amenageur  - SFP Expedie le 21/11/2023,22-04-2024,Cloturer : Shields (Refus RMA),26-04-2024,Probleme fonctionnel,30-07-2024,Fournisseur,19-04-2024,,,Cloturer : Shields (Refus RMA)/Probleme fonctionnel/Fournisseur,,5M,,26-04-2024,12:49:25,NHSALEVOI
100,000313374890,5,1,001001231719,,,,,,,,Probleme fonctionnel des SFP TRS-SFP_GIGE LX_LC ROHS 6/6 DDM_40/85C /generant une alarme indique par l'amenageur  - SFP Expedie le 21/11/2023,22-04-2024,Cloturer : Shields (Refus RMA),26-04-2024,Probleme fonctionnel,30-07-2024,Fournisseur,19-04-2024,,,Cloturer : Shields (Refus RMA)/Probleme fonctionnel/Fournisseur,,5M,,26-04-2024,12:49:25,NHSALEVOI
100,000313375390,1,1,001001231720,,,,,,,,Probleme fonctionnel lors du chargement logiciel sur l'ODU HUA ODU XMC5D 18 Ghz BAND B HIGH indique par l'amenageur - Expedie le 21/11/2023,22-04-2024,Cloturer : Piece Bonne,26-04-2024,Probleme fonctionnel,30-07-2024,Fournisseur,19-04-2024,,,Cloturer : Piece Bonne/Probleme fonctionnel/Fournisseur,,5M,,26-04-2024,12:49:25,NHSALEVOI
100,000313376244,1,1,001001443557,,,,,,,,,,,,,,,,,,,,,,,,
100,000313376346,1,1,001001230451,,,,,,,,,,,,,,,,,,,,,,,,
100,000313376756,1,1,001001233981,,,,,,,,Ticket suite MEL - Defaut de communication TX/RX,22-04-2024,Cloturer : Piece Bonne (NFF CTDI),25-09-2024,Probleme fonctionnel,30-07-2024,Fournisseur,19-04-2024,,,Cloturer : Piece Bonne (NFF CTDI)/Probleme fonctionnel/Fournisseur,,5M,,12-09-2024,01:49:53,NHS_BATCH
100,000313376952,1,1,001001229481,,,,,,,,Un probleme hardware a etait identifie par l'amenageur sur le RRU HUAMOD RRU5505N 1800-2100,22-04-2024,Cloturer : Shields (Refus RMA),25-09-2024,Probleme fonctionnel,30-07-2024,Fournisseur,19-04-2024,,,Cloturer : Shields (Refus RMA)/Probleme fonctionnel/Fournisseur,,5M,,21-09-2024,01:44:08,NHS_BATCH
100,000313378623,1,1,,,,,,,,,,,,,,,,,#Failure-GB,05-12-2023,#Failure-GB,,,,05-12-2023,09:47:45,NHS053482
100,000313378639,1,1,001001215047,,,,,,,,,,,,,,,,,,,,,,,,
100,000313378640,1,1,001001236476,,,,,,,,,,,,,,,,,,,,,,,,
100,000313378641,1,1,001001229539,,,,,,,,,,,,,,,,,,,,,,,,
100,000313378642,1,1,001001216350,,,,,,,,,,,,,,,,,,,,,,,,
100,000313378643,1,1,001001273870,,,,,,,,,,,,,,,,,,,,,,,,
100,000313378645,1,1,001001218731,,,,,,,,,,,,,,,,,,,,,,,,
100,000313378646,1,1,001001218729,,,,,,,,,,,,,,,,,,,,,,,,
100,000313378647,1,1,001001229257,,,,,,,,,,,,,,,,,,,,,,,,
100,000313378648,1,1,001001236088,,,,,,,,,,,,,,,,,,,,,,,,
100,000313378649,1,1,001001235226,,,,,,,,,,,,,,,,,,,,,,,,
100,000313378650,1,1,001001235227,,,,,,,,,,,,,,,,,,,,,,,,
100,000313379597,1,1,001001259375,,,,,,,,Pobleme fonctionnel generant une alarme sur le HUA MOD RRU55161800-2100MHz indique par le MMO,22-04-2024,Cloturer : Shields (Refus RMA),25-09-2024,Probleme fonctionnel,30-07-2024,Fournisseur,19-04-2024,,,Cloturer : Shields (Refus RMA)/Probleme fonctionnel/Fournisseur,,5M,,21-09-2024,01:44:08,NHS_BATCH
100,000313379597,2,1,001001258780,,,,,,,,Pobleme fonctionnel generant une alarme sur les HUA-1.4KM OPTICALTRANSC.SFP+ 1310NM indique par le MMO,22-04-2024,Cloturer : Echange Standard,26-04-2024,Probleme fonctionnel,30-07-2024,Fournisseur,19-04-2024,,,Cloturer : Echange Standard/Probleme fonctionnel/Fournisseur,,5M,,26-04-2024,12:49:25,NHSALEVOI
100,000313379597,3,1,001001258781,,,,,,,,Pobleme fonctionnel generant une alarme sur les HUA-1.4KM OPTICALTRANSC.SFP+ 1310NM indique par le MMO,22-04-2024,Cloturer : Echange Standard,26-04-2024,Probleme fonctionnel,30-07-2024,Fournisseur,19-04-2024,,,Cloturer : Echange Standard/Probleme fonctionnel/Fournisseur,,5M,,26-04-2024,12:49:25,NHSALEVOI
100,000313380496,1,1,001001259376,,,,,,,,Probleme fonctionnel sur l'antenne HUA 065X A104518R1V06 XXXXXXXXXX -reference HUA 065X A104518R1V06 XXXXXXXXXX substitue par la referenceHUA 065X A104518R1v07 XXXXXXXXXX - Attente retour Bytel modification des bases - antenne a codee,22-04-2024,Cloturer : Shields (Refus RMA),26-06-2024,Probleme fonctionnel,30-07-2024,Fournisseur,19-04-2024,,,Cloturer : Shields (Refus RMA)/Probleme fonctionnel/Fournisseur,,5M,,24-04-2024,01:09:38,NHS_BATCH
100,000313380532,1,1,001001230744,,,,,,,,Pobleme fonctionnel generant une alarme sur le RRU ERI 2460 7/8/900MHZindique par le MMO,22-04-2024,Cloturer : Echange Standard,26-04-2024,Probleme fonctionnel,30-07-2024,Fournisseur,19-04-2024,,,Cloturer : Echange Standard/Probleme fonctionnel/Fournisseur,,5M,,26-04-2024,12:49:25,NHSALEVOI
100,000313380536,1,1,001001244810,,,,,,,,Pobleme fonctionnel generant une alarme sur le RRU ERI 2460 7/8/900MHZindique par le MMO,22-04-2024,Cloturer : Echange Standard,26-04-2024,Probleme fonctionnel,30-07-2024,Fournisseur,19-04-2024,,,Cloturer : Echange Standard/Probleme fonctionnel/Fournisseur,,5M,,26-04-2024,12:49:25,NHSALEVOI
100,000313381467,1,1,001001229482,,,,,,,,Probleme fonctionnel lors de la mise en service du HUA MOD RRU5502N1800-2100 indique par le MMO,22-04-2024,Cloturer : Piece Bonne,26-04-2024,Probleme fonctionnel,30-07-2024,Fournisseur,19-04-2024,,,Cloturer : Piece Bonne/Probleme fonctionnel/Fournisseur,,5M,,26-04-2024,12:49:25,NHSALEVOI
100,000313381520,1,1,001001220032,,,,,,,,Changement de canal sous Bande apres realisation de l'APL initiale,22-04-2024,Cloturer : Echange Standard,26-04-2024,Rajout en accord avec DCI/Do infra / SCM,05-12-2024,MMO,19-04-2024,,,Cloturer : Echange Standard/Rajout en accord avec DCI/Do infra / SCM/MMO,,5M,,26-04-2024,12:49:25,NHSALEVOI
100,000313381520,2,1,001001220033,,,,,,,,Changement de canal sous Bande apres realisation de l'APL initiale,22-04-2024,Cloturer : Echange Standard,26-04-2024,Rajout en accord avec DCI/Do infra / SCM,05-12-2024,MMO,19-04-2024,,,Cloturer : Echange Standard/Rajout en accord avec DCI/Do infra / SCM/MMO,,5M,,26-04-2024,12:49:25,NHSALEVOI
100,000313382016,1,1,001001228287,,,,,,,,Probleme fonctionnel sur la baseband ERI MOD BB6631,22-04-2024,Cloturer : Echange Standard,26-04-2024,Probleme fonctionnel,30-07-2024,Fournisseur,19-04-2024,,,Cloturer : Echange Standard/Probleme fonctionnel/Fournisseur,,5M,,26-04-2024,12:49:26,NHSALEVOI
100,000313383652,1,1,001001229483,,,,,,,,Probleme fonctionnel sur le RRU HUA MOD MSR RRU5301 2600 (Cause nonconnue a date),22-04-2024,Cloturer : Shields (CTDI HS Confirm#),25-09-2024,Probleme fonctionnel,30-07-2024,Fournisseur,19-04-2024,,,Cloturer : Shields (CTDI HS Confirm#)/Probleme fonctionnel/Fournisseur,,5M,,04-10-2024,02:03:11,NHS_BATCH
100,000313384081,1,1,001001228288,,,,,,,,Port RET du RRU ERI 2460 indique H.S par l'amenageur,22-04-2024,Cloturer : Echange Standard,26-04-2024,Probleme fonctionnel,30-07-2024,Fournisseur,19-04-2024,,,Cloturer : Echange Standard/Probleme fonctionnel/Fournisseur,,5M,,02-05-2024,12:34:44,NHSALEVOI
100,000313384307,1,1,001001254380,,,,,,,,Antenne radio 5G TDD indique hors service par l'amenageur,22-04-2024,Cloturer : Shields (Refus RMA),25-09-2024,Probleme fonctionnel,30-07-2024,Fournisseur,19-04-2024,,,Cloturer : Shields (Refus RMA)/Probleme fonctionnel/Fournisseur,,5M,,21-09-2024,01:44:08,NHS_BATCH
100,000313384307,2,1,001001258274,,,,,,,,,,Cloturer : Piece Bonne,26-06-2024,Probleme fonctionnel,30-07-2024,Fournisseur,19-06-2024,,,Cloturer : Piece Bonne/Probleme fonctionnel/Fournisseur,,5M,,26-04-2024,12:49:26,NHSALEVOI
100,000313384307,3,1,,,,,,,,,SFP HUA-SFP 10.3125G 1310NM BSC6910 HS lors de la MEL - SFP absent ducolis retour MMO receptionne le 11/03,22-04-2024,Cloturer : Go BYTEL cloture le 22/01/2025,22-01-2025,Probleme fonctionnel,30-07-2024,Fournisseur,19-04-2024,,,Cloturer : Go BYTEL cloture le 22/01/2025/Probleme fonctionnel/Fournisseur,,,,22-01-2025,11:27:01,NHSFRSPM30
100,000313384339,1,1,,,,,,,,,,,,,,,,,#Failure-GB,05-12-2023,#Failure-GB,,,,05-12-2023,14:19:56,NHS053482
100,000313384683,1,1,001001236479,,,,,,,,,,,,,,,,,,,,,,,,
100,000313385454,1,1,001001230745,,,,,,,,"""Demande de remplacement Bytel cause """" HW Partial Fault """"""",22-04-2024,Cloturer : Shields (Article peint),26-04-2024,Probleme fonctionnel,30-07-2024,Fournisseur,19-04-2024,,,Cloturer : Shields (Article peint)/Probleme fonctionnel/Fournisseur,,5M,,26-04-2024,12:49:26,NHSALEVOI
100,000313385562,1,1,001001218784,,,,,,,,,,,,,,,,,,,,,,,,
100,000313386583,1,1,001001275601,,,,,,,,RRU ERI 2260 1800MHZ/2100MHZ indique H.S par l'amenageur - le 26/03 : Le produit retourne par le MMO est inconnu de notre base article,22-04-2024,Cloturer : Echange Standard,21-06-2024,Probleme fonctionnel,30-07-2024,Fournisseur,19-04-2024,,,Cloturer : Echange Standard/Probleme fonctionnel/Fournisseur,,5M,,19-06-2024,01:09:19,NHS_BATCH
100,000313387568,1,1,001001233982,,,,,,,,Probleme fonctionnel sur le RET de l'antenne JAY.065X.5920370PG.XXXindique par l'amenageur,22-04-2024,Cloturer : Echange Standard,02-08-2024,Probleme fonctionnel,30-07-2024,Fournisseur,19-04-2024,,,Cloturer : Echange Standard/Probleme fonctionnel/Fournisseur,,5M,,02-08-2024,01:21:54,NHS_BATCH
100,000313388497,1,1,001001227262,,,,,,,,,,,,,,,,,,,,,,,,
100,000313389214,1,1,001001254382,,,,,,,,Probleme fonctionnel sur la carte UMPTG2 indique par l'amenageur,22-04-2024,Cloturer : Piece Bonne (NFF CTDI),25-09-2024,Probleme fonctionnel,30-07-2024,Fournisseur,19-04-2024,,,Cloturer : Piece Bonne (NFF CTDI)/Probleme fonctionnel/Fournisseur,,5M,,12-09-2024,01:49:53,NHS_BATCH
100,000313389232,1,1,001001258782,,,,,,,,Probleme fonctionnel sur la carte UMPTG2 indique par l'amenageur,22-04-2024,Cloturer : Shields (Refus RMA),26-04-2024,Probleme fonctionnel,30-07-2024,Fournisseur,19-04-2024,,,Cloturer : Shields (Refus RMA)/Probleme fonctionnel/Fournisseur,,5M,,26-04-2024,12:49:26,NHSALEVOI
100,000313389987,1,1,001001254383,,,,,,,,Commande debloquee le 19/12 - Retard : Rupture,22-04-2024,Cloturer : Piece Bonne,26-06-2024,Erreur de saisie/commande ETOS,05-12-2024,MMO,19-04-2024,,,Cloturer : Piece Bonne/Erreur de saisie/commande ETOS/MMO,,5M,,26-04-2024,12:49:26,NHSALEVOI
100,000313389987,2,1,001001254384,,,,,,,,Commande debloquee le 19/12 - Rupture - Transfert depuis STACI prevue le 12/01,22-04-2024,Cloturer : Piece Bonne,26-04-2024,Erreur de saisie/commande ETOS,05-12-2024,MMO,19-04-2024,,,Cloturer : Piece Bonne/Erreur de saisie/commande ETOS/MMO,,5M,,26-04-2024,12:49:26,NHSALEVOI
100,000313389987,3,1,001001254385,,,,,,,,Commande debloquee le 19/12 - Rupture - Transfert depuis STACI prevue le 12/01,22-04-2024,Cloturer : Piece Bonne,26-04-2024,Erreur de saisie/commande ETOS,05-12-2024,MMO,19-04-2024,,,Cloturer : Piece Bonne/Erreur de saisie/commande ETOS/MMO,,5M,,26-03-2024,01:06:54,NHS_BATCH
100,000313389987,4,1,001001254386,,,,,,,,Commande debloquee le 19/12 - Rupture - Transfert depuis STACI prevue le 12/01,22-04-2024,Cloturer : Piece Bonne,26-04-2024,Erreur de saisie/commande ETOS,05-12-2024,MMO,19-04-2024,,,Cloturer : Piece Bonne/Erreur de saisie/commande ETOS/MMO,,5M,,26-04-2024,12:49:26,NHSALEVOI
100,000313390011,1,1,001001248582,,,,,,,,Site renseigne en 15Kw lors de l'APL initiale,22-04-2024,Cloturer : Shields (Dmd Bytel),07-10-2024,Echange equipement neuf,30-07-2024,MMO,19-04-2024,,,Cloturer : Shields (Dmd Bytel)/Echange equipement neuf/MMO,,5M,,09-10-2024,01:46:05,NHS_BATCH
100,000313390017,1,1,001001254387,,,,,,,,Les SFP RRU ERI SFP+ SM 10.3G 1.4KM 1310NM genere une alarme,22-04-2024,Cloturer : Echange Standard,26-04-2024,Probleme fonctionnel,30-07-2024,Fournisseur,19-04-2024,,,Cloturer : Echange Standard/Probleme fonctionnel/Fournisseur,,5M,,26-04-2024,12:49:26,NHSALEVOI
100,000313390017,2,1,001001254388,,,,,,,,Les SFP RRU ERI SFP+ SM 10.3G 1.4KM 1310NM genere une alarme,22-04-2024,Cloturer : Echange Standard,26-04-2024,Probleme fonctionnel,30-07-2024,Fournisseur,19-04-2024,,,Cloturer : Echange Standard/Probleme fonctionnel/Fournisseur,,5M,,26-04-2024,12:49:26,NHSALEVOI
100,000313390017,3,1,001001254389,,,,,,,,Les SFP RRU ERI SFP+ SM 10.3G 1.4KM 1310NM genere une alarme,22-04-2024,Cloturer : Echange Standard,26-04-2024,Probleme fonctionnel,30-07-2024,Fournisseur,19-04-2024,,,Cloturer : Echange Standard/Probleme fonctionnel/Fournisseur,,5M,,26-04-2024,12:49:26,NHSALEVOI
100,000313390017,4,1,001001254390,,,,,,,,Les SFP RRU ERI SFP+ SM 10.3G 1.4KM 1310NM genere une alarme,22-04-2024,Cloturer : Echange Standard,26-04-2024,Probleme fonctionnel,30-07-2024,Fournisseur,19-04-2024,,,Cloturer : Echange Standard/Probleme fonctionnel/Fournisseur,,5M,,26-04-2024,12:49:26,NHSALEVOI
100,000313390017,5,1,001001254391,,,,,,,,Les SFP RRU ERI SFP+ SM 10.3G 1.4KM 1310NM genere une alarme,22-04-2024,Cloturer : Echange Standard,26-04-2024,Probleme fonctionnel,30-07-2024,Fournisseur,19-04-2024,,,Cloturer : Echange Standard/Probleme fonctionnel/Fournisseur,,5M,,26-04-2024,12:49:26,NHSALEVOI
100,000313390017,6,1,001001254392,,,,,,,,Les SFP RRU ERI SFP+ SM 10.3G 1.4KM 1310NM genere une alarme,22-04-2024,Cloturer : Echange Standard,26-04-2024,Probleme fonctionnel,30-07-2024,Fournisseur,19-04-2024,,,Cloturer : Echange Standard/Probleme fonctionnel/Fournisseur,,5M,,26-04-2024,12:49:26,NHSALEVOI
100,000313390275,1,1,001001233250,,,,,,,,Prableme fonctionnel sur le RRU ERI 2460 7/8/900MHZ,22-04-2024,Cloturer : Echange Standard,26-04-2024,Probleme fonctionnel,30-07-2024,Fournisseur,19-04-2024,,,Cloturer : Echange Standard/Probleme fonctionnel/Fournisseur,,5M,,26-04-2024,12:49:26,NHSALEVOI
100,000313390910,1,1,001001228766,,,,,,,,Advance replacement,06-06-2024,,,,,,,,,,,,,06-06-2024,10:40:11,NHSESLO01
100,000313391720,1,1,001001231656,,,,,,,,,,,,,,,,,,,,,,,,
100,000313391721,1,1,001001220790,,,,,,,,,,,,,,,,,,,,,,,,
100,000313391725,1,1,001001247581,,,,,,,,,,,,,,,,,,,,,,,,
100,000313391726,1,1,001001231648,,,,,,,,,,,,,,,,,,,,,,,,
100,000313391727,1,1,001001220768,,,,,,,,,,,,,,,,,,,,,,,,
100,000313391729,1,1,001001313156,,,,,,,,,,,,,,,,,,,,,,,,
100,000313391730,1,1,001001279087,,,,,,,,,,,,,,,,,,,,,,,,
100,000313391731,1,1,001001230960,,,,,,,,,,,,,,,,,,,,,,,,
100,000313391732,1,1,001001265412,,,,,,,,,,,,,,,,,,,,,,,,
100,000313391733,1,1,001001218653,,,,,,,,,,,,,,,,,,,,,,,,
100,000313391734,1,1,001001230970,,,,,,,,,,,,,,,,,,,,,,,,
100,000313391735,1,1,001001218663,,,,,,,,,,,,,,,,,,,,,,,,
100,000313392152,1,1,001001229484,,,,,,,,RRU HUA MOD MSR RRU5301 2600 indique hors service par l'amenageur,22-04-2024,Cloturer : Piece Bonne (NFF CTDI),25-09-2024,Probleme fonctionnel,30-07-2024,Fournisseur,19-04-2024,,,Cloturer : Piece Bonne (NFF CTDI)/Probleme fonctionnel/Fournisseur,,5M,,12-09-2024,01:49:53,NHS_BATCH
100,000313393356,1,1,001001254393,,,,,,,,Partie haute de l'antenne COM_065X_RRZZV4-65D-R8N43_XXXXXXXX indiquefissure - Antenne radio Reuse- Antenne a coder,22-04-2024,Cloturer : Shields (COMSCOPE),26-04-2024,Dommage physique,30-07-2024,Fournisseur,19-04-2024,,,Cloturer : Shields (COMSCOPE)/Dommage physique/Fournisseur,,5M,,26-04-2024,12:49:27,NHSALEVOI
100,000313393598,1,1,001001267191,,,,,,,,Probleme fonctionnel sur le RRU HUA MOD MSR RRU5301 2600 indique parl'amenageur,22-04-2024,Cloturer : Shields (Refus RMA),14-05-2024,Probleme fonctionnel,30-07-2024,Fournisseur,19-04-2024,,,Cloturer : Shields (Refus RMA)/Probleme fonctionnel/Fournisseur,,5M,,15-05-2024,01:08:03,NHS_BATCH
100,000313395326,1,1,001001236392,,,,,,,,RRU 4499 Genere une alarme : ROS Voie A superieur a 10,22-04-2024,Cloturer : Echange Standard,26-04-2024,Probleme fonctionnel,30-07-2024,Fournisseur,19-04-2024,,,Cloturer : Echange Standard/Probleme fonctionnel/Fournisseur,,5M,,02-05-2024,12:35:15,NHSALEVOI
100,000313395338,1,1,001001258783,,,,,,,,Mot de passe refuse sur la carte UMPTG2,22-04-2024,Cloturer : Shields (Refus RMA),26-04-2024,Probleme fonctionnel,30-07-2024,Fournisseur,19-04-2024,,,Cloturer : Shields (Refus RMA)/Probleme fonctionnel/Fournisseur,,5M,,26-04-2024,12:49:27,NHSALEVOI
100,000313395463,1,1,001001223163,,,,,,,,,,,,,,,,,,,,,,,,
100,000313395513,1,1,001001229485,,,,,,,,Probleme fonctionnel sur le RRU HUA MOD MSR RRU5909 generant une alarmeremonte par l'amenageur,22-04-2024,Cloturer : Piece Bonne (NFF CTDI),25-09-2024,Probleme fonctionnel,30-07-2024,Fournisseur,19-04-2024,,,Cloturer : Piece Bonne (NFF CTDI)/Probleme fonctionnel/Fournisseur,,5M,,12-09-2024,01:49:53,NHS_BATCH
100,000313395898,1,1,001001260612,,,,,,,,ODU non fonctionnel polar V -,22-04-2024,Cloturer : Echange Standard,26-06-2024,Probleme fonctionnel,30-07-2024,Fournisseur,19-04-2024,,,Cloturer : Echange Standard/Probleme fonctionnel/Fournisseur,,5M,,27-06-2024,01:13:18,NHS_BATCH
100,000313398074,1,1,001001230746,,,,,,,,SWAP carte existante suite a un probleme fonctionnel,22-04-2024,Cloturer : Echange Standard,26-04-2024,Probleme fonctionnel,30-07-2024,Fournisseur,19-04-2024,,,Cloturer : Echange Standard/Probleme fonctionnel/Fournisseur,,5M,,26-04-2024,12:49:27,NHSALEVOI
100,000313398100,1,1,001001233251,,,,,,,,PROBLEME MISE EN LIGNE - RRU NOK,22-04-2024,Cloturer : Echange Standard,26-04-2024,Probleme fonctionnel,30-07-2024,Fournisseur,19-04-2024,,,Cloturer : Echange Standard/Probleme fonctionnel/Fournisseur,,5M,,26-04-2024,12:49:27,NHSALEVOI
100,000313398100,2,1,001001241012,,,,,,,,PROBLEME MISE EN LIGNE - RRU NOK,22-04-2024,Cloturer : Echange Standard,26-04-2024,Probleme fonctionnel,30-07-2024,Fournisseur,19-04-2024,,,Cloturer : Echange Standard/Probleme fonctionnel/Fournisseur,,5M,,26-04-2024,12:49:27,NHSALEVOI
100,000313398100,3,1,001001241013,,,,,,,,PROBLEME MISE EN LIGNE - RRU NOK,22-04-2024,Cloturer : Echange Standard,26-04-2024,Probleme fonctionnel,30-07-2024,Fournisseur,19-04-2024,,,Cloturer : Echange Standard/Probleme fonctionnel/Fournisseur,,5M,,26-04-2024,12:49:27,NHSALEVOI
100,000313398169,1,1,001001248352,,,,,,,,Changement des ODU suite au refus arcep,22-04-2024,Cloturer : Piece Bonne,26-04-2024,Rajout en accord avec DCI/Do infra / SCM,05-12-2024,MMO,19-04-2024,,,Cloturer : Piece Bonne/Rajout en accord avec DCI/Do infra / SCM/MMO,,,,26-04-2024,12:49:27,NHSALEVOI
100,000313398169,2,1,001001248353,,,,,,,,Changement des ODU suite au refus arcep,22-04-2024,Cloturer : Piece Bonne,26-04-2024,Rajout en accord avec DCI/Do infra / SCM,05-12-2024,MMO,19-04-2024,,,Cloturer : Piece Bonne/Rajout en accord avec DCI/Do infra / SCM/MMO,,,,26-04-2024,12:49:27,NHSALEVOI
100,000313398256,1,1,,,,,,,,,,,,,,,,,FAILURE-GB,16-12-2023,FAILURE-GB,,,,16-12-2023,08:49:13,NHS053070
100,000313398331,1,1,001001236393,,,,,,,,ROS persistant malgre changement bretelles remonte par l'amenageurs -Antenne codee : depart prevu le 14/12,22-04-2024,Cloturer : Shields,26-04-2024,Probleme fonctionnel,30-07-2024,MMO,19-04-2024,,,Cloturer : Shields/Probleme fonctionnel/MMO,,5M,,26-04-2024,12:49:27,NHSALEVOI
100,000313398334,1,1,001001230747,,,,,,,,HW Partial Fault,22-04-2024,Cloturer : Echange Standard,26-04-2024,Probleme fonctionnel,30-07-2024,Fournisseur,19-04-2024,,,Cloturer : Echange Standard/Probleme fonctionnel/Fournisseur,,5M,,26-04-2024,12:49:27,NHSALEVOI
100,000313399888,1,1,001001231182,,,,,,,,,,,,,,,,,,,,,,,,
100,000313399995,1,1,001001239439,,,,,,,,RRU5519 HS  NE S'ALLUME PAS,22-04-2024,Cloturer : Piece Bonne (NFF CTDI),25-09-2024,Probleme fonctionnel,30-07-2024,Fournisseur,19-04-2024,,,Cloturer : Piece Bonne (NFF CTDI)/Probleme fonctionnel/Fournisseur,,5M,,12-09-2024,01:49:53,NHS_BATCH
100,000313400002,1,1,001001254394,,,,,,,,Defaut RSSI 4G800,22-04-2024,Cloturer : Echange Standard,26-04-2024,Probleme fonctionnel,30-07-2024,Fournisseur,19-04-2024,,,Cloturer : Echange Standard/Probleme fonctionnel/Fournisseur,,5M,,26-04-2024,12:49:27,NHSALEVOI
100,000313400002,2,1,001001254395,,,,,,,,Defaut RSSI 4G800,22-04-2024,Cloturer : Echange Standard,26-04-2024,Probleme fonctionnel,30-07-2024,Fournisseur,19-04-2024,,,Cloturer : Echange Standard/Probleme fonctionnel/Fournisseur,,5M,,26-04-2024,12:49:27,NHSALEVOI
100,000313400002,3,1,001001254396,,,,,,,,Defaut RSSI 4G800,22-04-2024,Cloturer : Echange Standard,26-04-2024,Probleme fonctionnel,30-07-2024,Fournisseur,19-04-2024,,,Cloturer : Echange Standard/Probleme fonctionnel/Fournisseur,,5M,,26-04-2024,12:49:27,NHSALEVOI
100,000313400002,4,1,001001254397,,,,,,,,Defaut RSSI 4G800,22-04-2024,Cloturer : Piece Bonne,26-04-2024,Probleme fonctionnel,30-07-2024,Fournisseur,19-04-2024,,,Cloturer : Piece Bonne/Probleme fonctionnel/Fournisseur,,5M,,26-04-2024,12:49:27,NHSALEVOI
100,000313400002,5,1,001001254398,,,,,,,,Defaut RSSI 4G800,22-04-2024,Cloturer : Piece Bonne,26-04-2024,Probleme fonctionnel,30-07-2024,Fournisseur,19-04-2024,,,Cloturer : Piece Bonne/Probleme fonctionnel/Fournisseur,,5M,,26-04-2024,12:49:27,NHSALEVOI
100,000313400021,1,1,001001254399,,,,,,,,Changement d'ODU BB et BH,22-04-2024,Cloturer : Echange Standard,26-04-2024,Rajout en accord avec DCI/Do infra / SCM,05-12-2024,MMO,19-04-2024,,,Cloturer : Echange Standard/Rajout en accord avec DCI/Do infra / SCM/MMO,,5M,,26-04-2024,12:49:27,NHSALEVOI
100,000313400021,2,1,001001254400,,,,,,,,Changement d'ODU BB et BH,22-04-2024,Cloturer : Echange Standard,26-06-2024,Rajout en accord avec DCI/Do infra / SCM,05-12-2024,MMO,19-04-2024,,,Cloturer : Echange Standard/Rajout en accord avec DCI/Do infra / SCM/MMO,,5M,,27-06-2024,01:13:18,NHS_BATCH
100,000313400210,1,1,001001230748,,,,,,,,RET non detecte sur le RRU ERI 2460,22-04-2024,Cloturer : Echange Standard,26-04-2024,Probleme fonctionnel,30-07-2024,Fournisseur,19-04-2024,,,Cloturer : Echange Standard/Probleme fonctionnel/Fournisseur,,5M,,26-04-2024,12:49:28,NHSALEVOI
100,000313402186,1,1,001001244811,,,,,,,,Equipements HS remonte par l'amenageur,22-04-2024,Cloturer : Shields (Dmd Bytel),07-10-2024,Probleme fonctionnel,30-07-2024,Fournisseur,19-04-2024,,,Cloturer : Shields (Dmd Bytel)/Probleme fonctionnel/Fournisseur,,5M,,09-10-2024,01:46:05,NHS_BATCH
100,000313402186,2,1,001001244812,,,,,,,,Equipements HS remonte par l'amenageur,22-04-2024,Cloturer : Shields (Dmd Bytel),07-10-2024,Probleme fonctionnel,30-07-2024,Fournisseur,19-04-2024,,,Cloturer : Shields (Dmd Bytel)/Probleme fonctionnel/Fournisseur,,5M,,09-10-2024,01:46:05,NHS_BATCH
100,000313402186,3,1,001001244813,,,,,,,,Equipements HS remonte par l'amenageur,22-04-2024,Cloturer : Shields (Dmd Bytel),07-10-2024,Probleme fonctionnel,30-07-2024,Fournisseur,19-04-2024,,,Cloturer : Shields (Dmd Bytel)/Probleme fonctionnel/Fournisseur,,5M,,09-10-2024,01:46:05,NHS_BATCH
100,000313402186,4,1,001001244814,,,,,,,,Equipements HS remonte par l'amenageur,22-04-2024,Cloturer : Shields (Dmd Bytel),07-10-2024,Probleme fonctionnel,30-07-2024,Fournisseur,19-04-2024,,,Cloturer : Shields (Dmd Bytel)/Probleme fonctionnel/Fournisseur,,5M,,09-10-2024,01:46:05,NHS_BATCH
100,000313402222,1,1,001001228289,,,,,,,,Equipements HS remonte par l'amenageur,22-04-2024,Cloturer : Echange Standard,26-04-2024,Probleme fonctionnel,30-07-2024,Fournisseur,19-04-2024,,,Cloturer : Echange Standard/Probleme fonctionnel/Fournisseur,,5M,,26-04-2024,12:49:28,NHSALEVOI
100,000313402325,1,1,,,,,,,,,,,RMA BEANTRGUNG,22-12-2023,,,,,,,RMA BEANTRGUNG,,,,22-12-2023,09:59:04,NHS000828
100,000313403372,1,1,001001375031,,,,,,,,,,,,,,,,,,,,,,,,
100,000313403651,1,1,001001233983,,,,,,,,le cadenas ne se verrouille pas physiquement,22-04-2024,Cloturer : Shields (Refus RMA),26-04-2024,Probleme fonctionnel,30-07-2024,Fournisseur,19-04-2024,,,Cloturer : Shields (Refus RMA)/Probleme fonctionnel/Fournisseur,,5M,,26-04-2024,12:49:28,NHSALEVOI
100,000313405640,1,1,001001227768,,,,,,,,,,,,,,,,,,,,,,,,
100,000313405641,1,1,001001227765,,,,,,,,,,,,,,,,,,,,,,,,
100,000313405722,1,1,001001236394,,,,,,,,RRU HUA MOD RRU5516 1800-2100MHz SANS SFP indique H.S lors de l'IMES,22-04-2024,Cloturer : Echange Standard,26-04-2024,Probleme fonctionnel,30-07-2024,Fournisseur,19-04-2024,,,Cloturer : Echange Standard/Probleme fonctionnel/Fournisseur,,5M,,26-04-2024,12:49:28,NHSALEVOI
100,000313405722,2,1,001001236395,,,,,,,,RRU HUA MOD RRU5516 1800-2100MHz SANS SFP indique H.S lors de l'IMES,22-04-2024,Cloturer : Echange Standard,26-04-2024,Probleme fonctionnel,30-07-2024,Fournisseur,19-04-2024,,,Cloturer : Echange Standard/Probleme fonctionnel/Fournisseur,,5M,,26-04-2024,12:49:28,NHSALEVOI
100,000313405722,3,1,001001236396,,,,,,,,RRU HUA MOD RRU5516 1800-2100MHz SANS SFP indique H.S lors de l'IMES,22-04-2024,Cloturer : Echange Standard,26-04-2024,Probleme fonctionnel,30-07-2024,Fournisseur,19-04-2024,,,Cloturer : Echange Standard/Probleme fonctionnel/Fournisseur,,5M,,26-04-2024,12:49:28,NHSALEVOI
100,000313406466,1,1,001001254401,,,,,,,,Impossible d'injecter les confs sur la carte UMPTG2,22-04-2024,Cloturer : Piece Bonne,26-04-2024,Probleme fonctionnel,30-07-2024,Fournisseur,19-04-2024,,,Cloturer : Piece Bonne/Probleme fonctionnel/Fournisseur,,5M,,26-04-2024,12:49:28,NHSALEVOI
100,000313406482,1,1,001001258784,,,,,,,,"Demande du service production - Retard : Destinataire ferme, prochaineremise prevue le 03/01/2024",22-04-2024,Cloturer : Echange Standard,26-04-2024,Probleme fonctionnel,30-07-2024,Fournisseur,19-04-2024,,,Cloturer : Echange Standard/Probleme fonctionnel/Fournisseur,,5M,,26-04-2024,12:49:28,NHSALEVOI
100,000313406658,1,1,001001247927,,,,,,,,,,,,,,,,,,,,,,,,
100,000313406723,1,1,001001258785,,,,,,,,Colis Casse dans Entrepot du Prestataire - Retard : destinataire ferme,22-04-2024,Cloturer : Shields (COMSCOPE),26-04-2024,Rajout en accord avec DCI/Do infra / SCM,05-12-2024,MMO,19-04-2024,,,Cloturer : Shields (COMSCOPE)/Rajout en accord avec DCI/Do infra / SCM/MMO,,5M,,26-04-2024,12:49:28,NHSALEVOI
100,000313408609,1,1,001001229187,,,,,,,,,,,,,,,,,,,,,,,,
100,000313409642,1,1,001001256942,,,,,,,,,,Cloturer : Echange Standard,26-06-2024,Probleme fonctionnel,30-07-2024,Fournisseur,19-06-2024,,,Cloturer : Echange Standard/Probleme fonctionnel/Fournisseur,,5M,,26-04-2024,12:49:28,NHSALEVOI
100,000313410017,1,1,001001254403,,,,,,,,,,Cloturer : Shields (Dmd Bytel),07-10-2024,Probleme fonctionnel,30-07-2024,Fournisseur,19-04-2024,,,Cloturer : Shields (Dmd Bytel)/Probleme fonctionnel/Fournisseur,,5M,,09-10-2024,01:46:05,NHS_BATCH
100,000313410017,2,1,001001254404,,,,,,,,CTDI: Antenne a codee  - Retard : destinataire ferme,22-04-2024,Cloturer : Shields (COMSCOPE),26-04-2024,Probleme fonctionnel,30-07-2024,Fournisseur,19-04-2024,,,Cloturer : Shields (COMSCOPE)/Probleme fonctionnel/Fournisseur,,5M,,26-04-2024,12:49:28,NHSALEVOI
100,000313410629,1,1,001001236397,,,,,,,,CTDI: Antenne a codee - Retard : destinataire ferme,22-04-2024,Cloturer : Echange Standard,02-08-2024,Probleme fonctionnel,30-07-2024,Fournisseur,19-04-2024,,,Cloturer : Echange Standard/Probleme fonctionnel/Fournisseur,,5M,,02-08-2024,01:21:54,NHS_BATCH
100,000313410661,1,1,001001228302,,,,,,,,,,,,,,,,,,,,,,,,
100,000313410662,1,1,001001227763,,,,,,,,,,,,,,,,,,,,,,,,
100,000313410663,1,1,001001227761,,,,,,,,,,,,,,,,,,,,,,,,
100,000313410664,1,1,001001227157,,,,,,,,,,,,,,,,,,,,,,,,
100,000313410665,1,1,001001228221,,,,,,,,,,,,,,,,,,,,,,,,
100,000313410666,1,1,001001227760,,,,,,,,,,,,,,,,,,,,,,,,
100,000313410667,1,1,001001227169,,,,,,,,,,,,,,,,,,,,,,,,
100,000313410668,1,1,001001227767,,,,,,,,,,,,,,,,,,,,,,,,
100,000313410669,1,1,001001225264,,,,,,,,,,,,,,,,,,,,,,,,
100,000313410672,1,1,001001232003,,,,,,BG nicht im RS21 11.01.24,18-01-2024,,,,,,,,,,,BG nicht im RS21 11.01.24,,,,18-01-2024,12:30:12,ALEREMOTE
100,000313410673,1,1,001001227771,,,,,,,,,,,,,,,,,,,,,,,,
100,000313410675,1,1,001001227728,,,,,,,,,,,,,,,,,,,,,,,,
100,000313410678,1,1,001001227766,,,,,,,,,,,,,,,,,,,,,,,,
100,000313410679,1,1,001001229961,,,,,,,,,,,,,,,,,,,,,,,,
100,000313410686,1,1,,,,,,,,,,,,,,,,,#Failure-GB,27-12-2023,#Failure-GB,,,,27-12-2023,09:23:01,NHS050638
100,000313411533,1,1,001001236398,,,,,,,,,,Cloturer : Echange Standard,26-04-2024,Probleme fonctionnel,30-07-2024,Fournisseur,19-04-2024,,,Cloturer : Echange Standard/Probleme fonctionnel/Fournisseur,,5M,,26-04-2024,12:49:28,NHSALEVOI
100,000313411533,2,1,001001236399,,,,,,,,,,Cloturer : Echange Standard,26-04-2024,Probleme fonctionnel,30-07-2024,Fournisseur,19-04-2024,,,Cloturer : Echange Standard/Probleme fonctionnel/Fournisseur,,5M,,26-04-2024,12:49:28,NHSALEVOI
100,000313411533,3,1,001001236400,,,,,,,,,,Cloturer : Echange Standard,26-04-2024,Probleme fonctionnel,30-07-2024,Fournisseur,19-04-2024,,,Cloturer : Echange Standard/Probleme fonctionnel/Fournisseur,,5M,,26-04-2024,12:49:28,NHSALEVOI
100,000313411533,4,1,001001236401,,,,,,,,,,Cloturer : Echange Standard,26-04-2024,Probleme fonctionnel,30-07-2024,Fournisseur,19-04-2024,,,Cloturer : Echange Standard/Probleme fonctionnel/Fournisseur,,5M,,26-04-2024,12:49:29,NHSALEVOI
100,000313411533,5,1,001001236402,,,,,,,,,,Cloturer : Echange Standard,26-04-2024,Probleme fonctionnel,30-07-2024,Fournisseur,19-04-2024,,,Cloturer : Echange Standard/Probleme fonctionnel/Fournisseur,,5M,,26-04-2024,12:49:29,NHSALEVOI
100,000313412013,1,1,001001230749,,,,,,,,,,Cloturer : Echange Standard,26-04-2024,Probleme fonctionnel,30-07-2024,Fournisseur,19-04-2024,,,Cloturer : Echange Standard/Probleme fonctionnel/Fournisseur,,5M,,26-04-2024,12:49:29,NHSALEVOI
100,000313412013,2,1,001001230750,,,,,,,,,,Cloturer : Echange Standard,26-04-2024,Probleme fonctionnel,30-07-2024,Fournisseur,19-04-2024,,,Cloturer : Echange Standard/Probleme fonctionnel/Fournisseur,,5M,,26-04-2024,12:49:29,NHSALEVOI
100,000313412013,3,1,001001230751,,,,,,,,,,Cloturer : Echange Standard,26-04-2024,Probleme fonctionnel,30-07-2024,Fournisseur,19-04-2024,,,Cloturer : Echange Standard/Probleme fonctionnel/Fournisseur,,5M,,26-04-2024,12:49:29,NHSALEVOI
100,000313412446,1,1,001001240489,,,,,,,,,,Cloturer : Piece Bonne,26-04-2024,Probleme fonctionnel,30-07-2024,Fournisseur,19-04-2024,,,Cloturer : Piece Bonne/Probleme fonctionnel/Fournisseur,,5M,,26-04-2024,12:49:29,NHSALEVOI
100,000313412446,2,1,001001240490,,,,,,,,,,Cloturer : Piece Bonne,26-04-2024,Probleme fonctionnel,30-07-2024,Fournisseur,19-04-2024,,,Cloturer : Piece Bonne/Probleme fonctionnel/Fournisseur,,5M,,26-04-2024,12:49:29,NHSALEVOI
100,000313415148,1,1,001001239440,,,,,,,,,,Cloturer : Echange Standard,25-04-2025,Probleme fonctionnel,30-07-2024,Fournisseur,19-04-2024,,,Cloturer : Echange Standard/Probleme fonctionnel/Fournisseur,,5M,,22-05-2025,23:42:31,NHS_BATCH
100,000313415332,1,1,001001231482,,,,,,Physical Repair,17-01-2024,,,,,,,,,,,Physical Repair,,4,,17-01-2024,11:28:45,NHS000448
100,000313415536,1,1,001001310594,,,,,,,,Colis depose en point relais - mail envoye au MMO pour le prevenir (enaccord avec Alexandre),22-04-2024,Cloturer : Shields (Refus RMA),13-09-2024,Probleme fonctionnel,30-07-2024,Fournisseur,19-04-2024,,,Cloturer : Shields (Refus RMA)/Probleme fonctionnel/Fournisseur,,5M,,17-09-2024,01:47:14,NHS_BATCH
100,000313415544,1,1,001001247436,,,,,,,,,,Cloturer : Piece Bonne (NFF CTDI),25-09-2024,Probleme fonctionnel,30-07-2024,Fournisseur,19-04-2024,,,Cloturer : Piece Bonne (NFF CTDI)/Probleme fonctionnel/Fournisseur,,5M,,12-09-2024,01:49:53,NHS_BATCH
100,000313415550,1,1,001001254405,,,,,,,,"Retard : Destinataire ferme, prochaine remise prevue le 04/01/2024",22-04-2024,Cloturer : Piece Bonne,26-04-2024,Probleme fonctionnel,30-07-2024,Fournisseur,19-04-2024,,,Cloturer : Piece Bonne/Probleme fonctionnel/Fournisseur,,5M,,26-04-2024,12:49:29,NHSALEVOI
100,000313415602,1,1,001001256498,,,,,,,,,,Cloturer : Shields (Refus RMA),26-04-2024,Probleme fonctionnel,30-07-2024,Fournisseur,19-04-2024,,,Cloturer : Shields (Refus RMA)/Probleme fonctionnel/Fournisseur,,5M,,26-04-2024,12:49:29,NHSALEVOI
100,000313415602,2,1,001001256499,,,,,,,,,,Cloturer : Shields (Refus RMA),26-04-2024,Probleme fonctionnel,30-07-2024,Fournisseur,19-04-2024,,,Cloturer : Shields (Refus RMA)/Probleme fonctionnel/Fournisseur,,5M,,26-04-2024,12:49:29,NHSALEVOI
100,000313415602,3,1,001001256500,,,,,,,,,,Cloturer : Shields (Refus RMA),26-04-2024,Probleme fonctionnel,30-07-2024,Fournisseur,19-04-2024,,,Cloturer : Shields (Refus RMA)/Probleme fonctionnel/Fournisseur,,5M,,26-04-2024,12:49:29,NHSALEVOI
100,000313418849,1,1,001001236403,,,,,,,,CTDI: Antenne a coder,22-04-2024,Cloturer : Echange Standard,02-08-2024,Probleme fonctionnel,30-07-2024,Fournisseur,19-04-2024,,,Cloturer : Echange Standard/Probleme fonctionnel/Fournisseur,,5M,,02-08-2024,01:21:54,NHS_BATCH
100,000313418857,1,1,001001230754,,,,,,,,,,Cloturer : Echange Standard,26-04-2024,Probleme fonctionnel,30-07-2024,Fournisseur,19-04-2024,,,Cloturer : Echange Standard/Probleme fonctionnel/Fournisseur,,5M,,26-04-2024,12:49:29,NHSALEVOI
100,000313419208,1,1,001001236404,,,,,,,,,,Cloturer : Shields (Refus RMA),25-09-2024,Probleme fonctionnel,30-07-2024,Fournisseur,19-04-2024,,,Cloturer : Shields (Refus RMA)/Probleme fonctionnel/Fournisseur,,5M,,21-09-2024,01:44:08,NHS_BATCH
100,000313420560,1,1,001001230552,,,,,,,,,,,,,,,,,,,,,,,,
100,000313420680,1,1,001001229749,,,,,,,,,,,,,,,,,,,,,,,,
100,000313420698,1,1,001001229374,,,,,,,,,,,,,,,,,,,,,,,,
100,000313421832,1,1,001001243220,,,,,,,,,,Cloturer : Dmd Bytel : Stockage (Refus RMA),26-06-2024,Probleme fonctionnel,30-07-2024,Fournisseur,19-04-2024,,,Cloturer : Dmd Bytel : Stockage (Refus RMA)/Probleme fonctionnel/Fournisseur,,5M,,26-04-2024,12:49:29,NHSALEVOI
100,000313421832,2,1,001001243221,,,,,,,,,,Cloturer : Echange Standard,26-04-2024,Probleme fonctionnel,30-07-2024,Fournisseur,19-04-2024,,,Cloturer : Echange Standard/Probleme fonctionnel/Fournisseur,,5M,,26-04-2024,12:49:29,NHSALEVOI
100,000313421832,3,1,001001243222,,,,,,,,,,Cloturer : Echange Standard,10-04-2024,Probleme fonctionnel,30-07-2024,Fournisseur,19-04-2024,,,Cloturer : Echange Standard/Probleme fonctionnel/Fournisseur,,5M,,04-05-2024,01:20:46,NHS_BATCH
100,000313425607,1,1,001001233984,,,,,,,,,,Cloturer : Echange Standard,26-04-2024,Probleme fonctionnel,30-07-2024,Fournisseur,19-04-2024,,,Cloturer : Echange Standard/Probleme fonctionnel/Fournisseur,,5M,,26-04-2024,12:49:29,NHSALEVOI
100,000313426122,1,1,001001228964,,,,,,,,,,,,,,,,,,,,,,,,
100,000313426136,1,1,001001232427,,,,,,,,,,,,,,,,,,,,,,,,
100,000313426284,1,1,001001228966,,,,,,,,,,,,,,,,,,,,,,,,
100,000313426285,1,1,001001229779,,,,,,,,,,,,,,,,,,,,,,,,
100,000313426412,1,1,001001247437,,,,,,,,,,Cloturer : Shields (Dmd Bytel),07-10-2024,Probleme fonctionnel,30-07-2024,Fournisseur,19-04-2024,,,Cloturer : Shields (Dmd Bytel)/Probleme fonctionnel/Fournisseur,,5M,,09-10-2024,01:46:06,NHS_BATCH
100,000313427027,1,1,001001238848,,,,,,Entwicklung TD 05.02.24,05-02-2024,,,,,,,,,,,Entwicklung TD 05.02.24,,,,05-02-2024,08:38:31,NHS000440
100,000313427237,1,1,001001233770,"CW 01,2025",31-12-2024,03-05-2024,"CW 01,2025;CW 01,2025",31-12-2024,TEST DESIGN/TEST DESIGN/Technischer Support,03-05-2024,,,CQS1546102; keine RMA da OOW,25-09-2024,,,,,,,TEST DESIGN/TEST DESIGN/Technischer Support/CQS1546102; keine RMA da OOW,,5A,,25-09-2024,13:04:31,NHSSPRI03
100,000313427342,1,1,001001231527,,,,,,,,,,,,,,,,,,,,,,,,
100,000313427343,1,1,001001229781,,,,,,,,,,,,,,,,,,,,,,,,
100,000313427869,1,1,001001446319,,,,,,,,,,,,,,,,,,,,,,,,
100,000313427873,1,1,001001445797,,,,,,,,,,,,,,,,,,,,,,,,
100,000313427882,1,1,001001450526,,,,,,,,,,,,,,,,,,,,,,,,
100,000313427885,1,1,001001449099,,,,,,,,,,,,,,,,,,,,,,,,
100,000313427908,1,1,001001448555,,,,,,,,,,,,,,,,,,,,,,,,
100,000313427933,1,1,001001229847,,,,,,,,,,,,,,,,,,,,,,,,
100,000313429317,1,1,001001236405,,,,,,,,,,Cloturer : Echange Standard,26-04-2024,Probleme fonctionnel,30-07-2024,Fournisseur,19-04-2024,,,Cloturer : Echange Standard/Probleme fonctionnel/Fournisseur,,5M,,26-04-2024,12:49:29,NHSALEVOI
100,000313430152,1,1,001001237151,,,,,,,,,,,,,,,,,,,,,,,,
100,000313430428,1,1,,,,,,,,,,,,,,,,,,,,,,,05-01-2024,06:53:30,NHSROCS01
100,000313430511,1,1,,,,,,,,,,,,,,,,,,,,,,,05-01-2024,07:22:15,NHSROCS01
100,000313430513,1,1,,,,,,,,,,,,,,,,,,,,,,,05-01-2024,07:23:42,NHSROCS01
100,000313430516,1,1,,,,,,,,,,,,,,,,,,,,,,,05-01-2024,07:25:53,NHSROCS01
100,000313430523,1,1,,,,,,,,,,,,,,,,,,,,,,,05-01-2024,07:31:44,NHSROCS01
100,000313430525,1,1,,,,,,,,,,,,,,,,,,,,,,,05-01-2024,07:32:34,NHSROCS01
100,000313430529,1,1,,,,,,,,,,,,,,,,,,,,,,,05-01-2024,07:35:52,NHSROCS01
100,000313430562,1,1,,,,,,,,,,,,,,,,,,,,,,,05-01-2024,07:55:22,NHSROCS01
100,000313430564,1,1,,,,,,,,,,,,,,,,,,,,,,,05-01-2024,07:57:29,NHSROCS01
100,000313430567,1,1,,,,,,,,,,,,,,,,,,,,,,,05-01-2024,07:58:52,NHSROCS01
100,000313431196,1,1,001001234707,,,,,,,,,,,,,,,,,,,,,,,,
100,000313431198,1,1,001001226968,,,,,,,,,,,,,,,,,,,,,,,,
100,000313431199,1,1,001001226972,,,,,,,,,,,,,,,,,,,,,,,,
100,000313431200,1,1,001001227068,,,,,,,,,,,,,,,,,,,,,,,,
100,000313431201,1,1,001001227299,,,,,,,,,,,,,,,,,,,,,,,,
100,000313431202,1,1,001001227963,,,,,,,,,,,,,,,,,,,,,,,,
100,000313431203,1,1,001001241128,,,,,,,,,,,,,,,,,,,,,,,,
100,000313431204,1,1,001001227097,,,,,,,,,,,,,,,,,,,,,,,,
100,000313431205,1,1,001001247546,,,,,,,,,,,,,,,,,,,,,,,,
100,000313431206,1,1,001001251772,,,,,,,,,,,,,,,,,,,,,,,,
100,000313431207,1,1,001001227364,,,,,,,,,,,,,,,,,,,,,,,,
100,000313431208,1,1,001001252089,,,,,,,,,,,,,,,,,,,,,,,,
100,000313431209,1,1,001001227643,,,,,,,,,,,,,,,,,,,,,,,,
100,000313431210,1,1,001001227083,,,,,,,,,,,,,,,,,,,,,,,,
100,000313431211,1,1,001001252046,,,,,,,,,,,,,,,,,,,,,,,,
100,000313431212,1,1,001001251776,,,,,,,,,,,,,,,,,,,,,,,,
100,000313431213,1,1,001001242964,,,,,,,,,,,,,,,,,,,,,,,,
100,000313433522,1,1,001001279854,,,,,,,,Advance replacement,06-06-2024,,,,,,,,,,,,,06-06-2024,10:40:15,NHSESLO01
100,000313433902,1,1,001001244815,,,,,,,,,,Cloturer : Echange Standard,26-04-2024,Probleme fonctionnel,30-07-2024,Fournisseur,19-04-2024,,,Cloturer : Echange Standard/Probleme fonctionnel/Fournisseur,,5M,,26-04-2024,12:49:30,NHSALEVOI
100,000313434327,1,1,,,,,,,,,,,,,Probleme fonctionnel,30-07-2024,Fournisseur,19-04-2024,,,Probleme fonctionnel/Fournisseur,,,,30-07-2024,15:59:12,NHSFRSPM30
100,000313434463,1,1,001001264790,,,,,,,,,,Cloturer : Echange Standard,26-06-2024,Probleme fonctionnel,30-07-2024,Fournisseur,19-04-2024,,,Cloturer : Echange Standard/Probleme fonctionnel/Fournisseur,,5M,,27-06-2024,01:13:19,NHS_BATCH
100,000313435832,1,1,001001229795,,,,,,,,,,,,,,,,,,,,,,,,
100,000313435834,1,1,001001230532,,,,,,,,,,,,,,,,,,,,,,,,
100,000313435858,1,1,001001229564,,,,,,,,,,,,,,,,,,,,,,,,
100,000313435862,1,1,001001229714,,,,,,,,,,,,,,,,,,,,,,,,
100,000313435871,1,1,001001230005,,,,,,,,,,,,,,,,,,,,,,,,
100,000313435873,1,1,001001229991,,,,,,,,,,,,,,,,,,,,,,,,
100,000313436368,1,1,001001241014,,,,,,,,,,Cloturer : Shields (Article peint),06-05-2024,Probleme fonctionnel,30-07-2024,Fournisseur,19-04-2024,,,Cloturer : Shields (Article peint)/Probleme fonctionnel/Fournisseur,,5M,,26-04-2024,12:49:30,NHSALEVOI
100,000313436368,2,1,001001241015,,,,,,,,Retard suite a une adresse eronee pour chronopost,22-04-2024,Cloturer : Echange Standard,26-04-2024,Probleme fonctionnel,30-07-2024,Fournisseur,19-04-2024,,,Cloturer : Echange Standard/Probleme fonctionnel/Fournisseur,,5M,,26-04-2024,12:49:30,NHSALEVOI
100,000313436443,1,1,001001445796,,,,,,,,,,,,,,,,,,,,,,,,
100,000313436461,1,1,001001447631,,,,,,,,,,,,,,,,,,,,,,,,
100,000313436492,1,1,001001446317,,,,,,,,,,,,,,,,,,,,,,,,
100,000313437278,1,1,001001350719,,,,,,,,,,,,,,,,,,,,,,,,
100,000313438264,1,1,001001247438,,,,,,,,,,Cloturer : Echange Standard,26-04-2024,Probleme fonctionnel,30-07-2024,Fournisseur,19-04-2024,,,Cloturer : Echange Standard/Probleme fonctionnel/Fournisseur,,5M,,26-04-2024,12:49:30,NHSALEVOI
100,000313438264,2,1,001001247439,,,,,,,,,,Cloturer : Echange Standard,26-04-2024,Probleme fonctionnel,30-07-2024,Fournisseur,19-04-2024,,,Cloturer : Echange Standard/Probleme fonctionnel/Fournisseur,,5M,,26-04-2024,12:49:30,NHSALEVOI
100,000313438264,3,1,001001247440,,,,,,,,,,Cloturer : Echange Standard,26-04-2024,Probleme fonctionnel,30-07-2024,Fournisseur,19-04-2024,,,Cloturer : Echange Standard/Probleme fonctionnel/Fournisseur,,5M,,26-04-2024,12:49:30,NHSALEVOI
100,000313438264,4,1,001001247441,,,,,,,,,,Cloturer : Echange Standard,26-04-2024,Probleme fonctionnel,30-07-2024,Fournisseur,19-04-2024,,,Cloturer : Echange Standard/Probleme fonctionnel/Fournisseur,,5M,,26-04-2024,12:49:30,NHSALEVOI
100,000313438264,5,1,001001247442,,,,,,,,,,Cloturer : Echange Standard,26-04-2024,Probleme fonctionnel,30-07-2024,Fournisseur,19-04-2024,,,Cloturer : Echange Standard/Probleme fonctionnel/Fournisseur,,5M,,26-04-2024,12:49:30,NHSALEVOI
100,000313438264,6,1,001001247443,,,,,,,,,,Cloturer : Echange Standard,26-04-2024,Probleme fonctionnel,30-07-2024,Fournisseur,19-04-2024,,,Cloturer : Echange Standard/Probleme fonctionnel/Fournisseur,,5M,,26-04-2024,12:49:30,NHSALEVOI
100,000313438264,7,1,001001247444,,,,,,,,,,Cloturer : Echange Standard,26-04-2024,Probleme fonctionnel,30-07-2024,Fournisseur,19-04-2024,,,Cloturer : Echange Standard/Probleme fonctionnel/Fournisseur,,5M,,26-04-2024,12:49:30,NHSALEVOI
100,000313438264,8,1,001001247445,,,,,,,,,,Cloturer : Echange Standard,26-04-2024,Probleme fonctionnel,30-07-2024,Fournisseur,19-04-2024,,,Cloturer : Echange Standard/Probleme fonctionnel/Fournisseur,,5M,,26-04-2024,12:49:30,NHSALEVOI
100,000313438264,9,1,001001247446,,,,,,,,,,Cloturer : Echange Standard,26-04-2024,Probleme fonctionnel,30-07-2024,Fournisseur,19-04-2024,,,Cloturer : Echange Standard/Probleme fonctionnel/Fournisseur,,5M,,26-04-2024,12:49:30,NHSALEVOI
100,000313438264,10,1,001001247447,,,,,,,,,,Cloturer : Echange Standard,26-04-2024,Probleme fonctionnel,30-07-2024,Fournisseur,19-04-2024,,,Cloturer : Echange Standard/Probleme fonctionnel/Fournisseur,,5M,,26-04-2024,12:49:30,NHSALEVOI
100,000313438264,11,1,001001247448,,,,,,,,,,Cloturer : Echange Standard,26-04-2024,Probleme fonctionnel,30-07-2024,Fournisseur,19-04-2024,,,Cloturer : Echange Standard/Probleme fonctionnel/Fournisseur,,5M,,26-04-2024,12:49:30,NHSALEVOI
100,000313438264,12,1,001001247449,,,,,,,,,,Cloturer : Echange Standard,26-04-2024,Probleme fonctionnel,30-07-2024,Fournisseur,19-04-2024,,,Cloturer : Echange Standard/Probleme fonctionnel/Fournisseur,,5M,,26-04-2024,12:49:30,NHSALEVOI
100,000313438264,13,1,001001247450,,,,,,,,,,Cloturer : Echange Standard,26-04-2024,Probleme fonctionnel,30-07-2024,Fournisseur,19-04-2024,,,Cloturer : Echange Standard/Probleme fonctionnel/Fournisseur,,5M,,26-04-2024,12:49:30,NHSALEVOI
100,000313438264,14,1,001001247451,,,,,,,,,,Cloturer : Echange Standard,26-04-2024,Probleme fonctionnel,30-07-2024,Fournisseur,19-04-2024,,,Cloturer : Echange Standard/Probleme fonctionnel/Fournisseur,,5M,,26-04-2024,12:49:30,NHSALEVOI
100,000313438264,15,1,001001247452,,,,,,,,,,Cloturer : Echange Standard,26-04-2024,Probleme fonctionnel,30-07-2024,Fournisseur,19-04-2024,,,Cloturer : Echange Standard/Probleme fonctionnel/Fournisseur,,5M,,26-04-2024,12:49:30,NHSALEVOI
100,000313438264,16,1,001001247453,,,,,,,,,,Cloturer : Echange Standard,26-04-2024,Probleme fonctionnel,30-07-2024,Fournisseur,19-04-2024,,,Cloturer : Echange Standard/Probleme fonctionnel/Fournisseur,,5M,,26-04-2024,12:49:30,NHSALEVOI
100,000313438264,17,1,001001247454,,,,,,,,,,Cloturer : Echange Standard,26-04-2024,Probleme fonctionnel,30-07-2024,Fournisseur,19-04-2024,,,Cloturer : Echange Standard/Probleme fonctionnel/Fournisseur,,5M,,26-04-2024,12:49:30,NHSALEVOI
100,000313438264,18,1,,,,,,,,,Cloture : demande d'Alexandre K. le 19/03/2024,19-07-2024,,,Probleme fonctionnel,30-07-2024,Fournisseur,19-04-2024,,,Probleme fonctionnel/Fournisseur,,,,30-07-2024,15:59:12,NHSFRSPM30
100,000313439899,1,1,001001237076,,,,,,,,,,Cloturer : Echange Standard,26-04-2024,Probleme fonctionnel,30-07-2024,Fournisseur,19-04-2024,,,Cloturer : Echange Standard/Probleme fonctionnel/Fournisseur,,5M,,26-04-2024,12:49:30,NHSALEVOI
100,000313440122,1,1,001001232929,,,,,,TD Entwicklung nötig/Übergabe RS11 (22.01.24 MT),31-10-2024,,,,,,,,,,,TD Entwicklung nötig/Übergabe RS11 (22.01.24 MT),,,,31-10-2024,11:05:57,NHS000445
100,000313440180,1,1,001001232930,,,,,,TD Entwicklung nötig/Übergabe RS11 (22.01.24 MT),31-10-2024,,,,,,,,,,,TD Entwicklung nötig/Übergabe RS11 (22.01.24 MT),,,,31-10-2024,11:07:11,NHS000445
100,000313440383,1,1,001001242417,,,,,,,,,,,,,,,,,,,,,,,,
100,000313441490,1,1,001001234850,,,,,,,,,,,,,,,,,,,,,,,,
100,000313441684,1,1,001001254406,,,,,,,,Colis retourne par chronopost,22-04-2024,Cloturer : Echange Standard,26-04-2024,Probleme fonctionnel,30-07-2024,Fournisseur,19-04-2024,,,Cloturer : Echange Standard/Probleme fonctionnel/Fournisseur,,5M,,26-04-2024,12:49:30,NHSALEVOI
100,000313441689,1,1,001001258786,,,,,,,,,,Cloturer : Piece Bonne (NFF CTDI),25-09-2024,Probleme fonctionnel,30-07-2024,Fournisseur,19-04-2024,,,Cloturer : Piece Bonne (NFF CTDI)/Probleme fonctionnel/Fournisseur,,5M,,12-09-2024,01:49:53,NHS_BATCH
100,000313441689,2,1,001001258787,,,,,,,,,,Cloturer : Shields (Refus RMA),25-09-2024,Probleme fonctionnel,30-07-2024,Fournisseur,19-04-2024,,,Cloturer : Shields (Refus RMA)/Probleme fonctionnel/Fournisseur,,5M,,12-09-2024,01:49:53,NHS_BATCH
100,000313441691,1,1,001001258788,,,,,,,,,,Cloturer : Shields (Refus RMA),25-09-2024,Probleme fonctionnel,30-07-2024,Fournisseur,19-04-2024,,,Cloturer : Shields (Refus RMA)/Probleme fonctionnel/Fournisseur,,5M,,21-09-2024,01:44:08,NHS_BATCH
100,000313441702,1,1,001001239441,,,,,,,,,,Cloturer : Echange Standard,10-04-2024,Probleme fonctionnel,30-07-2024,Fournisseur,19-04-2024,,,Cloturer : Echange Standard/Probleme fonctionnel/Fournisseur,,5M,,04-05-2024,01:20:46,NHS_BATCH
100,000313445322,1,1,001001238974,"CW 01,2025",31-12-2024,03-05-2024,"CW 01,2025;CW 01,2025;CW 01,2025",31-12-2024,TEST DESIGN/TEST DESIGN/TECHN. SUPPORT,03-05-2024,,,CQS1546104; OOW Vendor erteilt keine RMA,25-09-2024,,,,,,,TEST DESIGN/TEST DESIGN/TECHN. SUPPORT/CQS1546104; OOW Vendor erteilt keine RMA,,5A,,25-09-2024,13:05:52,NHSSPRI03
100,000313445514,1,1,001001240931,,,,,,Supply request 27.11.24/difficult repair (08.02.24 MT),27-11-2024,,,,,,,,,,,Supply request 27.11.24/difficult repair (08.02.24 MT),,5,,27-11-2024,11:51:51,NHS050084
100,000313446018,1,1,001001258789,,,,,,,,Colis retarde a l'agence car Chronopost n'aurait pas toute lesinformations.Toute les informations donner le 22/01/2024,22-04-2024,Cloturer : Echange Standard,26-04-2024,Probleme fonctionnel,30-07-2024,Fournisseur,19-04-2024,,,Cloturer : Echange Standard/Probleme fonctionnel/Fournisseur,,5M,,26-04-2024,12:49:31,NHSALEVOI
100,000313446727,1,1,001001240848,"CW 01,2025",31-12-2024,03-05-2024,"CW 01,2025;CW 01,2025;CW 01,2025",31-12-2024,TEST DESIGN/TEST DESIGN/TECHN. SUPPORT,03-05-2024,,,CQS1546341; OOW Vendor erteilt keine RMA,25-09-2024,,,,,,,TEST DESIGN/TEST DESIGN/TECHN. SUPPORT/CQS1546341; OOW Vendor erteilt keine RMA,,5A,,25-09-2024,13:07:04,NHSSPRI03
100,000313447933,1,1,001001254407,,,,,,,,,,Cloturer : Echange Standard,26-04-2024,Probleme fonctionnel,30-07-2024,Fournisseur,19-04-2024,,,Cloturer : Echange Standard/Probleme fonctionnel/Fournisseur,,5M,,26-04-2024,12:49:31,NHSALEVOI
100,000313448861,1,1,001001339946,,,,,,,,,,,,,,,,,,,,,,,,
100,000313448862,1,1,001001363041,,,,,,,,,,,,,,,,,,,,,,,,
100,000313448863,1,1,001001233538,,,,,,,,,,,,,,,,,,,,,,,,
100,000313448864,1,1,001001256364,,,,,,,,,,,,,,,,,,,,,,,,
100,000313448865,1,1,001001258890,,,,,,,,,,,,,,,,,,,,,,,,
100,000313448866,1,1,001001233544,,,,,,,,,,,,,,,,,,,,,,,,
100,000313448867,1,1,001001232337,,,,,,,,,,,,,,,,,,,,,,,,
100,000313450622,1,1,001001236411,,,,,,,,,,Cloturer : Echange Standard,26-04-2024,Probleme fonctionnel,30-07-2024,Fournisseur,19-04-2024,,,Cloturer : Echange Standard/Probleme fonctionnel/Fournisseur,,5M,,26-04-2024,12:49:31,NHSALEVOI
100,000313450828,1,1,001001240851,"CW 01,2025",31-12-2024,03-05-2024,"CW 01,2025;CW 01,2025",31-12-2024,TEST DESIGN/TEST DESIGN/TECHN. SUPPORT,03-05-2024,,,CQS1546108/RMA Beantragung,12-12-2024,,,,,,,TEST DESIGN/TEST DESIGN/TECHN. SUPPORT/CQS1546108/RMA Beantragung,,5A,,12-12-2024,08:55:43,NHSSPRI03
100,000313451053,1,1,001001243223,,,,,,,,Codage antennaire necessaire,22-04-2024,Cloturer: Shields (Refus RMA),26-06-2024,Probleme fonctionnel,30-07-2024,Fournisseur,19-04-2024,,,Cloturer: Shields (Refus RMA)/Probleme fonctionnel/Fournisseur,,5M,,26-04-2024,12:49:31,NHSALEVOI
100,000313453594,1,1,001001267192,,,,,,,,,,Cloturer : Echange Standard,24-05-2024,Probleme fonctionnel,30-07-2024,Fournisseur,19-04-2024,,,Cloturer : Echange Standard/Probleme fonctionnel/Fournisseur,,5M,,17-05-2024,01:00:55,NHS_BATCH
100,000313453664,1,1,001001258790,,,,,,,,Mis en Point relai par chronopost,22-04-2024,Cloturer : Piece Bonne,26-04-2024,Probleme fonctionnel,30-07-2024,Fournisseur,19-04-2024,,,Cloturer : Piece Bonne/Probleme fonctionnel/Fournisseur,,5M,,26-04-2024,12:49:31,NHSALEVOI
100,000313454795,1,1,001001249074,,,,,,,,,,Cloturer : Echange Standard,03-05-2024,Probleme fonctionnel,30-07-2024,Fournisseur,19-04-2024,,,Cloturer : Echange Standard/Probleme fonctionnel/Fournisseur,,5M,,02-05-2024,12:45:48,NHSALEVOI
100,000313455405,1,1,001001254408,,,,,,,,"CTDI : Destinataire absent lors du passage du livreur Chronopost le29/01/2024 a 10:06 / Livre le 30,01,2024",22-04-2024,Cloturer: Shields (Refus RMA),26-06-2024,Probleme fonctionnel,30-07-2024,Fournisseur,19-04-2024,,,Cloturer: Shields (Refus RMA)/Probleme fonctionnel/Fournisseur,,5M,,26-04-2024,12:49:31,NHSALEVOI
100,000313456429,1,1,001001267193,,,,,,,,Colis retour perdu par Chronopost le 21/02 - a cloturer,22-04-2024,Cloturer : Shields (Refus RMA),14-05-2024,Probleme fonctionnel,30-07-2024,Fournisseur,19-04-2024,,,Cloturer : Shields (Refus RMA)/Probleme fonctionnel/Fournisseur,,5M,,15-05-2024,01:08:04,NHS_BATCH
100,000313456594,1,1,001001234307,,,,,,,,,,,,,,,,,,,,,,,,
100,000313456595,1,1,001001299620,,,,,,,,,,,,,,,,,,,,,,,,
100,000313456596,1,1,001001339947,,,,,,,,,,,,,,,,,,,,,,,,
100,000313456597,1,1,001001235032,,,,,,,,,,,,,,,,,,,,,,,,
100,000313456598,1,1,001001237293,,,,,,,,,,,,,,,,,,,,,,,,
100,000313456599,1,1,001001340255,,,,,,,,,,,,,,,,,,,,,,,,
100,000313456600,1,1,001001251069,,,,,,,,,,,,,,,,,,,,,,,,
100,000313456601,1,1,001001333522,,,,,,,,,,,,,,,,,,,,,,,,
100,000313459857,1,1,001001238072,,,,,,LOTE_280,02-02-2024,,,LOTE_280,09-02-2024,,,,,,,LOTE_280/LOTE_280,,,,09-02-2024,10:14:25,NHSROCARI
100,000313459987,1,1,001001277978,,,,,,,,"Livre le 30,01,2024",22-04-2024,Cloturer : Shields (Refus RMA),13-09-2024,Probleme fonctionnel,30-07-2024,Fournisseur,19-04-2024,,,Cloturer : Shields (Refus RMA)/Probleme fonctionnel/Fournisseur,,5M,,17-09-2024,01:47:14,NHS_BATCH
100,000313460015,1,1,001001247455,,,,,,,,,,Cloturer : Echange Standard,26-04-2024,Probleme fonctionnel,30-07-2024,Fournisseur,19-04-2024,,,Cloturer : Echange Standard/Probleme fonctionnel/Fournisseur,,5M,,26-04-2024,12:49:31,NHSALEVOI
100,000313460548,1,1,001001258791,,,,,,,,Colis en cours d'acheminement,22-04-2024,Cloturer : Echange Standard,26-06-2024,Erreur de livraison,05-12-2024,CTDI,19-04-2024,,,Cloturer : Echange Standard/Erreur de livraison/CTDI,,5M,,27-06-2024,01:13:19,NHS_BATCH
100,000313460548,2,1,001001258792,,,,,,,,,,Cloturer : Piece Bonne (NFF CTDI),25-09-2024,Probleme fonctionnel,30-07-2024,Fournisseur,19-04-2024,,,Cloturer : Piece Bonne (NFF CTDI)/Probleme fonctionnel/Fournisseur,,5M,,12-09-2024,01:49:54,NHS_BATCH
100,000313460590,1,1,001001258793,,,,,,,,,,Cloturer : Echange Standard,26-04-2024,Probleme fonctionnel,30-07-2024,Fournisseur,19-04-2024,,,Cloturer : Echange Standard/Probleme fonctionnel/Fournisseur,,5M,,26-04-2024,12:49:31,NHSALEVOI
100,000313462332,1,1,001001244630,,,,,,,,,,,,,,,,,,,,,,,,
100,000313462977,1,1,001001267194,,,,,,,,,,Cloturer : Echange Standard,24-05-2024,Probleme fonctionnel,30-07-2024,Fournisseur,19-04-2024,,,Cloturer : Echange Standard/Probleme fonctionnel/Fournisseur,,5M,,17-05-2024,01:00:56,NHS_BATCH
100,000313463298,1,1,001001254409,,,,,,,,,,Cloturer : Piece Bonne,26-04-2024,Probleme fonctionnel,30-07-2024,Fournisseur,19-04-2024,,,Cloturer : Piece Bonne/Probleme fonctionnel/Fournisseur,,5M,,26-04-2024,12:49:31,NHSALEVOI
100,000313463298,2,1,001001254410,,,,,,,,,,Cloturer : Piece Bonne,26-04-2024,Probleme fonctionnel,30-07-2024,Fournisseur,19-04-2024,,,Cloturer : Piece Bonne/Probleme fonctionnel/Fournisseur,,5M,,26-04-2024,12:49:31,NHSALEVOI
100,000313463298,3,1,001001254411,,,,,,,,,,Cloturer : Piece Bonne,26-04-2024,Probleme fonctionnel,30-07-2024,Fournisseur,19-04-2024,,,Cloturer : Piece Bonne/Probleme fonctionnel/Fournisseur,,5M,,26-04-2024,12:49:31,NHSALEVOI
100,000313463298,4,1,001001254412,,,,,,,,,,Cloturer : Piece Bonne,26-04-2024,Probleme fonctionnel,30-07-2024,Fournisseur,19-04-2024,,,Cloturer : Piece Bonne/Probleme fonctionnel/Fournisseur,,5M,,26-04-2024,12:49:31,NHSALEVOI
100,000313463580,1,1,001001333541,,,,,,,,,,,,,,,,,,,,,,,,
100,000313463585,1,1,001001333539,,,,,,,,,,,,,,,,,,,,,,,,
100,000313465390,1,1,,,,,,,,,,,RMA BEANTRAGUNG,03-06-2025,,,,,,,RMA BEANTRAGUNG,,,,03-06-2025,10:41:07,NHS000828
100,000313466254,1,1,001001243224,,,,,,,,,,Cloturer : Piece Bonne,26-06-2024,Rajout en accord avec DCI/Do infra / SCM,05-12-2024,MMO,19-04-2024,,,Cloturer : Piece Bonne/Rajout en accord avec DCI/Do infra / SCM/MMO,,5M,,26-04-2024,12:49:31,NHSALEVOI
100,000313466254,2,1,001001243225,,,,,,,,,,Cloturer : Piece Bonne,26-06-2024,Rajout en accord avec DCI/Do infra / SCM,05-12-2024,MMO,19-04-2024,,,Cloturer : Piece Bonne/Rajout en accord avec DCI/Do infra / SCM/MMO,,5M,,26-04-2024,12:49:31,NHSALEVOI
100,000313466254,3,1,001001243226,,,,,,,,,,Cloturer : Piece Bonne,26-06-2024,Rajout en accord avec DCI/Do infra / SCM,05-12-2024,MMO,19-04-2024,,,Cloturer : Piece Bonne/Rajout en accord avec DCI/Do infra / SCM/MMO,,5M,,26-04-2024,12:49:31,NHSALEVOI
100,000313466259,1,1,001001245433,,,,,,,,,,Cloturer : Piece Bonne,26-06-2024,Rajout en accord avec DCI/Do infra / SCM,05-12-2024,MMO,19-04-2024,,,Cloturer : Piece Bonne/Rajout en accord avec DCI/Do infra / SCM/MMO,,5M,,26-04-2024,12:49:31,NHSALEVOI
100,000313466259,2,1,001001245434,,,,,,,,,,Cloturer : Piece Bonne,10-04-2024,Rajout en accord avec DCI/Do infra / SCM,05-12-2024,MMO,19-04-2024,,,Cloturer : Piece Bonne/Rajout en accord avec DCI/Do infra / SCM/MMO,,5M,,06-05-2024,10:41:46,NHSALEVOI
100,000313466259,3,1,001001245435,,,,,,,,,,Cloturer : Piece Bonne,26-06-2024,Rajout en accord avec DCI/Do infra / SCM,05-12-2024,MMO,19-04-2024,,,Cloturer : Piece Bonne/Rajout en accord avec DCI/Do infra / SCM/MMO,,5M,,26-04-2024,12:49:32,NHSALEVOI
100,000313466261,1,1,001001243227,,,,,,,,,,Cloturer : Piece Bonne,26-06-2024,Rajout en accord avec DCI/Do infra / SCM,05-12-2024,MMO,19-04-2024,,,Cloturer : Piece Bonne/Rajout en accord avec DCI/Do infra / SCM/MMO,,5M,,26-04-2024,12:49:32,NHSALEVOI
100,000313466261,2,1,001001243228,,,,,,,,,,Cloturer : Piece Bonne,26-06-2024,Rajout en accord avec DCI/Do infra / SCM,05-12-2024,MMO,19-04-2024,,,Cloturer : Piece Bonne/Rajout en accord avec DCI/Do infra / SCM/MMO,,5M,,26-04-2024,12:49:32,NHSALEVOI
100,000313466261,3,1,001001243229,,,,,,,,,,Cloturer : Piece Bonne,26-06-2024,Rajout en accord avec DCI/Do infra / SCM,05-12-2024,MMO,19-04-2024,,,Cloturer : Piece Bonne/Rajout en accord avec DCI/Do infra / SCM/MMO,,5M,,26-04-2024,12:49:32,NHSALEVOI
100,000313466434,1,1,001001248046,,,,,,Tech. Support (28.02.24 MT),28-02-2024,,,,,,,,,,,Tech. Support (28.02.24 MT),,,,28-02-2024,07:51:32,NHS001462
100,000313466691,1,1,001001243299,,,,,,,,,,,,,,,,,,,,,,,,
100,000313466984,1,1,001001248583,,,,,,,,,,Cloturer : Echange Standard,26-06-2024,Probleme fonctionnel,30-07-2024,Fournisseur,19-04-2024,,,Cloturer : Echange Standard/Probleme fonctionnel/Fournisseur,,5M,,27-06-2024,01:13:19,NHS_BATCH
100,000313467263,1,1,001001363040,,,,,,,,,,,,,,,,,,,,,,,,
100,000313467264,1,1,001001348764,,,,,,,,,,,,,,,,,,,,,,,,
100,000313467683,1,1,001001260613,,,,,,,,Colis retour perdu par Chronopost le 11/03 - a cloturer,22-04-2024,Cloturer : Piece Bonne,26-04-2024,Erreur de saisie/commande ETOS,05-12-2024,MMO,19-04-2024,Erreur lors de la demande de changement  - Capot Anti pluie au lieu deKit toit-socle V2,19-04-2024,Erreur lors de la demande de changement  - Capot Anti pluie au lieu deKit toit-socle V2/Cloturer : Piece Bonne/Erreur de saisie/commande ETOS/MMO,,5M,,05-04-2024,01:14:49,NHS_BATCH
100,000313468675,1,1,001001258794,,,,,,,,CTDI : Codage antenne,22-04-2024,Cloturer : Shields (COMSCOPE),26-04-2024,Probleme fonctionnel,30-07-2024,Fournisseur,19-04-2024,Antenne H.S indique par l'am#nageur,19-04-2024,Antenne H.S indique par l'am#nageur/Cloturer : Shields (COMSCOPE)/Probleme fonctionnel/Fournisseur,,5M,,26-04-2024,12:49:32,NHSALEVOI
100,000313468747,1,1,001001264791,,,,,,,,,,Cloturer : Echange Standard,25-04-2025,Probleme fonctionnel,30-07-2024,Fournisseur,19-04-2024,IDU H.S indique par l'am#nageur,19-04-2024,IDU H.S indique par l'am#nageur/Cloturer : Echange Standard/Probleme fonctionnel/Fournisseur,,5M,,22-05-2025,23:42:31,NHS_BATCH
100,000313469966,1,1,001001291427,,,,,,,,,,Cloturer : Echange Standard,29-07-2024,Erreur de livraison,05-12-2024,CTDI,19-04-2024,ODU H.S indique par l'am#nageur,19-04-2024,ODU H.S indique par l'am#nageur/Cloturer : Echange Standard/Erreur de livraison/CTDI,,5M,,27-07-2024,00:41:29,NHS_BATCH
100,000313470159,1,1,001001241018,,,,,,,,,,Cloturer : Echange Standard,26-04-2024,Probleme fonctionnel,30-07-2024,Fournisseur,19-04-2024,Baseband H.S indique par l'am#nageur,19-04-2024,Baseband H.S indique par l'am#nageur/Cloturer : Echange Standard/Probleme fonctionnel/Fournisseur,,5M,,26-04-2024,12:49:32,NHSALEVOI
100,000313470561,1,1,001001256653,"CW 01,2025",31-12-2024,20-03-2024,"CW 01,2025",,Under development,20-03-2024,,,,,,,,,,,Under development,,3,,20-03-2024,10:27:18,NHS000448
100,000313474420,1,1,001001256501,,,,,,,,,,Cloturer : Piece Bonne,26-04-2024,Probleme fonctionnel,30-07-2024,Fournisseur,19-04-2024,Impossibilite de joindre le site B - Changement ODU,19-04-2024,Impossibilite de joindre le site B - Changement ODU/Cloturer : Piece Bonne/Probleme fonctionnel/Fournisseur,,5M,,26-04-2024,12:49:32,NHSALEVOI
100,000313474420,2,1,001001273589,,,,,,,,Materiel absent de la palette renvoyee par le MMO le 19/03,22-04-2024,Cloturer : Echange Standard,25-04-2025,Probleme fonctionnel,30-07-2024,Fournisseur,19-04-2024,Impossibilite de joindre le site B - Changement ODU,19-04-2024,Impossibilite de joindre le site B - Changement ODU/Cloturer : Echange Standard/Probleme fonctionnel/Fournisseur,,5M,,22-05-2025,23:42:31,NHS_BATCH
100,000313475704,1,1,001001272114,,,,,,,,,,,,,,,,,,,,,,,,
100,000313476002,1,1,001001249075,,,,,,,,,,Cloturer : Echange Standard,03-05-2024,Probleme fonctionnel,30-07-2024,Fournisseur,19-04-2024,Antenne H.S indique par l'am#nageur,19-04-2024,Antenne H.S indique par l'am#nageur/Cloturer : Echange Standard/Probleme fonctionnel/Fournisseur,,5M,,30-04-2024,01:17:35,NHS_BATCH
100,000313476002,2,1,001001249076,,,,,,,,,,Cloturer : Echange Standard,03-05-2024,Probleme fonctionnel,30-07-2024,Fournisseur,19-04-2024,Antenne H.S indique par l'am#nageur,19-04-2024,Antenne H.S indique par l'am#nageur/Cloturer : Echange Standard/Probleme fonctionnel/Fournisseur,,5M,,30-04-2024,01:17:36,NHS_BATCH
100,000313476002,3,1,001001249077,,,,,,,,,,Cloturer : Echange Standard,03-05-2024,Probleme fonctionnel,30-07-2024,Fournisseur,19-04-2024,Antenne H.S indique par l'am#nageur,19-04-2024,Antenne H.S indique par l'am#nageur/Cloturer : Echange Standard/Probleme fonctionnel/Fournisseur,,5M,,30-04-2024,01:17:36,NHS_BATCH
100,000313476327,1,1,001001244012,,,,,,TD Entwicklung nötig,16-02-2024,,,,,,,,,,,TD Entwicklung nötig,,3,,16-02-2024,10:55:15,NHS000033
100,000313476820,1,1,001001241218,,,,,,,,,,,,,,,,,,,,,,,,
100,000313476821,1,1,001001245977,,,,,,,,,,,,,,,,,,,,,,,,
100,000313476822,1,1,001001241925,,,,,,,,,,,,,,,,,,,,,,,,
100,000313476823,1,1,001001241062,,,,,,,,,,,,,,,,,,,,,,,,
100,000313476824,1,1,001001251089,,,,,,,,,,,,,,,,,,,,,,,,
100,000313476825,1,1,001001273543,,,,,,,,,,,,,,,,,,,,,,,,
100,000313476826,1,1,001001279739,,,,,,,,,,,,,,,,,,,,,,,,
100,000313476827,1,1,001001331616,,,,,,,,,,,,,,,,,,,,,,,,
100,000313476828,1,1,001001241206,,,,,,,,,,,,,,,,,,,,,,,,
100,000313476829,1,1,001001241929,,,,,,,,,,,,,,,,,,,,,,,,
100,000313476830,1,1,001001242561,,,,,,,,,,,,,,,,,,,,,,,,
100,000313476831,1,1,001001241923,,,,,,,,,,,,,,,,,,,,,,,,
100,000313477103,1,1,001001254413,,,,,,,,,,Cloturer : Piece Bonne (NFF CTDI),25-09-2024,Probleme fonctionnel,30-07-2024,Fournisseur,19-04-2024,Carte UBBPG2 indique H.S par l'amenageur,19-04-2024,Carte UBBPG2 indique H.S par l'amenageur/Cloturer : Piece Bonne (NFF CTDI)/Probleme fonctionnel/Fournisseur,,5M,,12-09-2024,01:49:54,NHS_BATCH
100,000313477103,2,1,001001254414,,,,,,,,,,Cloturer : Echange Standard,26-04-2024,Probleme fonctionnel,30-07-2024,Fournisseur,19-04-2024,RRU indique H.S par l'amenageur,19-04-2024,RRU indique H.S par l'amenageur/Cloturer : Echange Standard/Probleme fonctionnel/Fournisseur,,5M,,26-04-2024,12:49:32,NHSALEVOI
100,000313478116,1,1,001001271131,,,,,,,,,,Cloturer : Echange Standard,26-06-2024,Probleme fonctionnel,30-07-2024,Fournisseur,19-04-2024,RRU indique H.S par l'amenageur,19-04-2024,RRU indique H.S par l'amenageur/Cloturer : Echange Standard/Probleme fonctionnel/Fournisseur,,5M,,27-06-2024,01:13:19,NHS_BATCH
100,000313478379,1,1,001001254415,,,,,,,,,,Cloturer : Piece Bonne,26-04-2024,Erreur de livraison,05-12-2024,CTDI,19-04-2024,Erreur livraison r#f#rence ODU par CTDI,19-04-2024,Erreur livraison r#f#rence ODU par CTDI/Cloturer : Piece Bonne/Erreur de livraison/CTDI,,5M,,26-04-2024,12:49:32,NHSALEVOI
100,000313478474,1,1,001001338473,,,,,,,,,,,,,,,,TAU-24-120,24-10-2024,TAU-24-120,,5,,24-10-2024,15:09:22,NHSITPM03
100,000313478475,1,1,001001338474,,,,,,,,,,,,,,,,TAU-24-120,24-10-2024,TAU-24-120,,5,,24-10-2024,15:09:22,NHSITPM03
100,000313478476,1,1,001001338475,,,,,,,,,,,,,,,,tau24-1202,24-10-2024,tau24-1202,,5,,24-10-2024,15:09:22,NHSITPM03
100,000313478719,1,1,001001249079,,,,,,,,,,Cloturer : Piece Bonne,26-06-2024,Erreur de livraison,05-12-2024,CTDI,19-04-2024,Erreur livraison r#f#rence ODU par CTDI,19-04-2024,Erreur livraison r#f#rence ODU par CTDI/Cloturer : Piece Bonne/Erreur de livraison/CTDI,,5M,,26-04-2024,12:49:32,NHSALEVOI
100,000313478719,2,1,001001249080,,,,,,,,,,Cloturer : Piece Bonne,26-06-2024,Erreur de livraison,05-12-2024,CTDI,19-04-2024,Erreur livraison r#f#rence ODU par CTDI,19-04-2024,Erreur livraison r#f#rence ODU par CTDI/Cloturer : Piece Bonne/Erreur de livraison/CTDI,,5M,,26-04-2024,12:49:32,NHSALEVOI
100,000313479451,1,1,001001254416,,,,,,,,,,Cloturer : Shields (COMSCOPE),26-04-2024,Probleme fonctionnel,30-07-2024,Fournisseur,19-04-2024,RRU indique H.S par l'amenageur,19-04-2024,RRU indique H.S par l'amenageur/Cloturer : Shields (COMSCOPE)/Probleme fonctionnel/Fournisseur,,5M,,26-04-2024,12:49:32,NHSALEVOI
100,000313480147,1,1,001001256654,"CW 01,2025",31-12-2024,20-03-2024,"CW 01,2025",,Under development,20-03-2024,,,,,,,,,,,Under development,,3,,20-03-2024,10:28:18,NHS000448
100,000313482120,1,1,001001258795,,,,,,,,,,Cloturer : Echange Standard,26-04-2024,Probleme fonctionnel,30-07-2024,Fournisseur,19-04-2024,Probleme fonctinnel sur la fr#quence 700 de la Baseband ERI 6631,19-04-2024,Probleme fonctinnel sur la fr#quence 700 de la Baseband ERI 6631/Cloturer : Echange Standard/Probleme fonctionnel/Fournisseur,,5M,,26-04-2024,12:49:32,NHSALEVOI
100,000313482261,1,1,001001242600,,,,,,LOTE_281,14-02-2024,,,LOTE_281,15-02-2024,,,,,,,LOTE_281/LOTE_281,,,,15-02-2024,11:48:08,NHSROCARI
100,000313482262,1,1,001001242574,,,,,,LOTE_281,14-02-2024,,,LOTE_281,15-02-2024,,,,,,,LOTE_281/LOTE_281,,,,15-02-2024,11:48:06,NHSROCARI
100,000313482263,1,1,001001242428,,,,,,LOTE_281,14-02-2024,,,LOTE_281,15-02-2024,,,,,,,LOTE_281/LOTE_281,,,,15-02-2024,11:48:08,NHSROCARI
100,000313482415,1,1,001001254910,,,,,,,,,,Cloturer : Piece Bonne,26-04-2024,Probleme fonctionnel,30-07-2024,Fournisseur,19-04-2024,Impossibilite d'inserer le script dans l'ODU inidque par l'amenageur,19-04-2024,Impossibilite d'inserer le script dans l'ODU inidque par l'amenageur/Cloturer : Piece Bonne/Probleme fonctionnel/Fournisseur,,5M,,26-04-2024,12:49:32,NHSALEVOI
100,000313482415,2,1,001001254911,,,,,,,,,,Cloturer : Piece Bonne,26-04-2024,Probleme fonctionnel,30-07-2024,Fournisseur,19-04-2024,Impossibilite d'inserer le script dans l'ODU inidque par l'amenageur,19-04-2024,Impossibilite d'inserer le script dans l'ODU inidque par l'amenageur/Cloturer : Piece Bonne/Probleme fonctionnel/Fournisseur,,5M,,26-04-2024,12:49:32,NHSALEVOI
100,000313482419,1,1,001001323006,,,,,,,,,,Cloturer : Shields (Refus RMA),08-10-2024,Probleme fonctionnel,30-07-2024,Fournisseur,19-04-2024,Carte UBBPG2 indique H.S par l'amenageur - un ticket BYTEL a etait creer,19-04-2024,Carte UBBPG2 indique H.S par l'amenageur - un ticket BYTEL a etait creer/Cloturer : Shields (Refus RMA)/Probleme fonctionnel/Fournisseur,,5M,,09-10-2024,01:46:06,NHS_BATCH
100,000313482422,1,1,001001254912,,,,,,,,,,Cloturer : Echange Standard,26-04-2024,Probleme fonctionnel,30-07-2024,Fournisseur,19-04-2024,Probleme de ROS sur le RRU indique par l'amenageur,19-04-2024,Probleme de ROS sur le RRU indique par l'amenageur/Cloturer : Echange Standard/Probleme fonctionnel/Fournisseur,,5M,,26-04-2024,12:49:32,NHSALEVOI
100,000313483301,1,1,001001267195,,,,,,,,,,Cloturer : Shields (Refus RMA),26-06-2024,Probleme Qualite REUSE,05-12-2024,Fournisseur,19-04-2024,Equipement non ouvert avant expedition - Equipement reconditionne -incoherence entre carton et equipement reel,19-04-2024,Equipement non ouvert avant expedition - Equipement reconditionne -incoherence entre carton et equipement reel/Cloturer : Shields (Refus RMA)/Probleme Qualite REUSE/Fournisseur,,5M,,15-05-2024,01:08:04,NHS_BATCH
100,000313483301,2,1,001001267196,,,,,,,,,,Cloturer : Shields (Refus RMA),26-06-2024,Probleme Qualite REUSE,05-12-2024,Fournisseur,19-04-2024,Equipement non ouvert avant expedition - Equipement reconditionne -incoherence entre carton et equipement reel,19-04-2024,Equipement non ouvert avant expedition - Equipement reconditionne -incoherence entre carton et equipement reel/Cloturer : Shields (Refus RMA)/Probleme Qualite REUSE/Fournisseur,,5M,,15-05-2024,01:08:04,NHS_BATCH
100,000313483301,3,1,001001267197,,,,,,,,,,Cloturer : Piece Bonne,26-04-2024,Probleme Qualite REUSE,05-12-2024,Fournisseur,19-04-2024,Equipement non ouvert avant expedition - Equipement reconditionne -incoherence entre carton et equipement reel,19-04-2024,Equipement non ouvert avant expedition - Equipement reconditionne -incoherence entre carton et equipement reel/Cloturer : Piece Bonne/Probleme Qualite REUSE/Fournisseur,,5M,,25-04-2024,01:12:00,NHS_BATCH
100,000313483301,4,1,001001267198,,,,,,,,,,Cloturer : Piece Bonne,26-04-2024,Probleme Qualite REUSE,05-12-2024,Fournisseur,19-04-2024,Equipement non ouvert avant expedition - Equipement reconditionne -incoherence entre carton et equipement reel,19-04-2024,Equipement non ouvert avant expedition - Equipement reconditionne -incoherence entre carton et equipement reel/Cloturer : Piece Bonne/Probleme Qualite REUSE/Fournisseur,,5M,,25-04-2024,01:12:01,NHS_BATCH
100,000313483377,1,1,001001254913,,,,,,,,Codage antennaire necessaire,22-04-2024,Cloturer : Echange Standard,26-06-2024,Probleme fonctionnel,30-07-2024,Fournisseur,19-04-2024,Probleme de ROS sur l'antenne indique par l'amenageur,19-04-2024,Probleme de ROS sur l'antenne indique par l'amenageur/Cloturer : Echange Standard/Probleme fonctionnel/Fournisseur,,5M,,27-06-2024,01:13:19,NHS_BATCH
100,000313483605,1,1,,,,,,,,,,,RMA Beantragung,08-07-2025,,,,,,,RMA Beantragung,,,,08-07-2025,08:37:50,NHS001549
100,000313483895,1,1,001001248585,,,,,,,,,,Cloturer : Shields (CTDI HS Confirm#),25-09-2024,Probleme fonctionnel,30-07-2024,Fournisseur,19-04-2024,RRU indique H.S par l'amenageur,19-04-2024,RRU indique H.S par l'amenageur/Cloturer : Shields (CTDI HS Confirm#)/Probleme fonctionnel/Fournisseur,,5M,,04-10-2024,02:03:11,NHS_BATCH
100,000313483928,1,1,001001273590,,,,,,,,,,Cloturer : Shields (Refus RMA),27-06-2024,Probleme fonctionnel,30-07-2024,Fournisseur,19-04-2024,Probleme de licence sur l'ODU indique par l'amenageur,19-04-2024,Probleme de licence sur l'ODU indique par l'amenageur/Cloturer : Shields (Refus RMA)/Probleme fonctionnel/Fournisseur,,1,,01-07-2024,10:39:26,NHSALEVOI
100,000313485717,1,1,001001254914,,,,,,,,,,Cloturer : Piece Bonne,26-04-2024,Probleme fonctionnel,30-07-2024,Fournisseur,19-04-2024,Antenne H.S indique par l'am#nageur - un ticket BYTEL a etait cr#er,19-04-2024,Antenne H.S indique par l'am#nageur - un ticket BYTEL a etait cr#er/Cloturer : Piece Bonne/Probleme fonctionnel/Fournisseur,,5M,,26-04-2024,12:49:32,NHSALEVOI
100,000313486516,1,1,001001255050,,,,,,,,,,,,,,,,,,,,,,,,
100,000313486517,1,1,001001252074,,,,,,,,,,,,,,,,,,,,,,,,
100,000313486518,1,1,001001252061,,,,,,,,,,,,,,,,,,,,,,,,
100,000313486519,1,1,001001251092,,,,,,,,,,,,,,,,,,,,,,,,
100,000313486520,1,1,001001269145,,,,,,,,,,,,,,,,,,,,,,,,
100,000313486521,1,1,001001243434,,,,,,,,,,,,,,,,,,,,,,,,
100,000313486522,1,1,001001244149,,,,,,,,,,,,,,,,,,,,,,,,
100,000313487064,1,1,001001254915,,,,,,,,,,Cloturer : Piece Bonne,26-06-2024,Probleme fonctionnel,30-07-2024,Fournisseur,19-04-2024,Antenne H.S indique par l'am#nageur  suite a test,19-04-2024,Antenne H.S indique par l'am#nageur  suite a test/Cloturer : Piece Bonne/Probleme fonctionnel/Fournisseur,,5M,,26-04-2024,12:49:33,NHSALEVOI
100,000313487213,1,1,001001286976,,,,,,,,,,Cloturer : Shields (Refus RMA),29-07-2024,Probleme fonctionnel,30-07-2024,Fournisseur,19-04-2024,Carte UMPTG2 indique H.S par l'amenageur,19-04-2024,Carte UMPTG2 indique H.S par l'amenageur/Cloturer : Shields (Refus RMA)/Probleme fonctionnel/Fournisseur,,5M,,20-07-2024,00:53:02,NHS_BATCH
100,000313487315,1,1,001001254417,,,,,,,,,,Cloturer : Shields (Refus RMA),26-04-2024,Probleme fonctionnel,30-07-2024,Fournisseur,19-04-2024,Probleme de transmissions cause par le CSG detecte par l'amenageur,19-04-2024,Probleme de transmissions cause par le CSG detecte par l'amenageur/Cloturer : Shields (Refus RMA)/Probleme fonctionnel/Fournisseur,,5M,,12-04-2024,01:09:50,NHS_BATCH
100,000313487575,1,1,001001248278,,,,,,,,,,,,,,,,,,,,,,,,
100,000313488277,1,1,001001254418,,,,,,,,,,Cloturer : Echange Standard,26-04-2024,Probleme fonctionnel,30-07-2024,Fournisseur,19-04-2024,RRU indique H.S par l'amenageur - un ticket BYTEL a etait cr#er,19-04-2024,RRU indique H.S par l'amenageur - un ticket BYTEL a etait cr#er/Cloturer : Echange Standard/Probleme fonctionnel/Fournisseur,,5M,,26-04-2024,12:49:33,NHSALEVOI
100,000313488841,1,1,001001256502,,,,,,,,,,Cloturer : Shields (Dmd Bytel),07-10-2024,Dommage physique,30-07-2024,Non defini,19-04-2024,Site indique receptionne endommagee - photo fourni par l'amenageur d#j#sur site - Investigation BYTEL,19-04-2024,Site indique receptionne endommagee - photo fourni par l'amenageur d#j#sur site - Investigation BYTEL/Cloturer : Shields (Dmd Bytel)/Dommage physique/Non defini,,5M,,11-10-2024,01:45:43,NHS_BATCH
100,000313488841,2,1,001001256503,,,,,,,,,,Cloturer : Shields (Dmd Bytel),07-10-2024,Dommage physique,30-07-2024,Non defini,19-04-2024,Site indique receptionne endommagee - photo fourni par l'amenageur d#j#sur site - Investigation BYTEL,19-04-2024,Site indique receptionne endommagee - photo fourni par l'amenageur d#j#sur site - Investigation BYTEL/Cloturer : Shields (Dmd Bytel)/Dommage physique/Non defini,,5M,,09-10-2024,01:46:06,NHS_BATCH
100,000313488841,4,1,001001256504,,,,,,,,,,Cloturer : Shields (Dmd Bytel),07-10-2024,Dommage physique,30-07-2024,Non defini,19-04-2024,Site indique receptionne endommagee - photo fourni par l'amenageur d#j#sur site - Investigation BYTEL,19-04-2024,Site indique receptionne endommagee - photo fourni par l'amenageur d#j#sur site - Investigation BYTEL/Cloturer : Shields (Dmd Bytel)/Dommage physique/Non defini,,5M,,09-10-2024,01:46:06,NHS_BATCH
100,000313488841,5,1,001001256505,,,,,,,,,,Cloturer : Shields (Dmd Bytel),07-10-2024,Dommage physique,30-07-2024,Non defini,19-04-2024,Site indique receptionne endommagee - photo fourni par l'amenageur d#j#sur site - Investigation BYTEL,19-04-2024,Site indique receptionne endommagee - photo fourni par l'amenageur d#j#sur site - Investigation BYTEL/Cloturer : Shields (Dmd Bytel)/Dommage physique/Non defini,,5M,,09-10-2024,01:46:06,NHS_BATCH
100,000313491104,1,1,001001258796,,,,,,,,,,Cloturer : Echange Standard,26-04-2024,Probleme fonctionnel,30-07-2024,Fournisseur,19-04-2024,Bagotage sur plusieurs frequence sur la Baseband 6631 indique parl'amenageur,19-04-2024,Bagotage sur plusieurs frequence sur la Baseband 6631 indique parl'amenageur/Cloturer : Echange Standard/Probleme fonctionnel/Fournisseur,,5M,,26-04-2024,12:49:33,NHSALEVOI
100,000313492573,1,1,001001328249,,,,,,,,,,Cloturer : Piece Bonne,08-10-2024,Probleme fonctionnel,30-07-2024,Fournisseur,19-04-2024,Probleme de licence sur l'ODU indique par l'amenageur,19-04-2024,Probleme de licence sur l'ODU indique par l'amenageur/Cloturer : Piece Bonne/Probleme fonctionnel/Fournisseur,,5M,,09-10-2024,01:46:06,NHS_BATCH
100,000313492573,2,1,001001328250,,,,,,,,,,Cloturer : Piece Bonne,08-10-2024,Probleme fonctionnel,30-07-2024,Fournisseur,19-04-2024,Probleme de licence sur l'ODU indique par l'amenageur,19-04-2024,Probleme de licence sur l'ODU indique par l'amenageur/Cloturer : Piece Bonne/Probleme fonctionnel/Fournisseur,,5M,,09-10-2024,01:46:06,NHS_BATCH
100,000313492684,1,1,001001454313,,,,,,,,,,,,,,,,,,,,,,,,
100,000313492686,1,1,001001452046,,,,,,,,,,,,,,,,,,,,,,,,
100,000313492773,1,1,001001456491,,,,,,,,,,,,,,,,,,,,,,,,
100,000313492784,1,1,001001449090,,,,,,,,,,,,,,,,,,,,,,,,
100,000313492895,1,1,001001271132,,,,,,,,,,Cloturer : Shields (Refus RMA),25-09-2024,Probleme fonctionnel,30-07-2024,Fournisseur,19-04-2024,Probleme de licence sur l'ODU indique par l'amenageur,19-04-2024,Probleme de licence sur l'ODU indique par l'amenageur/Cloturer : Shields (Refus RMA)/Probleme fonctionnel/Fournisseur,,5M,,21-09-2024,01:44:09,NHS_BATCH
100,000313494407,1,1,001001249082,,,,,,,,,,Cloturer : Echange Standard,26-04-2024,Probleme fonctionnel,30-07-2024,Fournisseur,19-04-2024,Baseband H.S indique par l'am#nageur,19-04-2024,Baseband H.S indique par l'am#nageur/Cloturer : Echange Standard/Probleme fonctionnel/Fournisseur,,5M,,26-04-2024,12:49:33,NHSALEVOI
100,000313495545,1,1,001001263533,,,,,,,,,,Cloturer : Piece Bonne,26-04-2024,Probleme fonctionnel,30-07-2024,Fournisseur,19-04-2024,Baseband H.S indique par l'am#nageur,19-04-2024,Baseband H.S indique par l'am#nageur/Cloturer : Piece Bonne/Probleme fonctionnel/Fournisseur,,5M,,04-05-2024,01:20:46,NHS_BATCH
100,000313496360,1,1,,,,,,,,,,,,,Probleme fonctionnel,30-07-2024,Fournisseur,19-04-2024,RRU indique H.S par l'amenageur - un ticket BYTEL a etait creer,19-04-2024,RRU indique H.S par l'amenageur - un ticket BYTEL a etait creer/Probleme fonctionnel/Fournisseur,,,,30-07-2024,15:59:12,NHSFRSPM30
100,000313496361,1,1,001001343213,,,,,,,,Mat#riel en retour r#ceptionn# le 31/10 - investiguation CTDI en coursavec IT,13-11-2024,Cloturer : Piece Bonne,22-11-2024,Probleme fonctionnel,13-11-2024,Fournisseur,19-04-2024,Bcube remonte dysfonctionnel par l'amenageur,13-11-2024,Bcube remonte dysfonctionnel par l'amenageur/Cloturer : Piece Bonne/Probleme fonctionnel/Fournisseur,,5M,,30-11-2024,00:45:58,NHS_BATCH
100,000313496421,1,1,001001258797,,,,,,,,,,Cloturer : Echange Standard,26-04-2024,Probleme fonctionnel,30-07-2024,Fournisseur,19-04-2024,RRU indique H.S par l'amenageur,19-04-2024,RRU indique H.S par l'amenageur/Cloturer : Echange Standard/Probleme fonctionnel/Fournisseur,,5M,,26-04-2024,12:49:33,NHSALEVOI
100,000313496541,1,1,001001263040,,,,,,,,,,Cloturer : Piece Bonne,26-04-2024,Probleme fonctionnel,30-07-2024,Fournisseur,19-04-2024,Probleme de modulation sur l'ODU indique par l'amenageur,19-04-2024,Probleme de modulation sur l'ODU indique par l'amenageur/Cloturer : Piece Bonne/Probleme fonctionnel/Fournisseur,,5M,,24-04-2024,01:09:40,NHS_BATCH
100,000313496541,2,1,001001263041,,,,,,,,,,Cloturer : Echange Standard,24-05-2024,Probleme fonctionnel,30-07-2024,Fournisseur,19-04-2024,Probleme de modulation sur l'ODU indique par l'amenageur,19-04-2024,Probleme de modulation sur l'ODU indique par l'amenageur/Cloturer : Echange Standard/Probleme fonctionnel/Fournisseur,,5M,,17-05-2024,01:00:56,NHS_BATCH
100,000313498102,1,1,001001256506,,,,,,,,,,Cloturer : Piece Bonne,26-04-2024,Probleme fonctionnel,30-07-2024,Fournisseur,19-04-2024,Antenne FH H.S indique par l'amenageur,19-04-2024,Antenne FH H.S indique par l'amenageur/Cloturer : Piece Bonne/Probleme fonctionnel/Fournisseur,,5M,,26-04-2024,12:49:33,NHSALEVOI
100,000313498102,2,1,001001256507,,,,,,,,,,Cloturer : Piece Bonne,26-04-2024,Probleme fonctionnel,30-07-2024,Fournisseur,19-04-2024,Probleme de modulation sur l'IDU indique par l'amenageur,19-04-2024,Probleme de modulation sur l'IDU indique par l'amenageur/Cloturer : Piece Bonne/Probleme fonctionnel/Fournisseur,,5M,,26-04-2024,12:49:33,NHSALEVOI
100,000313498102,3,1,001001256508,,,,,,,,,,Cloturer : Piece Bonne,26-04-2024,Probleme fonctionnel,30-07-2024,Fournisseur,19-04-2024,Probleme de modulation sur l'ODU indique par l'amenageur,19-04-2024,Probleme de modulation sur l'ODU indique par l'amenageur/Cloturer : Piece Bonne/Probleme fonctionnel/Fournisseur,,5M,,26-04-2024,12:49:33,NHSALEVOI
100,000313499555,1,1,001001265949,,,,,,,,CTDI : Subsitution RMA 313493991 par RMA 313499555,22-04-2024,Cloturer : Shields (Refus RMA),26-04-2024,Probleme fonctionnel,30-07-2024,Fournisseur,19-04-2024,IDU H.S indique par l'am#nageur,19-04-2024,IDU H.S indique par l'am#nageur/Cloturer : Shields (Refus RMA)/Probleme fonctionnel/Fournisseur,,5M,,25-04-2024,01:12:01,NHS_BATCH
100,000313499822,1,1,001001423751,,,,,,,,Golden Unit,08-05-2025,,,,,,,,,,,5,,08-05-2025,14:48:28,NHSITPM03
100,000313501597,1,1,001001283296,,,,,,,,,,CQS1546121,09-07-2024,,,,,,,CQS1546121,,5,,09-07-2024,13:51:39,NHSSPRI03
100,000313501926,1,1,001001263042,,,,,,,,,,Cloturer : Piece Bonne,26-04-2024,Probleme fonctionnel,30-07-2024,Fournisseur,19-04-2024,Probleme de ROS sur le RRU indique par l'amenageur,19-04-2024,Probleme de ROS sur le RRU indique par l'amenageur/Cloturer : Piece Bonne/Probleme fonctionnel/Fournisseur,,5M,,24-04-2024,01:09:40,NHS_BATCH
100,000313501926,2,1,001001263043,,,,,,,,,,Cloturer : Piece Bonne,26-04-2024,Probleme fonctionnel,30-07-2024,Fournisseur,19-04-2024,Probleme de ROS sur le RRU indique par l'amenageur,19-04-2024,Probleme de ROS sur le RRU indique par l'amenageur/Cloturer : Piece Bonne/Probleme fonctionnel/Fournisseur,,5M,,24-04-2024,01:09:40,NHS_BATCH
100,000313501926,3,1,001001263044,,,,,,,,,,Cloturer : Piece Bonne,26-04-2024,Probleme fonctionnel,30-07-2024,Fournisseur,19-04-2024,Probleme de ROS sur le RRU indique par l'amenageur,19-04-2024,Probleme de ROS sur le RRU indique par l'amenageur/Cloturer : Piece Bonne/Probleme fonctionnel/Fournisseur,,5M,,04-05-2024,01:20:46,NHS_BATCH
100,000313501926,4,1,001001263045,,,,,,,,,,Cloturer : Piece Bonne,26-04-2024,Probleme fonctionnel,30-07-2024,Fournisseur,19-04-2024,Probleme de ROS sur le RRU indique par l'amenageur,19-04-2024,Probleme de ROS sur le RRU indique par l'amenageur/Cloturer : Piece Bonne/Probleme fonctionnel/Fournisseur,,5M,,24-04-2024,01:09:41,NHS_BATCH
100,000313501926,5,1,001001263046,,,,,,,,,,Cloturer : Piece Bonne,26-04-2024,Probleme fonctionnel,30-07-2024,Fournisseur,19-04-2024,Probleme de ROS sur le RRU indique par l'amenageur,19-04-2024,Probleme de ROS sur le RRU indique par l'amenageur/Cloturer : Piece Bonne/Probleme fonctionnel/Fournisseur,,5M,,24-04-2024,01:09:41,NHS_BATCH
100,000313501940,1,1,001001323007,,,,,,,,,,Cloturer : Shields (Refus RMA),08-10-2024,Probleme fonctionnel,30-07-2024,Fournisseur,19-04-2024,RRU indique H.S par l'amenageur - un ticket BYTEL a etait creer,19-04-2024,RRU indique H.S par l'amenageur - un ticket BYTEL a etait creer/Cloturer : Shields (Refus RMA)/Probleme fonctionnel/Fournisseur,,5M,,09-10-2024,01:46:06,NHS_BATCH
100,000313503364,1,1,001001269065,,,,,,,,,,Cloturer : Piece Bonne,03-05-2024,Probleme fonctionnel,30-07-2024,Fournisseur,19-04-2024,RRU indique H.S par l'amenageur,19-04-2024,RRU indique H.S par l'amenageur/Cloturer : Piece Bonne/Probleme fonctionnel/Fournisseur,,5M,,03-05-2024,01:17:25,NHS_BATCH
100,000313503364,2,1,001001269066,,,,,,,,,,Cloturer : Piece Bonne,02-05-2024,Probleme fonctionnel,30-07-2024,Fournisseur,19-04-2024,SFP indique H.S par l'amenageur,19-04-2024,SFP indique H.S par l'amenageur/Cloturer : Piece Bonne/Probleme fonctionnel/Fournisseur,,5M,,03-05-2024,01:17:25,NHS_BATCH
100,000313503364,3,1,001001269067,,,,,,,,,,Cloturer : Piece Bonne,02-05-2024,Probleme fonctionnel,30-07-2024,Fournisseur,19-04-2024,SFP indique H.S par l'amenageur,19-04-2024,SFP indique H.S par l'amenageur/Cloturer : Piece Bonne/Probleme fonctionnel/Fournisseur,,5M,,03-05-2024,01:17:25,NHS_BATCH
100,000313504472,1,1,001001262548,,,,,,,,CTDI : Codage antennaire necessaire,22-04-2024,Cloturer : Shields (COMSCOPE),26-04-2024,Probleme fonctionnel,30-07-2024,Fournisseur,19-04-2024,Antenne Radio generant du PIM indique par l'amenageur,19-04-2024,Antenne Radio generant du PIM indique par l'amenageur/Cloturer : Shields (COMSCOPE)/Probleme fonctionnel/Fournisseur,,5M,,12-04-2024,01:09:52,NHS_BATCH
100,000313504943,1,1,001001265950,,,,,,,,CTDI : Materiel indique manquant - Materiel substituable fourni lors del'APL initiale - Erreur modelisation lors de l'APL initiale - Go BYTELle 21/03/2024,22-04-2024,Cloturer : Shields (COMSCOPE),26-06-2024,Rajout en accord avec DCI/Do infra / SCM,05-12-2024,MMO,19-04-2024,Materiel indique manquant - Materiel substituable fourni lors de l'APLinitiale - Erreur modelisation lors de l'APL initiale - Go BYTEL le21/03/2024,19-04-2024,Materiel indique manquant - Materiel substituable fourni lors de l'APLinitiale - Erreur modelisation lors de l'APL initiale - Go BYTEL le21/03/2024/Cloturer : Shields (COMSCOPE)/Rajout en accord avec DCI/Do infra / SCM/MMO,,5M,,03-05-2024,01:17:25,NHS_BATCH
100,000313504943,2,1,001001265951,,,,,,,,CTDI : Materiel indique manquant - Materiel substituable fourni lors del'APL initiale - Erreur modelisation lors de l'APL initiale - Go BYTELle 21/03/2024,22-04-2024,Cloturer : Piece Bonne,02-05-2024,Rajout en accord avec DCI/Do infra / SCM,05-12-2024,MMO,19-04-2024,Materiel indique manquant - Materiel substituable fourni lors de l'APLinitiale - Erreur modelisation lors de l'APL initiale - Go BYTEL le21/03/2024,19-04-2024,Materiel indique manquant - Materiel substituable fourni lors de l'APLinitiale - Erreur modelisation lors de l'APL initiale - Go BYTEL le21/03/2024/Cloturer : Piece Bonne/Rajout en accord avec DCI/Do infra / SCM/MMO,,5M,,03-05-2024,01:17:25,NHS_BATCH
100,000313504943,3,1,001001265952,,,,,,,,CTDI : Materiel indique manquant - Materiel substituable fourni lors del'APL initiale - Erreur modelisation lors de l'APL initiale - Go BYTELle 21/03/2024,22-04-2024,Cloturer : Piece Bonne,02-05-2024,Rajout en accord avec DCI/Do infra / SCM,05-12-2024,MMO,19-04-2024,Materiel indique manquant - Materiel substituable fourni lors de l'APLinitiale - Erreur modelisation lors de l'APL initiale - Go BYTEL le21/03/2024,19-04-2024,Materiel indique manquant - Materiel substituable fourni lors de l'APLinitiale - Erreur modelisation lors de l'APL initiale - Go BYTEL le21/03/2024/Cloturer : Piece Bonne/Rajout en accord avec DCI/Do infra / SCM/MMO,,5M,,03-05-2024,01:17:25,NHS_BATCH
100,000313504943,4,1,001001265953,,,,,,,,CTDI : Materiel indique manquant - Materiel substituable fourni lors del'APL initiale - Erreur modelisation lors de l'APL initiale - Go BYTELle 21/03/2024,22-04-2024,Cloturer : Piece Bonne,02-05-2024,Rajout en accord avec DCI/Do infra / SCM,05-12-2024,MMO,19-04-2024,Materiel indique manquant - Materiel substituable fourni lors de l'APLinitiale - Erreur modelisation lors de l'APL initiale - Go BYTEL le21/03/2024,19-04-2024,Materiel indique manquant - Materiel substituable fourni lors de l'APLinitiale - Erreur modelisation lors de l'APL initiale - Go BYTEL le21/03/2024/Cloturer : Piece Bonne/Rajout en accord avec DCI/Do infra / SCM/MMO,,5M,,03-05-2024,01:17:25,NHS_BATCH
100,000313504943,5,1,001001265954,,,,,,,,CTDI : Materiel indique manquant - Materiel substituable fourni lors del'APL initiale - Erreur modelisation lors de l'APL initiale - Go BYTELle 21/03/2024,22-04-2024,Cloturer : Piece Bonne,02-05-2024,Rajout en accord avec DCI/Do infra / SCM,05-12-2024,MMO,19-04-2024,Materiel indique manquant - Materiel substituable fourni lors de l'APLinitiale - Erreur modelisation lors de l'APL initiale - Go BYTEL le21/03/2024,19-04-2024,Materiel indique manquant - Materiel substituable fourni lors de l'APLinitiale - Erreur modelisation lors de l'APL initiale - Go BYTEL le21/03/2024/Cloturer : Piece Bonne/Rajout en accord avec DCI/Do infra / SCM/MMO,,5M,,03-05-2024,01:17:25,NHS_BATCH
100,000313504943,6,1,001001265955,,,,,,,,CTDI : Materiel indique manquant - Materiel substituable fourni lors del'APL initiale - Erreur modelisation lors de l'APL initiale - Go BYTELle 21/03/2024,22-04-2024,Cloturer : Shields (COMSCOPE),26-06-2024,Rajout en accord avec DCI/Do infra / SCM,05-12-2024,MMO,19-04-2024,Materiel indique manquant - Materiel substituable fourni lors de l'APLinitiale - Erreur modelisation lors de l'APL initiale - Go BYTEL le21/03/2024,19-04-2024,Materiel indique manquant - Materiel substituable fourni lors de l'APLinitiale - Erreur modelisation lors de l'APL initiale - Go BYTEL le21/03/2024/Cloturer : Shields (COMSCOPE)/Rajout en accord avec DCI/Do infra / SCM/MMO,,5M,,08-06-2024,00:47:55,NHS_BATCH
100,000313506539,1,1,001001373928,,,,,,,,08/01 : Retour Chrono non effectue conges de l'amenageur,09-01-2025,Cloturer : Echange Standard,25-04-2025,Probleme fonctionnel,30-07-2024,Fournisseur,19-04-2024,Carte UMPTG2 indique H.S par l'amenageur,19-04-2024,Carte UMPTG2 indique H.S par l'amenageur/Cloturer : Echange Standard/Probleme fonctionnel/Fournisseur,,5M,,22-05-2025,23:42:31,NHS_BATCH
100,000313506670,1,1,001001295713,,,,,,,,,,,,,,,,,,,,,,,,
100,000313507644,1,1,001001249622,,,,,,,,,,,,,,,,,,,,,,,,
100,000313507645,1,1,001001249605,,,,,,,,,,,,,,,,,,,,,,,,
100,000313507646,1,1,001001249603,,,,,,,,,,,,,,,,,,,,,,,,
100,000313507647,1,1,001001249613,,,,,,,,,,,,,,,,,,,,,,,,
100,000313507648,1,1,001001249598,,,,,,,,,,,,,,,,,,,,,,,,
100,000313507649,1,1,001001249592,,,,,,,,,,,,,,,,,,,,,,,,
100,000313507706,3,1,001001273591,,,,,,,,,,Cloturer : Piece Bonne,24-05-2024,Erreur de livraison,09-12-2024,CTDI,09-12-2024,Erreur lecture outils BYTEL par CTDI lors de la creation panier,19-04-2024,Erreur lecture outils BYTEL par CTDI lors de la creation panier/Cloturer : Piece Bonne/Erreur de livraison/CTDI,,5M,,18-05-2024,00:42:55,NHS_BATCH
100,000313507706,4,1,001001273592,,,,,,,,,,Cloturer : Piece Bonne,24-05-2024,Erreur de livraison,09-12-2024,CTDI,09-12-2024,Erreur lecture outils BYTEL par CTDI lors de la creation panier,19-04-2024,Erreur lecture outils BYTEL par CTDI lors de la creation panier/Cloturer : Piece Bonne/Erreur de livraison/CTDI,,5M,,18-05-2024,00:42:55,NHS_BATCH
100,000313507706,5,1,001001273593,,,,,,,,,,Cloturer : Piece Bonne,24-05-2024,Erreur de livraison,09-12-2024,CTDI,09-12-2024,Erreur lecture outils BYTEL par CTDI lors de la creation panier,19-04-2024,Erreur lecture outils BYTEL par CTDI lors de la creation panier/Cloturer : Piece Bonne/Erreur de livraison/CTDI,,5M,,18-05-2024,00:42:55,NHS_BATCH
100,000313507706,6,1,001001273594,,,,,,,,,,Cloturer : Piece Bonne,24-05-2024,Erreur de livraison,09-12-2024,CTDI,09-12-2024,Erreur lecture outils BYTEL par CTDI lors de la creation panier,19-04-2024,Erreur lecture outils BYTEL par CTDI lors de la creation panier/Cloturer : Piece Bonne/Erreur de livraison/CTDI,,5M,,18-05-2024,00:42:55,NHS_BATCH
100,000313507706,7,1,001001273595,,,,,,,,,,Cloturer : Piece Bonne,24-05-2024,Erreur de livraison,09-12-2024,CTDI,09-12-2024,Erreur lecture outils BYTEL par CTDI lors de la creation panier,19-04-2024,Erreur lecture outils BYTEL par CTDI lors de la creation panier/Cloturer : Piece Bonne/Erreur de livraison/CTDI,,5M,,18-05-2024,00:42:55,NHS_BATCH
100,000313507706,8,1,001001273596,,,,,,,,,,Cloturer : Piece Bonne,24-05-2024,Erreur de livraison,09-12-2024,CTDI,09-12-2024,Erreur lecture outils BYTEL par CTDI lors de la creation panier,19-04-2024,Erreur lecture outils BYTEL par CTDI lors de la creation panier/Cloturer : Piece Bonne/Erreur de livraison/CTDI,,5M,,18-05-2024,00:42:55,NHS_BATCH
100,000313507706,9,1,,,,,,,,,"Produit absent du colis retour MMO r#ceptionn# le 14/05 - relance mailA.K. le 04/10, attente d#cision BYTEL",13-11-2024,Cloturer : Go BYTEL cloture le 22/01/2025,22-01-2025,Erreur de livraison,09-12-2024,CTDI,09-12-2024,Erreur lecture outils BYTEL par CTDI lors de la creation panier,13-11-2024,Erreur lecture outils BYTEL par CTDI lors de la creation panier/Cloturer : Go BYTEL cloture le 22/01/2025/Erreur de livraison/CTDI,,,,22-01-2025,11:27:04,NHSFRSPM30
100,000313507706,10,1,,,,,,,,,"Produit absent du colis retour MMO r#ceptionn# le 14/05 - relance mailA.K. le 04/10, attente d#cision BYTEL",13-11-2024,Cloturer : Go BYTEL cloture le 22/01/2025,22-01-2025,Erreur de livraison,09-12-2024,CTDI,09-12-2024,Erreur lecture outils BYTEL par CTDI lors de la creation panier,13-11-2024,Erreur lecture outils BYTEL par CTDI lors de la creation panier/Cloturer : Go BYTEL cloture le 22/01/2025/Erreur de livraison/CTDI,,,,22-01-2025,11:27:04,NHSFRSPM30
100,000313507706,11,1,001001273597,,,,,,,,,,Cloturer : Piece Bonne,24-05-2024,Erreur de livraison,09-12-2024,CTDI,09-12-2024,Erreur lecture outils BYTEL par CTDI lors de la creation panier,19-04-2024,Erreur lecture outils BYTEL par CTDI lors de la creation panier/Cloturer : Piece Bonne/Erreur de livraison/CTDI,,5M,,18-05-2024,00:42:55,NHS_BATCH
100,000313507706,12,1,,,,,,,,,"Produit absent du colis retour MMO r#ceptionn# le 14/05 - relance mailA.K. le 04/10, attente d#cision BYTEL",13-11-2024,Cloturer : Go BYTEL cloture le 22/01/2025,22-01-2025,Erreur de livraison,09-12-2024,CTDI,09-12-2024,Erreur lecture outils BYTEL par CTDI lors de la creation panier,13-11-2024,Erreur lecture outils BYTEL par CTDI lors de la creation panier/Cloturer : Go BYTEL cloture le 22/01/2025/Erreur de livraison/CTDI,,,,22-01-2025,11:27:05,NHSFRSPM30
100,000313507706,13,1,001001273598,,,,,,,,,,Cloturer : Piece Bonne,24-05-2024,Erreur de livraison,09-12-2024,CTDI,09-12-2024,Erreur lecture outils BYTEL par CTDI lors de la creation panier,19-04-2024,Erreur lecture outils BYTEL par CTDI lors de la creation panier/Cloturer : Piece Bonne/Erreur de livraison/CTDI,,5M,,18-05-2024,00:42:55,NHS_BATCH
100,000313507706,14,1,001001273599,,,,,,,,,,Cloturer : Piece Bonne,24-05-2024,Erreur de livraison,09-12-2024,CTDI,09-12-2024,Erreur lecture outils BYTEL par CTDI lors de la creation panier,19-04-2024,Erreur lecture outils BYTEL par CTDI lors de la creation panier/Cloturer : Piece Bonne/Erreur de livraison/CTDI,,5M,,18-05-2024,00:42:55,NHS_BATCH
100,000313507706,15,1,,,,,,,,,"Produit absent du colis retour MMO r#ceptionn# le 14/05 - relance mailA.K. le 04/10, attente d#cision BYTEL",13-11-2024,Cloturer : Go BYTEL cloture le 22/01/2025,22-01-2025,Erreur de livraison,09-12-2024,CTDI,09-12-2024,Erreur lecture outils BYTEL par CTDI lors de la creation panier,13-11-2024,Erreur lecture outils BYTEL par CTDI lors de la creation panier/Cloturer : Go BYTEL cloture le 22/01/2025/Erreur de livraison/CTDI,,,,22-01-2025,11:27:07,NHSFRSPM30
100,000313507706,16,1,,,,,,,,,"Produit absent du colis retour MMO r#ceptionn# le 14/05 - relance mailA.K. le 04/10, attente d#cision BYTEL",13-11-2024,Cloturer : Go BYTEL cloture le 22/01/2025,22-01-2025,Erreur de livraison,09-12-2024,CTDI,09-12-2024,Erreur lecture outils BYTEL par CTDI lors de la creation panier,13-11-2024,Erreur lecture outils BYTEL par CTDI lors de la creation panier/Cloturer : Go BYTEL cloture le 22/01/2025/Erreur de livraison/CTDI,,,,22-01-2025,11:27:08,NHSFRSPM30
100,000313508015,1,1,001001262549,,,,,,,,CTDI : Codage antennaire necessaire,22-04-2024,Cloturer : Shields (COMSCOPE),26-04-2024,Dommage physique,30-07-2024,MMO,19-04-2024,Antenne ecrasee lors du levage pylone remonte par l'amenageur,19-04-2024,Antenne ecrasee lors du levage pylone remonte par l'amenageur/Cloturer : Shields (COMSCOPE)/Dommage physique/MMO,,5M,,12-04-2024,01:09:53,NHS_BATCH
100,000313508557,1,1,001001264792,,,,,,,,,,Cloturer : Shields (Dmd Bytel),07-10-2024,Dommage physique,30-07-2024,Non defini,19-04-2024,Site indique receptionne endommagee - photo fourni par l'amenageur d#j#sur site - Investigation BYTEL,19-04-2024,Site indique receptionne endommagee - photo fourni par l'amenageur d#j#sur site - Investigation BYTEL/Cloturer : Shields (Dmd Bytel)/Dommage physique/Non defini,,5M,,09-10-2024,01:46:07,NHS_BATCH
100,000313508697,1,1,001001269068,,,,,,,,,,Cloturer : Shields (Refus RMA),13-09-2024,Probleme fonctionnel,30-07-2024,Fournisseur,19-04-2024,Probleme de connexion cause par le CSG et les SFP remonte parl'amenageur,19-04-2024,Probleme de connexion cause par le CSG et les SFP remonte parl'amenageur/Cloturer : Shields (Refus RMA)/Probleme fonctionnel/Fournisseur,,5M,,17-09-2024,01:47:14,NHS_BATCH
100,000313508697,2,1,001001269069,,,,,,,,,,Cloturer : Piece Bonne,03-05-2024,Probleme fonctionnel,30-07-2024,Fournisseur,19-04-2024,Probleme de connexion cause par le CSG et les SFP remonte parl'amenageur,19-04-2024,Probleme de connexion cause par le CSG et les SFP remonte parl'amenageur/Cloturer : Piece Bonne/Probleme fonctionnel/Fournisseur,,5M,,03-05-2024,01:17:25,NHS_BATCH
100,000313508697,3,1,001001269070,,,,,,,,,,Cloturer : Piece Bonne,03-05-2024,Probleme fonctionnel,30-07-2024,Fournisseur,19-04-2024,Probleme de connexion cause par le CSG et les SFP remonte parl'amenageur,19-04-2024,Probleme de connexion cause par le CSG et les SFP remonte parl'amenageur/Cloturer : Piece Bonne/Probleme fonctionnel/Fournisseur,,5M,,03-05-2024,01:17:26,NHS_BATCH
100,000313508697,4,1,001001269071,,,,,,,,,,Cloturer : Piece Bonne,03-05-2024,Probleme fonctionnel,30-07-2024,Fournisseur,19-04-2024,Probleme de connexion cause par le CSG et les SFP remonte parl'amenageur,19-04-2024,Probleme de connexion cause par le CSG et les SFP remonte parl'amenageur/Cloturer : Piece Bonne/Probleme fonctionnel/Fournisseur,,5M,,03-05-2024,01:17:26,NHS_BATCH
100,000313508697,5,1,001001269072,,,,,,,,,,Cloturer : Piece Bonne,03-05-2024,Probleme fonctionnel,30-07-2024,Fournisseur,19-04-2024,Probleme de connexion cause par le CSG et les SFP remonte parl'amenageur,19-04-2024,Probleme de connexion cause par le CSG et les SFP remonte parl'amenageur/Cloturer : Piece Bonne/Probleme fonctionnel/Fournisseur,,5M,,03-05-2024,01:17:26,NHS_BATCH
100,000313509395,1,1,,,,,,,,,,,,,Changement de FH,01-08-2024,BYTEL,05-12-2024,Changement de site B choisi - Changement de FH necessaire,19-04-2024,Changement de site B choisi - Changement de FH necessaire/Changement de FH/BYTEL,,,,05-12-2024,09:05:10,NHSFRSPM30
100,000313509395,2,1,,,,,,,,,,,,,Changement de FH,01-08-2024,BYTEL,05-12-2024,Changement de site B choisi - Changement de FH necessaire,19-04-2024,Changement de site B choisi - Changement de FH necessaire/Changement de FH/BYTEL,,,,05-12-2024,09:05:10,NHSFRSPM30
100,000313509395,3,1,,,,,,,,,,,,,Changement de FH,01-08-2024,BYTEL,05-12-2024,Changement de site B choisi - Changement de FH necessaire,19-04-2024,Changement de site B choisi - Changement de FH necessaire/Changement de FH/BYTEL,,,,05-12-2024,09:05:10,NHSFRSPM30
100,000313509395,4,1,,,,,,,,,,,,,Changement de FH,01-08-2024,BYTEL,05-12-2024,Changement de site B choisi - Changement de FH necessaire,19-04-2024,Changement de site B choisi - Changement de FH necessaire/Changement de FH/BYTEL,,,,05-12-2024,09:05:10,NHSFRSPM30
100,000313509395,5,1,,,,,,,,,,,Cloturer : Go BYTEL cloture le 22/01/2025,22-01-2025,Changement de FH,01-08-2024,BYTEL,05-12-2024,Changement de site B choisi - Changement de FH necessaire,19-04-2024,Changement de site B choisi - Changement de FH necessaire/Cloturer : Go BYTEL cloture le 22/01/2025/Changement de FH/BYTEL,,,,22-01-2025,11:27:09,NHSFRSPM30
100,000313509395,6,1,,,,,,,,,,,Cloturer : Go BYTEL cloture le 22/01/2025,22-01-2025,Changement de FH,01-08-2024,BYTEL,05-12-2024,Changement de site B choisi - Changement de FH necessaire,19-04-2024,Changement de site B choisi - Changement de FH necessaire/Cloturer : Go BYTEL cloture le 22/01/2025/Changement de FH/BYTEL,,,,22-01-2025,11:27:09,NHSFRSPM30
100,000313509395,7,1,,,,,,,,,,,Cloturer : Go BYTEL cloture le 22/01/2025,22-01-2025,Changement de FH,01-08-2024,BYTEL,05-12-2024,Changement de site B choisi - Changement de FH necessaire,19-04-2024,Changement de site B choisi - Changement de FH necessaire/Cloturer : Go BYTEL cloture le 22/01/2025/Changement de FH/BYTEL,,,,22-01-2025,11:27:10,NHSFRSPM30
100,000313509532,1,1,,,,,,,,,,,,,,,,,CQS1548264,03-04-2025,CQS1548264,,,,03-04-2025,14:24:46,NHS000600
100,000313509776,1,1,001001254419,,,,,,,,,,Cloturer : Echange Standard,26-04-2024,Probleme fonctionnel,30-07-2024,Fournisseur,19-04-2024,Baseband H.S indique par l'amenageur,19-04-2024,Baseband H.S indique par l'amenageur/Cloturer : Echange Standard/Probleme fonctionnel/Fournisseur,,5M,,26-04-2024,12:49:33,NHSALEVOI
100,000313510258,1,1,,,,,,,,,,,RMA Beantragung,08-07-2025,,,,,,,RMA Beantragung,,,,08-07-2025,08:38:06,NHS001549
100,000313510262,1,1,001001252221,,,,,,,,,,,,,,,,,,,,,,,,
100,000313510263,1,1,001001278633,,,,,,,,,,,,,,,,,,,,,,,,
100,000313510264,1,1,001001272536,,,,,,,,,,,,,,,,,,,,,,,,
100,000313510265,1,1,001001339780,,,,,,,,,,,,,,,,,,,,,,,,
100,000313510266,1,1,001001255777,,,,,,,,,,,,,,,,,,,,,,,,
100,000313510267,1,1,001001261884,,,,,,,,,,,,,,,,,,,,,,,,
100,000313510268,1,1,001001266253,,,,,,,,,,,,,,,,,,,,,,,,
100,000313510269,1,1,001001254494,,,,,,,,,,,,,,,,,,,,,,,,
100,000313510270,1,1,001001254495,,,,,,,,,,,,,,,,,,,,,,,,
100,000313510271,1,1,001001250935,,,,,,,,,,,,,,,,,,,,,,,,
100,000313510501,1,1,001001261057,,,,,,,,,,Cloturer : Echange Standard,03-05-2024,Probleme fonctionnel,30-07-2024,Fournisseur,19-04-2024,RRU indique H.S par l'amenageur,19-04-2024,RRU indique H.S par l'amenageur/Cloturer : Echange Standard/Probleme fonctionnel/Fournisseur,,5M,,30-04-2024,01:17:37,NHS_BATCH
100,000313511373,1,1,001001373929,,,,,,,,CTDI : Poste 3135077060001 substituer par RMA 313511373,22-04-2024,Cloturer : Shields (Refus RMA),14-02-2025,Process SP :Substitution partielle d'une demande,30-04-2024,CTDI,19-04-2024,Commande de substitution du Poste 3135077060001,19-04-2024,Commande de substitution du Poste 3135077060001/Cloturer : Shields (Refus RMA)/Process SP :Substitution partielle d'une demande/CTDI,,5M,,13-02-2025,00:04:11,NHS_BATCH
100,000313511373,2,1,001001366805,,,,,,,,CTDI : Poste 3135077060002 substituer par RMA 313511373,22-04-2024,Cloturer : Shields (Refus RMA),24-01-2025,Process SP :Substitution partielle d'une demande,30-04-2024,CTDI,19-04-2024,Commande de substitution du Poste 3135077060002,19-04-2024,Commande de substitution du Poste 3135077060002/Cloturer : Shields (Refus RMA)/Process SP :Substitution partielle d'une demande/CTDI,,5M,,25-01-2025,00:08:49,NHS_BATCH
100,000313511483,1,1,001001274428,,,,,,,,CTDI : Envoie d'un BCube Energie  - Substitution RMA 313499243 par313511483 suite dommage incendie,22-04-2024,Cloturer : Piece Bonne,24-05-2024,Dommage physique,30-07-2024,Non defini,19-04-2024,Envoie d'un BCube Energie  - Substitution RMA 313499243 par 313511483suite dommage incendie,19-04-2024,Envoie d'un BCube Energie  - Substitution RMA 313499243 par 313511483suite dommage incendie/Cloturer : Piece Bonne/Dommage physique/Non defini,,5M,,23-05-2024,01:06:34,NHS_BATCH
100,000313511521,1,1,001001453281,,,,,,,,,,,,,,,,,,,,,,,,
100,000313511543,1,1,001001453700,,,,,,,,,,,,,,,,,,,,,,,,
100,000313511547,1,1,001001446617,,,,,,,,,,,,,,,,,,,,,,,,
100,000313511818,1,1,001001263047,,,,,,,,,,Cloturer : Shields (Refus RMA),26-04-2024,Probleme fonctionnel,30-07-2024,Fournisseur,19-04-2024,Probleme de modulation sur l'antenne FH indique par l'amenageur,19-04-2024,Probleme de modulation sur l'antenne FH indique par l'amenageur/Cloturer : Shields (Refus RMA)/Probleme fonctionnel/Fournisseur,,5M,,25-04-2024,01:12:01,NHS_BATCH
100,000313512120,1,1,001001261058,,,,,,,,,,Cloturer : Echange Standard,03-05-2024,Probleme fonctionnel,30-07-2024,Fournisseur,19-04-2024,RRU indique H.S par l'amenageur,19-04-2024,RRU indique H.S par l'amenageur/Cloturer : Echange Standard/Probleme fonctionnel/Fournisseur,,5M,,30-04-2024,01:17:37,NHS_BATCH
100,000313512120,2,1,001001261059,,,,,,,,,,Cloturer : Echange Standard,03-05-2024,Probleme fonctionnel,30-07-2024,Fournisseur,19-04-2024,RRU indique H.S par l'amenageur,19-04-2024,RRU indique H.S par l'amenageur/Cloturer : Echange Standard/Probleme fonctionnel/Fournisseur,,5M,,30-04-2024,01:17:37,NHS_BATCH
100,000313513105,1,1,001001263048,,,,,,,,,,Cloturer : Echange Standard,24-05-2024,Probleme fonctionnel,30-07-2024,Fournisseur,19-04-2024,SFP indique H.S par l'amenageur,19-04-2024,SFP indique H.S par l'amenageur/Cloturer : Echange Standard/Probleme fonctionnel/Fournisseur,,5M,,17-05-2024,01:00:58,NHS_BATCH
100,000313513105,2,1,001001263049,,,,,,,,,,Cloturer : Echange Standard,24-05-2024,Probleme fonctionnel,30-07-2024,Fournisseur,19-04-2024,SFP indique H.S par l'amenageur,19-04-2024,SFP indique H.S par l'amenageur/Cloturer : Echange Standard/Probleme fonctionnel/Fournisseur,,5M,,17-05-2024,01:00:58,NHS_BATCH
100,000313513455,1,1,001001260810,,,,,,Anfrage Supply/RepErs (04.04.24 MT),04-04-2024,,,,,,,,,,,Anfrage Supply/RepErs (04.04.24 MT),,,,04-04-2024,11:18:00,NHS001462
100,000313513837,1,1,001001260614,,,,,,,,,,Cloturer : Shields (CTDI HS Confirm#),25-09-2024,Probleme fonctionnel,30-07-2024,Fournisseur,19-04-2024,RRU indique H.S par l'amenageur,19-04-2024,RRU indique H.S par l'amenageur/Cloturer : Shields (CTDI HS Confirm#)/Probleme fonctionnel/Fournisseur,,5M,,04-10-2024,02:03:11,NHS_BATCH
100,000313514777,1,1,001001258799,,,,,,,,,,Cloturer : Echange Standard,26-04-2024,Probleme fonctionnel,30-07-2024,Fournisseur,19-04-2024,RRU indique H.S par l'amenageur,19-04-2024,RRU indique H.S par l'amenageur/Cloturer : Echange Standard/Probleme fonctionnel/Fournisseur,,5M,,26-04-2024,12:49:33,NHSALEVOI
100,000313515263,1,1,001001269073,,,,,,,,CTDI : substituable fourni lors de l'APL initiale - Attente retour BYTEL car indique non compatible,22-04-2024,Cloturer : Shields (Article peint),14-05-2024,Erreur de livraison,05-12-2024,CTDI,19-04-2024,Reference substituable fourni non conforme - Correction du fichiersubstituable,19-04-2024,Reference substituable fourni non conforme - Correction du fichiersubstituable/Cloturer : Shields (Article peint)/Erreur de livraison/CTDI,,5M,,15-05-2024,01:08:04,NHS_BATCH
100,000313515279,1,1,001001269074,,,,,,,,CTDI : substituable fourni lors de l'APL initiale - Attente retour BYTEL car indique non compatible,22-04-2024,Cloturer : Shields (Article peint),14-05-2024,Erreur de livraison,05-12-2024,CTDI,19-04-2024,Reference substituable fourni non conforme - Correction du fichiersubstituable,19-04-2024,Reference substituable fourni non conforme - Correction du fichiersubstituable/Cloturer : Shields (Article peint)/Erreur de livraison/CTDI,,5M,,15-05-2024,01:08:04,NHS_BATCH
100,000313515337,1,1,001001256511,,,,,,,,,,Cloturer : Echange Standard,12-07-2024,Dommage physique,30-07-2024,MMO,19-04-2024,ODU SIAE endommage pendant l'installation indique par l'amenageur,19-04-2024,ODU SIAE endommage pendant l'installation indique par l'amenageur/Cloturer : Echange Standard/Dommage physique/MMO,,5M,,12-07-2024,01:25:07,NHS_BATCH
100,000313515414,1,1,001001293341,,,,,,,,,,Cloturer : Piece Bonne,12-07-2024,Changement de FH,01-08-2024,BYTEL,05-12-2024,Changement de frequence apres envoi de l'APL initiale - Changement de FH necessaire,19-04-2024,Changement de frequence apres envoi de l'APL initiale - Changement de FH necessaire/Cloturer : Piece Bonne/Changement de FH/BYTEL,,5M,,12-07-2024,01:25:07,NHS_BATCH
100,000313515414,2,1,001001293342,,,,,,,,,,Cloturer : Piece Bonne,12-07-2024,Changement de FH,01-08-2024,BYTEL,05-12-2024,Changement de frequence apres envoi de l'APL initiale - Changement de FH necessaire,19-04-2024,Changement de frequence apres envoi de l'APL initiale - Changement de FH necessaire/Cloturer : Piece Bonne/Changement de FH/BYTEL,,5M,,12-07-2024,01:25:08,NHS_BATCH
100,000313515414,3,1,001001293343,,,,,,,,,,Cloturer : Piece Bonne,12-07-2024,Changement de FH,01-08-2024,BYTEL,05-12-2024,Changement de frequence apres envoi de l'APL initiale - Changement de FH necessaire,19-04-2024,Changement de frequence apres envoi de l'APL initiale - Changement de FH necessaire/Cloturer : Piece Bonne/Changement de FH/BYTEL,,5M,,12-07-2024,01:25:08,NHS_BATCH
100,000313515414,4,1,001001258800,,,,,,,,,,Cloturer : Piece Bonne,26-04-2024,Changement de FH,01-08-2024,BYTEL,05-12-2024,Changement de frequence apres envoi de l'APL initiale - Changement de FH necessaire,19-04-2024,Changement de frequence apres envoi de l'APL initiale - Changement de FH necessaire/Cloturer : Piece Bonne/Changement de FH/BYTEL,,5M,,26-04-2024,12:49:33,NHSALEVOI
100,000313515414,5,1,001001258801,,,,,,,,,,Cloturer : Piece Bonne,26-04-2024,Changement de FH,01-08-2024,BYTEL,05-12-2024,Changement de frequence apres envoi de l'APL initiale - Changement de FH necessaire,19-04-2024,Changement de frequence apres envoi de l'APL initiale - Changement de FH necessaire/Cloturer : Piece Bonne/Changement de FH/BYTEL,,5M,,26-04-2024,12:49:33,NHSALEVOI
100,000313515414,6,1,001001258802,,,,,,,,,,Cloturer : Piece Bonne,26-04-2024,Changement de FH,01-08-2024,BYTEL,05-12-2024,Changement de frequence apres envoi de l'APL initiale - Changement de FH necessaire,19-04-2024,Changement de frequence apres envoi de l'APL initiale - Changement de FH necessaire/Cloturer : Piece Bonne/Changement de FH/BYTEL,,5M,,26-04-2024,12:49:33,NHSALEVOI
100,000313515414,7,1,001001258803,,,,,,,,,,Cloturer : Piece Bonne,26-04-2024,Changement de FH,01-08-2024,BYTEL,05-12-2024,Changement de frequence apres envoi de l'APL initiale - Changement de FH necessaire,19-04-2024,Changement de frequence apres envoi de l'APL initiale - Changement de FH necessaire/Cloturer : Piece Bonne/Changement de FH/BYTEL,,5M,,26-04-2024,12:49:33,NHSALEVOI
100,000313518251,1,1,001001261060,,,,,,,,"CTDI : Indiquez Endommagee a la livraison, Aucun choc identifie lors del'expedition du site, Photo de l'amenageur site retire de la palette etdeja sur site",22-04-2024,Cloturer : Piece Bonne,26-04-2024,Dommage physique,30-07-2024,MMO,19-04-2024,"Indiquez Endommagee a la livraison, Aucun choc identifie lors del'expedition du site, Photo de l'amenageur site retire de la palette etdeja sur site",19-04-2024,"Indiquez Endommagee a la livraison, Aucun choc identifie lors del'expedition du site, Photo de l'amenageur site retire de la palette etdeja sur site/Cloturer : Piece Bonne/Dommage physique/MMO",,5M,,04-05-2024,01:20:46,NHS_BATCH
100,000313518251,2,1,001001261061,,,,,,,,,,Cloturer : Piece Bonne,26-04-2024,Dommage physique,30-07-2024,MMO,19-04-2024,"Indiquez Endommagee a la livraison, Aucun choc identifie lors del'expedition du site, Photo de l'amenageur site retire de la palette etdeja sur site",19-04-2024,"Indiquez Endommagee a la livraison, Aucun choc identifie lors del'expedition du site, Photo de l'amenageur site retire de la palette etdeja sur site/Cloturer : Piece Bonne/Dommage physique/MMO",,5M,,24-04-2024,01:09:41,NHS_BATCH
100,000313518251,3,1,001001262086,,,,,,,,,,Cloturer : Piece Bonne,26-06-2024,Dommage physique,30-07-2024,MMO,19-06-2024,,,Cloturer : Piece Bonne/Dommage physique/MMO,,5M,,27-06-2024,01:13:19,NHS_BATCH
100,000313518298,1,1,001001265956,,,,,,,,,,Cloturer : Echange Standard,24-05-2024,Probleme fonctionnel,30-07-2024,Fournisseur,19-04-2024,RRU indique H.S par l'amenageur,19-04-2024,RRU indique H.S par l'amenageur/Cloturer : Echange Standard/Probleme fonctionnel/Fournisseur,,5M,,17-05-2024,01:00:58,NHS_BATCH
100,000313518692,1,1,001001314827,,,,,,,,CTDI : Codage antennaire necessaire,22-04-2024,Cloturer : Shields (Article peint),07-10-2024,Probleme fonctionnel,30-07-2024,Fournisseur,19-04-2024,Antenne radio indique H.S par l'amenageur,19-04-2024,Antenne radio indique H.S par l'amenageur/Cloturer : Shields (Article peint)/Probleme fonctionnel/Fournisseur,,5M,,08-10-2024,01:53:10,NHS_BATCH
100,000313518732,1,1,,,,,,,,,,,,,,,,,,,,,,,12-03-2024,12:18:33,NHSFRSPM06
100,000313518809,1,1,001001292710,,,,,,,,,,Cloturer : Shields (Article monte),29-07-2024,Changement de FH,01-08-2024,BYTEL,05-12-2024,Changement de strategie FH apres envoi de l'APL initiale - Changement de FH necessaire,19-04-2024,Changement de strategie FH apres envoi de l'APL initiale - Changement de FH necessaire/Cloturer : Shields (Article monte)/Changement de FH/BYTEL,,5M,,24-07-2024,00:48:11,NHS_BATCH
100,000313518809,2,1,001001292711,,,,,,,,,,Cloturer : Shields (Article monte),29-07-2024,Changement de FH,01-08-2024,BYTEL,05-12-2024,Changement de strategie FH apres envoi de l'APL initiale - Changement de FH necessaire,19-04-2024,Changement de strategie FH apres envoi de l'APL initiale - Changement de FH necessaire/Cloturer : Shields (Article monte)/Changement de FH/BYTEL,,5M,,24-07-2024,00:48:12,NHS_BATCH
100,000313518809,3,1,001001292712,,,,,,,,,,Cloturer : Shields (Article monte),29-07-2024,Changement de FH,01-08-2024,BYTEL,05-12-2024,Changement de strategie FH apres envoi de l'APL initiale - Changement de FH necessaire,19-04-2024,Changement de strategie FH apres envoi de l'APL initiale - Changement de FH necessaire/Cloturer : Shields (Article monte)/Changement de FH/BYTEL,,5M,,24-07-2024,00:48:12,NHS_BATCH
100,000313518809,4,1,001001292713,,,,,,,,,,Cloturer : Shields (Article monte),29-07-2024,Changement de FH,01-08-2024,BYTEL,05-12-2024,Changement de strategie FH apres envoi de l'APL initiale - Changement de FH necessaire,19-04-2024,Changement de strategie FH apres envoi de l'APL initiale - Changement de FH necessaire/Cloturer : Shields (Article monte)/Changement de FH/BYTEL,,5M,,24-07-2024,00:48:12,NHS_BATCH
100,000313518809,5,1,001001292714,,,,,,,,,,Cloturer : Shields (Article monte),29-07-2024,Changement de FH,01-08-2024,BYTEL,05-12-2024,Changement de strategie FH apres envoi de l'APL initiale - Changement de FH necessaire,19-04-2024,Changement de strategie FH apres envoi de l'APL initiale - Changement de FH necessaire/Cloturer : Shields (Article monte)/Changement de FH/BYTEL,,5M,,24-07-2024,00:48:12,NHS_BATCH
100,000313518809,6,1,001001292715,,,,,,,,,,Cloturer : Shields (Article monte),29-07-2024,Changement de FH,01-08-2024,BYTEL,05-12-2024,Changement de strategie FH apres envoi de l'APL initiale - Changement de FH necessaire,19-04-2024,Changement de strategie FH apres envoi de l'APL initiale - Changement de FH necessaire/Cloturer : Shields (Article monte)/Changement de FH/BYTEL,,5M,,24-07-2024,00:48:12,NHS_BATCH
100,000313518809,7,1,001001292716,,,,,,,,,,Cloturer : Shields (Refus RMA),29-07-2024,Changement de FH,01-08-2024,BYTEL,05-12-2024,Changement de strategie FH apres envoi de l'APL initiale - Changement de FH necessaire,19-04-2024,Changement de strategie FH apres envoi de l'APL initiale - Changement de FH necessaire/Cloturer : Shields (Refus RMA)/Changement de FH/BYTEL,,5M,,20-07-2024,00:53:02,NHS_BATCH
100,000313518809,8,1,001001293344,,,,,,,,,,Cloturer : Shields (Article monte),29-07-2024,Changement de FH,01-08-2024,BYTEL,05-12-2024,Changement de strategie FH apres envoi de l'APL initiale - Changement de FH necessaire,19-04-2024,Changement de strategie FH apres envoi de l'APL initiale - Changement de FH necessaire/Cloturer : Shields (Article monte)/Changement de FH/BYTEL,,5M,,24-07-2024,00:48:12,NHS_BATCH
100,000313518809,9,1,001001293345,,,,,,,,,,Cloturer : Shields (Article monte),29-07-2024,Changement de FH,01-08-2024,BYTEL,05-12-2024,Changement de strategie FH apres envoi de l'APL initiale - Changement de FH necessaire,19-04-2024,Changement de strategie FH apres envoi de l'APL initiale - Changement de FH necessaire/Cloturer : Shields (Article monte)/Changement de FH/BYTEL,,5M,,24-07-2024,00:48:12,NHS_BATCH
100,000313518809,10,1,001001368470,,,,,,,,"Produit absent du colis retour MMO r#ceptionn# le 10/07 - mail A.K. le04/10, attente d#cision BYTEL",13-11-2024,Cloturer : Envoi Bytel,19-02-2025,Changement de FH,13-11-2024,BYTEL,05-12-2024,Changement de strategie FH apres envoi de l'APL initiale - Changement de FH necessaire,13-11-2024,Changement de strategie FH apres envoi de l'APL initiale - Changement de FH necessaire/Cloturer : Envoi Bytel/Changement de FH/BYTEL,,5M,,20-02-2025,00:09:28,NHS_BATCH
100,000313518809,11,1,001001368471,,,,,,,,"Produit absent du colis retour MMO r#ceptionn# le 10/07 - mail A.K. le04/10, attente d#cision BYTEL",13-11-2024,Cloturer : Envoi Bytel,19-02-2025,Changement de FH,13-11-2024,BYTEL,05-12-2024,Changement de strategie FH apres envoi de l'APL initiale - Changement de FH necessaire,13-11-2024,Changement de strategie FH apres envoi de l'APL initiale - Changement de FH necessaire/Cloturer : Envoi Bytel/Changement de FH/BYTEL,,5M,,20-02-2025,00:09:28,NHS_BATCH
100,000313518814,1,1,001001263050,,,,,,,,,,Cloturer : Echange Standard,24-05-2024,Probleme fonctionnel,30-07-2024,Fournisseur,19-04-2024,RRU indique H.S par l'amenageur,19-04-2024,RRU indique H.S par l'amenageur/Cloturer : Echange Standard/Probleme fonctionnel/Fournisseur,,5M,,17-05-2024,01:00:58,NHS_BATCH
100,000313522261,1,1,001001339923,,,,,,,,,,,,,,,,,,,,,,,,
100,000313522262,1,1,001001255053,,,,,,,,,,,,,,,,,,,,,,,,
100,000313522263,1,1,001001313163,,,,,,,,,,,,,,,,,,,,,,,,
100,000313522264,1,1,001001313160,,,,,,,,,,,,,,,,,,,,,,,,
100,000313522265,1,1,001001260318,,,,,,,,,,,,,,,,,,,,,,,,
100,000313522266,1,1,001001261889,,,,,,,,,,,,,,,,,,,,,,,,
100,000313522267,1,1,001001261882,,,,,,,,,,,,,,,,,,,,,,,,
100,000313522268,1,1,001001363037,,,,,,,,,,,,,,,,,,,,,,,,
100,000313522269,1,1,001001267326,,,,,,,,,,,,,,,,,,,,,,,,
100,000313522270,1,1,001001267325,,,,,,,,,,,,,,,,,,,,,,,,
100,000313522271,1,1,001001271232,,,,,,,,,,,,,,,,,,,,,,,,
100,000313522272,1,1,001001254822,,,,,,,,,,,,,,,,,,,,,,,,
100,000313522378,1,1,001001259024,,,,,,Klärung OPM,27-03-2024,,,,,,,,,,,Klärung OPM,,5,,27-03-2024,11:32:46,NHS000033
100,000313522392,1,1,001001366806,,,,,,,,CTDI : Codage antennaire necessaire,22-04-2024,Cloturer : Demande Alexiandre K.,20-02-2025,Probleme fonctionnel,30-07-2024,Fournisseur,19-04-2024,Antenne Radio generant du PIM indique par l'amenageur,19-04-2024,Antenne Radio generant du PIM indique par l'amenageur/Cloturer : Demande Alexiandre K./Probleme fonctionnel/Fournisseur,,5M,,20-02-2025,00:09:28,NHS_BATCH
100,000313523742,1,1,001001263534,,,,,,,,,,Cloturer : Echange Standard,24-05-2024,Probleme fonctionnel,30-07-2024,Fournisseur,19-04-2024,Probleme de ROS sur le RRU indique par l'amenageur,19-04-2024,Probleme de ROS sur le RRU indique par l'amenageur/Cloturer : Echange Standard/Probleme fonctionnel/Fournisseur,,5M,,17-05-2024,01:00:58,NHS_BATCH
100,000313523822,1,1,001001262543,,,,,,Übergabe RS11 am 02.04.24,09-04-2024,,,,,,,,,,,Übergabe RS11 am 02.04.24,,5,,09-04-2024,16:30:23,ALEREMOTE
100,000313523826,1,1,001001261558,,,,,,Übergabe RS11 am 02.04.24,05-04-2024,,,,,,,,,,,Übergabe RS11 am 02.04.24,,5,,05-04-2024,15:30:17,ALEREMOTE
100,000313523890,2,1,001001455203,,,,,,,,,,,,,,,,,,,,,,,,
100,000313524413,1,1,001001262551,,,,,,,,CTDI : Codage antennaire necessaire,22-04-2024,Cloturer : Shields (Refus RMA),26-04-2024,Probleme fonctionnel,30-07-2024,Fournisseur,19-04-2024,Antenne radio indique H.S par l'amenageur - Ticket BYTEL cree,19-04-2024,Antenne radio indique H.S par l'amenageur - Ticket BYTEL cree/Cloturer : Shields (Refus RMA)/Probleme fonctionnel/Fournisseur,,5M,,12-04-2024,01:09:53,NHS_BATCH
100,000313526050,1,1,001001274429,,,,,,,,CTDI : Codage antennaire necessaire,23-05-2024,Cloturer : Shields (Article peint),07-06-2024,Dommage physique,30-07-2024,MMO,23-05-2024,Plus de capot sur le haut de l'antenne indique par l'amenageur -Reference de l'antenne ferme - substitution par antenne radio HUA 065XA104518R1v07 XXXXXXXXXX,23-05-2024,Plus de capot sur le haut de l'antenne indique par l'amenageur -Reference de l'antenne ferme - substitution par antenne radio HUA 065XA104518R1v07 XXXXXXXXXX/Cloturer : Shields (Article peint)/Dommage physique/MMO,,5M,,12-06-2024,00:32:07,NHS_BATCH
100,000313526284,1,1,001001263535,,,,,,,,,,Cloturer : Echange Standard,24-05-2024,Probleme fonctionnel,30-07-2024,Fournisseur,23-05-2024,RRU indique H.S par l'amenageur,23-05-2024,RRU indique H.S par l'amenageur/Cloturer : Echange Standard/Probleme fonctionnel/Fournisseur,,5M,,17-05-2024,01:00:58,NHS_BATCH
100,000313529918,1,1,001001365670,,,,,,,,,,Cloturer : Echange Standard,25-04-2025,Probleme fonctionnel,30-07-2024,Fournisseur,23-05-2024,Probleme de ROS sur le RRU indique par l'amenageur,23-05-2024,Probleme de ROS sur le RRU indique par l'amenageur/Cloturer : Echange Standard/Probleme fonctionnel/Fournisseur,,5M,,22-05-2025,23:42:32,NHS_BATCH
100,000313529918,2,1,001001365671,,,,,,,,,,Cloturer : Echange Standard,25-04-2025,Probleme fonctionnel,30-07-2024,Fournisseur,23-05-2024,Probleme de ROS sur le RRU indique par l'amenageur,23-05-2024,Probleme de ROS sur le RRU indique par l'amenageur/Cloturer : Echange Standard/Probleme fonctionnel/Fournisseur,,5M,,22-05-2025,23:42:32,NHS_BATCH
100,000313530958,1,1,001001267700,,,,,,,,,,,,,,,,,,,,,,,,
100,000313531357,1,1,001001267199,,,,,,,,,,Cloturer : Echange Standard,24-05-2024,Probleme fonctionnel,30-07-2024,Fournisseur,19-04-2024,RRU indique H.S par l'amenageur,19-04-2024,RRU indique H.S par l'amenageur/Cloturer : Echange Standard/Probleme fonctionnel/Fournisseur,,5M,,17-05-2024,01:00:58,NHS_BATCH
100,000313533127,1,1,001001276428,,,,,,,,,,Cloturer : Echange Standard,21-06-2024,Probleme fonctionnel,30-07-2024,Fournisseur,19-04-2024,RRU indique H.S par l'amenageur - Ticket BYTEL cree,19-04-2024,RRU indique H.S par l'amenageur - Ticket BYTEL cree/Cloturer : Echange Standard/Probleme fonctionnel/Fournisseur,,5M,,20-06-2024,01:03:25,NHS_BATCH
100,000313534686,1,1,001001313175,,,,,,,,,,,,,,,,,,,,,,,,
100,000313534690,1,1,001001259211,,,,,,,,,,,,,,,,,,,,,,,,
100,000313534691,1,1,001001265139,,,,,,,,,,,,,,,,,,,,,,,,
100,000313534692,1,1,001001258528,,,,,,,,,,,,,,,,,,,,,,,,
100,000313534693,1,1,001001259771,,,,,,,,,,,,,,,,,,,,,,,,
100,000313534694,1,1,001001261984,,,,,,,,,,,,,,,,,,,,,,,,
100,000313534695,1,1,001001340188,,,,,,,,,,,,,,,,,,,,,,,,
100,000313534696,1,1,001001264549,,,,,,,,,,,,,,,,,,,,,,,,
100,000313534798,1,1,001001261063,,,,,,,,,,Cloturer : Echange Standard,06-05-2024,Probleme fonctionnel,30-07-2024,Fournisseur,19-04-2024,Baseband H.S indique par l'am#nageur,19-04-2024,Baseband H.S indique par l'am#nageur/Cloturer : Echange Standard/Probleme fonctionnel/Fournisseur,,5M,,04-05-2024,01:20:47,NHS_BATCH
100,000313535057,1,1,001001267200,,,,,,,,,,Cloturer : Shields (Refus RMA),25-09-2024,Probleme fonctionnel,30-07-2024,Fournisseur,19-04-2024,Defaut de transmission cause par RRU  indique par l'amenageur,19-04-2024,Defaut de transmission cause par RRU  indique par l'amenageur/Cloturer : Shields (Refus RMA)/Probleme fonctionnel/Fournisseur,,5M,,21-09-2024,01:44:09,NHS_BATCH
100,000313535590,1,1,001001263536,,,,,,,,,,Cloturer : Echange Standard,24-05-2024,Probleme fonctionnel,30-07-2024,Fournisseur,19-04-2024,Baseband H.S indique par l'am#nageur,19-04-2024,Baseband H.S indique par l'am#nageur/Cloturer : Echange Standard/Probleme fonctionnel/Fournisseur,,5M,,17-05-2024,01:00:58,NHS_BATCH
100,000313535997,1,1,001001280720,,,,,,,,,,Cloturer : Shields (Refus RMA),29-07-2024,Probleme fonctionnel,30-07-2024,Fournisseur,19-04-2024,Tige RET de l'antenne radio indique H.S par l'amenageur,19-04-2024,Tige RET de l'antenne radio indique H.S par l'amenageur/Cloturer : Shields (Refus RMA)/Probleme fonctionnel/Fournisseur,,5M,,30-07-2024,01:10:55,NHS_BATCH
100,000313536009,1,1,001001276429,,,,,,,,,,Cloturer : Echange Standard,21-06-2024,Probleme fonctionnel,30-07-2024,Fournisseur,19-04-2024,RRU indique H.S par l'amenageur,19-04-2024,RRU indique H.S par l'amenageur/Cloturer : Echange Standard/Probleme fonctionnel/Fournisseur,,5M,,20-06-2024,01:03:25,NHS_BATCH
100,000313536286,1,1,001001271133,,,,,,,,,,Cloturer : Piece Bonne,16-05-2024,Probleme fonctionnel,30-07-2024,Fournisseur,19-04-2024,RRU indique H.S par l'amenageur,19-04-2024,RRU indique H.S par l'amenageur/Cloturer : Piece Bonne/Probleme fonctionnel/Fournisseur,,5M,,14-05-2024,01:26:30,NHS_BATCH
100,000313539818,1,1,001001274590,,,,,,,,,,,,,,,,,,,,,,,,
100,000313539824,1,1,001001271215,,,,,,,,,,,,,,,,,,,,,,,,
100,000313540014,1,1,001001451829,,,,,,,,,,,,,,,,,,,,,,,,
100,000313540016,1,1,001001447344,,,,,,,,,,,,,,,,,,,,,,,,
100,000313540249,1,1,001001269075,,,,,,,,,,Cloturer : Shields (Refus RMA),26-06-2024,Probleme Qualite REUSE,05-12-2024,Fournisseur,19-04-2024,Kit ODU incomplet indique par l'amenageur,19-04-2024,Kit ODU incomplet indique par l'amenageur/Cloturer : Shields (Refus RMA)/Probleme Qualite REUSE/Fournisseur,,5M,,15-05-2024,01:08:04,NHS_BATCH
100,000313540249,2,1,001001269076,,,,,,,,,,Cloturer : Shields (Refus RMA),26-06-2024,Probleme Qualite REUSE,05-12-2024,Fournisseur,19-04-2024,Kit ODU incomplet indique par l'amenageur,19-04-2024,Kit ODU incomplet indique par l'amenageur/Cloturer : Shields (Refus RMA)/Probleme Qualite REUSE/Fournisseur,,5M,,15-05-2024,01:08:04,NHS_BATCH
100,000313540249,3,1,001001269077,,,,,,,,,,Cloturer : Piece Bonne,03-05-2024,Probleme fonctionnel,05-12-2024,Fournisseur,19-04-2024,Kitting Antenne FH incomplet,26-06-2024,Kitting Antenne FH incomplet/Cloturer : Piece Bonne/Probleme fonctionnel/Fournisseur,,5M,,03-05-2024,01:17:26,NHS_BATCH
100,000313540340,1,1,001001291428,,,,,,,,CTDI : Attente retour BYTEL suite SWAP BB entre site T03609 et siteT01194 - Go BYTEL le 29/03/2024,22-04-2024,Cloturer : Echange Standard,29-07-2024,Rajout en accord avec DCI/Do infra / SCM,05-12-2024,MMO,19-04-2024,SWAP BB entre site T03609 et site T01194,19-04-2024,SWAP BB entre site T03609 et site T01194/Cloturer : Echange Standard/Rajout en accord avec DCI/Do infra / SCM/MMO,,5M,,27-07-2024,00:41:29,NHS_BATCH
100,000313540509,1,1,001001268481,,,,,,No Golden Unit available 25.02.25/Supply request 27.11.24/Difficult repair 29.04.24/TD needed 26.04.24,25-02-2025,,,,,,,,,,,No Golden Unit available 25.02.25/Supply request 27.11.24/Difficult repair 29.04.24/TD needed 26.04.24,,5,,25-02-2025,13:18:21,NHS000440
100,000313540556,1,1,001001320504,,,,,,,,,,Cloturer : Shields (Refus RMA),07-10-2024,Probleme fonctionnel,30-07-2024,Fournisseur,19-04-2024,Connecteur RRU indique abime par l'amenageur,19-04-2024,Connecteur RRU indique abime par l'amenageur/Cloturer : Shields (Refus RMA)/Probleme fonctionnel/Fournisseur,,5M,,01-10-2024,01:53:58,NHS_BATCH
100,000313544275,1,1,001001262947,,,,,,,,4514338739/465,10-10-2024,LOTE_297,05-07-2024,,,,,,,LOTE_297,,,,10-10-2024,07:38:36,NHSESLO01
100,000313544499,1,1,001001263993,,,,,,,,,,,,,,,,,,,,,,,,
100,000313544515,1,1,001001446313,,,,,,,,,,,,,,,,,,,,,,,,
100,000313544799,1,1,001001293346,,,,,,,,,,Cloturer : Echange Standard,27-08-2024,Probleme fonctionnel,30-07-2024,Fournisseur,19-04-2024,SFP indique H.S par l'amenageur,19-04-2024,SFP indique H.S par l'amenageur/Cloturer : Echange Standard/Probleme fonctionnel/Fournisseur,,5M,,11-08-2024,01:34:09,NHS_BATCH
100,000313544799,2,1,001001331238,,,,,,,,,,Cloturer : Shields (Refus RMA),23-10-2024,Probleme fonctionnel,30-07-2024,Fournisseur,19-04-2024,SFP indique H.S par l'amenageur,19-04-2024,SFP indique H.S par l'amenageur/Cloturer : Shields (Refus RMA)/Probleme fonctionnel/Fournisseur,,5M,,24-10-2024,02:08:35,NHS_BATCH
100,000313545553,1,1,001001334253,,,,,,,,,,Cloturer : Echange Standard,25-04-2025,Probleme fonctionnel,30-07-2024,Fournisseur,19-04-2024,CSG indique H.S par l'amenageur,19-04-2024,CSG indique H.S par l'amenageur/Cloturer : Echange Standard/Probleme fonctionnel/Fournisseur,,5M,,22-05-2025,23:42:32,NHS_BATCH
100,000313545856,1,1,001001287311,,,,,,,,4514326804/465,25-09-2024,LOTE_296,27-06-2024,,,,,,,LOTE_296,,,,25-09-2024,12:36:39,NHSESLO01
100,000313545992,1,1,001001271134,,,,,,,,,,Cloturer : Shields (Refus RMA),25-09-2024,Changement de FH,01-08-2024,BYTEL,05-12-2024,Changement de canal sous Bande apres realisation de l'APL initiale,19-04-2024,Changement de canal sous Bande apres realisation de l'APL initiale/Cloturer : Shields (Refus RMA)/Changement de FH/BYTEL,,5M,,21-09-2024,01:44:09,NHS_BATCH
100,000313545992,2,1,001001271135,,,,,,,,,,Cloturer : Shields (Refus RMA),25-09-2024,Changement de FH,01-08-2024,BYTEL,05-12-2024,Changement de canal sous Bande apres realisation de l'APL initiale,19-04-2024,Changement de canal sous Bande apres realisation de l'APL initiale/Cloturer : Shields (Refus RMA)/Changement de FH/BYTEL,,5M,,21-09-2024,01:44:09,NHS_BATCH
100,000313546486,1,1,,,,,,,,,,,,,,,,,,,,,,,05-04-2024,06:41:39,NHSROCS01
100,000313547700,1,1,001001264793,,,,,,,,CTDI : Manque Fixations antennes FH,22-04-2024,Cloturer : Piece Bonne,26-04-2024,Probleme Kitting,05-12-2024,Fournisseur,19-04-2024,Manque Fixations antennes FH,19-04-2024,Manque Fixations antennes FH/Cloturer : Piece Bonne/Probleme Kitting/Fournisseur,,5M,,25-04-2024,01:12:01,NHS_BATCH
100,000313547700,2,1,001001264794,,,,,,,,CTDI : Manque Fixations antennes FH,22-04-2024,Cloturer : Shields (Refus RMA),26-06-2024,Probleme Kitting,05-12-2024,Fournisseur,19-04-2024,Manque Fixations antennes FH,19-04-2024,Manque Fixations antennes FH/Cloturer : Shields (Refus RMA)/Probleme Kitting/Fournisseur,,5M,,25-04-2024,01:12:01,NHS_BATCH
100,000313548959,1,1,001001306140,,,,,,,,,,,,,,,,,,,,,,,,
100,000313549012,6,1,001001262650,"CW 16,2024",19-04-2024,10-04-2024,"CW 16,2024",,PI-Baugruppe 10.04.24,10-04-2024,,,,,,,,,,,PI-Baugruppe 10.04.24,,5,,10-04-2024,09:17:31,NHS000440
100,000313549012,7,1,001001262651,"CW 16,2024",19-04-2024,10-04-2024,"CW 16,2024",,PI-Baugruppe 10.04.24,10-04-2024,,,,,,,,,,,PI-Baugruppe 10.04.24,,5,,10-04-2024,09:17:31,NHS000440
100,000313549012,8,1,001001262652,"CW 16,2024",19-04-2024,10-04-2024,"CW 16,2024",,PI-Baugruppe 10.04.24,10-04-2024,,,,,,,,,,,PI-Baugruppe 10.04.24,,5,,10-04-2024,09:17:31,NHS000440
100,000313549012,9,1,001001262653,"CW 16,2024",19-04-2024,10-04-2024,"CW 16,2024",,PI-Baugruppe 10.04.24,10-04-2024,,,,,,,,,,,PI-Baugruppe 10.04.24,,5,,10-04-2024,09:17:31,NHS000440
100,000313549016,6,1,001001262670,"CW 16,2024",19-04-2024,10-04-2024,"CW 16,2024",,PI-Baugruppe 10.04.24,10-04-2024,,,,,,,,,,,PI-Baugruppe 10.04.24,,5,,10-04-2024,09:17:36,NHS000440
100,000313549016,8,1,001001262672,"CW 16,2024",19-04-2024,10-04-2024,"CW 16,2024",,PI-Baugruppe 10.04.24,10-04-2024,,,,,,,,,,,PI-Baugruppe 10.04.24,,5,,10-04-2024,09:17:37,NHS000440
100,000313549122,1,1,001001274602,,,,,,,,,,,,,,,,,,,,,,,,
100,000313549149,1,1,001001269905,,,,,,,,,,Cloturer : Echange Standard,26-06-2024,Changement de FH,01-08-2024,BYTEL,05-12-2024,Changement de canal sous Bande apres realisation de l'APL initiale,19-04-2024,Changement de canal sous Bande apres realisation de l'APL initiale/Cloturer : Echange Standard/Changement de FH/BYTEL,,5M,,27-06-2024,01:13:19,NHS_BATCH
100,000313549149,2,1,001001269906,,,,,,,,,,Cloturer : Echange Standard,26-06-2024,Changement de FH,01-08-2024,BYTEL,05-12-2024,Changement de canal sous Bande apres realisation de l'APL initiale,19-04-2024,Changement de canal sous Bande apres realisation de l'APL initiale/Cloturer : Echange Standard/Changement de FH/BYTEL,,5M,,27-06-2024,01:13:19,NHS_BATCH
100,000313549152,1,1,001001269907,,,,,,,,,,Cloturer : Echange Standard,26-06-2024,Changement de FH,01-08-2024,BYTEL,05-12-2024,Changement de canal sous Bande apres realisation de l'APL initiale,19-04-2024,Changement de canal sous Bande apres realisation de l'APL initiale/Cloturer : Echange Standard/Changement de FH/BYTEL,,5M,,27-06-2024,01:13:19,NHS_BATCH
100,000313549152,2,1,001001269908,,,,,,,,,,Cloturer : Echange Standard,26-06-2024,Changement de FH,01-08-2024,BYTEL,05-12-2024,Changement de canal sous Bande apres realisation de l'APL initiale,19-04-2024,Changement de canal sous Bande apres realisation de l'APL initiale/Cloturer : Echange Standard/Changement de FH/BYTEL,,5M,,27-06-2024,01:13:19,NHS_BATCH
100,000313549201,1,1,001001275099,,,,,,,,,,,,,,,,,,,,,,,,
100,000313549207,1,1,001001274596,,,,,,,,,,,,,,,,,,,,,,,,
100,000313549251,1,1,001001275102,,,,,,,,,,,,,,,,,,,,,,,,
100,000313549258,1,1,001001275109,,,,,,,,,,,,,,,,,,,,,,,,
100,000313549262,1,1,001001275112,,,,,,,,,,,,,,,,,,,,,,,,
100,000313549284,1,1,001001275095,,,,,,,,,,,,,,,,,,,,,,,,
100,000313549286,1,1,001001275105,,,,,,,,,,,,,,,,,,,,,,,,
100,000313549290,1,1,001001275111,,,,,,,,,,,,,,,,,,,,,,,,
100,000313549293,1,1,001001275117,,,,,,,,,,,,,,,,,,,,,,,,
100,000313549297,1,1,001001275097,,,,,,,,,,,,,,,,,,,,,,,,
100,000313549317,1,1,001001271774,,,,,,,,,,,,,,,,,,,,,,,,
100,000313549331,1,1,001001274586,,,,,,,,,,,,,,,,,,,,,,,,
100,000313549338,1,1,001001274585,,,,,,,,,,,,,,,,,,,,,,,,
100,000313549345,1,1,001001280068,,,,,,,,,,,,,,,,,,,,,,,,
100,000313549348,1,1,001001280033,,,,,,,,,,,,,,,,,,,,,,,,
100,000313549353,1,1,001001280030,,,,,,,,,,,,,,,,,,,,,,,,
100,000313549355,1,1,001001280032,,,,,,,,,,,,,,,,,,,,,,,,
100,000313549356,1,1,001001280029,,,,,,,,,,,,,,,,,,,,,,,,
100,000313549357,1,1,001001280053,,,,,,,,,,,,,,,,,,,,,,,,
100,000313549358,1,1,001001280081,,,,,,,,,,,,,,,,,,,,,,,,
100,000313549361,1,1,001001280079,,,,,,,,,,,,,,,,,,,,,,,,
100,000313549364,1,1,001001280047,,,,,,,,,,,,,,,,,,,,,,,,
100,000313549365,1,1,001001280076,,,,,,,,,,,,,,,,,,,,,,,,
100,000313549367,1,1,001001280063,,,,,,,,,,,,,,,,,,,,,,,,
100,000313549369,1,1,001001280046,,,,,,,,,,,,,,,,,,,,,,,,
100,000313549370,1,1,001001280039,,,,,,,,,,,,,,,,,,,,,,,,
100,000313549373,1,1,001001280071,,,,,,,,,,,,,,,,,,,,,,,,
100,000313549376,1,1,001001280061,,,,,,,,,,,,,,,,,,,,,,,,
100,000313549377,1,1,001001280034,,,,,,,,,,,,,,,,,,,,,,,,
100,000313549380,1,1,001001280048,,,,,,,,,,,,,,,,,,,,,,,,
100,000313549384,1,1,001001280043,,,,,,,,,,,,,,,,,,,,,,,,
100,000313549385,1,1,001001280044,,,,,,,,,,,,,,,,,,,,,,,,
100,000313549387,1,1,001001280084,,,,,,,,,,,,,,,,,,,,,,,,
100,000313549388,1,1,001001280028,,,,,,,,,,,,,,,,,,,,,,,,
100,000313549389,1,1,001001280065,,,,,,,,,,,,,,,,,,,,,,,,
100,000313549391,1,1,001001280027,,,,,,,,,,,,,,,,,,,,,,,,
100,000313549392,1,1,001001280074,,,,,,,,,,,,,,,,,,,,,,,,
100,000313549394,1,1,001001280042,,,,,,,,,,,,,,,,,,,,,,,,
100,000313549398,1,1,001001266695,,,,,,,,,,,,,,,,,,,,,,,,
100,000313549499,1,1,001001277979,,,,,,,,,,Cloturer : Shields (Refus RMA),13-09-2024,Probleme fonctionnel,30-07-2024,Fournisseur,19-04-2024,RRU indique H.S par l'amenageur,19-04-2024,RRU indique H.S par l'amenageur/Cloturer : Shields (Refus RMA)/Probleme fonctionnel/Fournisseur,,5M,,17-09-2024,01:47:15,NHS_BATCH
100,000313549555,1,1,001001311024,,,,,,,,,,Cloturer : Piece Bonne,27-08-2024,Probleme fonctionnel,30-07-2024,Fournisseur,19-04-2024,Le diagnostic initiale de l'ODU en erreur indique par l'amenageur,19-04-2024,Le diagnostic initiale de l'ODU en erreur indique par l'amenageur/Cloturer : Piece Bonne/Probleme fonctionnel/Fournisseur,,5M,,23-08-2024,01:17:30,NHS_BATCH
100,000313549631,1,1,001001267178,,,,,,,,,,,,,,,,,,,,,,,,
100,000313549632,1,1,001001272025,,,,,,,,,,,,,,,,,,,,,,,,
100,000313549634,1,1,001001272018,,,,,,,,,,,,,,,,,,,,,,,,
100,000313549681,1,1,001001276430,,,,,,,,,,Cloturer : Echange Standard,21-06-2024,Probleme fonctionnel,30-07-2024,Fournisseur,19-04-2024,RRU indique H.S par l'amenageur,19-04-2024,RRU indique H.S par l'amenageur/Cloturer : Echange Standard/Probleme fonctionnel/Fournisseur,,5M,,20-06-2024,01:03:25,NHS_BATCH
100,000313549779,1,1,001001266214,,,,,,,,,,,,,,,,,,,,,,,,
100,000313549801,1,1,001001280294,,,,,,,,,,Cloturer : Shields (Refus RMA),13-09-2024,Probleme fonctionnel,30-07-2024,Fournisseur,19-04-2024,Carte UMPTG2 indique H.S par l'amenageur,19-04-2024,Carte UMPTG2 indique H.S par l'amenageur/Cloturer : Shields (Refus RMA)/Probleme fonctionnel/Fournisseur,,5M,,17-09-2024,01:47:15,NHS_BATCH
100,000313551296,1,1,001001267179,,,,,,,,,,,,,,,,,,,,,,,,
100,000313551306,1,1,001001269565,,,,,,,,,,,,,,,,,,,,,,,,
100,000313551309,1,1,001001366760,,,,,,Order closed;UK replaced unit at site,03-01-2025,,,,,,,,,,,Order closed;UK replaced unit at site,,,,03-01-2025,13:57:07,SAPPIRFC
100,000313551311,1,1,001001271671,,,,,,,,,,,,,,,,,,,,,,,,
100,000313551315,1,1,001001267180,,,,,,,,,,,,,,,,,,,,,,,,
100,000313551318,1,1,001001271682,,,,,,,,,,,,,,,,,,,,,,,,
100,000313551326,1,1,001001268202,,,,,,,,,,,,,,,,,,,,,,,,
100,000313551329,1,1,001001266699,,,,,,,,,,,,,,,,,,,,,,,,
100,000313551335,1,1,001001270238,,,,,,,,,,,,,,,,,,,,,,,,
100,000313551338,1,1,001001264607,,,,,,,,,,,,,,,,,,,,,,,,
100,000313551340,1,1,001001266100,,,,,,,,,,,,,,,,,,,,,,,,
100,000313551342,1,1,001001264646,,,,,,,,,,,,,,,,,,,,,,,,
100,000313551343,1,1,001001269904,,,,,,,,,,,,,,,,,,,,,,,,
100,000313551351,1,1,001001267727,,,,,,,,,,,,,,,,,,,,,,,,
100,000313551353,1,1,001001269567,,,,,,,,,,,,,,,,,,,,,,,,
100,000313551355,1,1,001001264623,,,,,,,,,,,,,,,,,,,,,,,,
100,000313551358,1,1,001001269564,,,,,,,,,,,,,,,,,,,,,,,,
100,000313551361,1,1,001001271683,,,,,,,,,,,,,,,,,,,,,,,,
100,000313551416,1,1,001001447264,,,,,,,,,,,,,,,,,,,,,,,,
100,000313551435,1,1,001001271775,,,,,,,,,,,,,,,,,,,,,,,,
100,000313551449,1,1,001001269004,,,,,,,,,,,,,,,,,,,,,,,,
100,000313551452,1,1,001001270237,,,,,,,,,,,,,,,,,,,,,,,,
100,000313551459,1,1,001001269003,,,,,,,,,,,,,,,,,,,,,,,,
100,000313551461,1,1,001001274583,,,,,,,,,,,,,,,,,,,,,,,,
100,000313551504,1,1,001001271687,,,,,,,,,,,,,,,,,,,,,,,,
100,000313551565,1,1,001001264614,,,,,,,,,,,,,,,,,,,,,,,,
100,000313551605,1,1,001001264558,,,,,,,,,,,,,,,,,,,,,,,,
100,000313551611,1,1,001001270098,,,,,,,,,,,,,,,,,,,,,,,,
100,000313551614,1,1,001001267730,,,,,,,,,,,,,,,,,,,,,,,,
100,000313551616,1,1,001001267726,,,,,,,,,,,,,,,,,,,,,,,,
100,000313551622,1,1,001001269002,,,,,,,,,,,,,,,,,,,,,,,,
100,000313551626,1,1,001001271779,,,,,,,,,,,,,,,,,,,,,,,,
100,000313551657,1,1,001001265575,,,,,,,,,,,,,,,,,,,,,,,,
100,000313551678,1,1,001001269566,,,,,,,,,,,,,,,,,,,,,,,,
100,000313551680,1,1,001001271777,,,,,,,,,,,,,,,,,,,,,,,,
100,000313551684,1,1,001001270241,,,,,,,,,,,,,,,,,,,,,,,,
100,000313551685,1,1,001001264595,,,,,,,,,,,,,,,,,,,,,,,,
100,000313551776,1,1,001001275115,,,,,,,,,,,,,,,,,,,,,,,,
100,000313551787,1,1,001001275101,,,,,,,,,,,,,,,,,,,,,,,,
100,000313551810,1,1,001001275113,,,,,,,,,,,,,,,,,,,,,,,,
100,000313551811,1,1,001001275110,,,,,,,,,,,,,,,,,,,,,,,,
100,000313551812,1,1,001001275116,,,,,,,,,,,,,,,,,,,,,,,,
100,000313551815,1,1,001001271667,,,,,,,,,,,,,,,,,,,,,,,,
100,000313551816,1,1,001001265775,,,,,,,,,,,,,,,,,,,,,,,,
100,000313551818,1,1,001001267728,,,,,,,,,,,,,,,,,,,,,,,,
100,000313551822,1,1,001001268633,,,,,,,,,,,,,,,,,,,,,,,,
100,000313551860,1,1,001001290061,,,,,,,,,,Cloturer : Shields (Refus RMA),29-07-2024,Probleme fonctionnel,30-07-2024,Fournisseur,19-04-2024,ODU indique H.S par l'amenageur,19-04-2024,ODU indique H.S par l'amenageur/Cloturer : Shields (Refus RMA)/Probleme fonctionnel/Fournisseur,,5M,,13-07-2024,00:41:30,NHS_BATCH
100,000313551860,2,1,001001290062,,,,,,,,,,Cloturer : Shields (Refus RMA),29-07-2024,Probleme fonctionnel,30-07-2024,Fournisseur,19-04-2024,ODU indique H.S par l'amenageur,19-04-2024,ODU indique H.S par l'amenageur/Cloturer : Shields (Refus RMA)/Probleme fonctionnel/Fournisseur,,5M,,13-07-2024,00:41:31,NHS_BATCH
100,000313551911,1,1,001001276082,,,,,,,,,,,,,,,,,,,,,,,,
100,000313551912,1,1,001001276085,,,,,,,,,,,,,,,,,,,,,,,,
100,000313551913,1,1,001001276081,,,,,,,,,,,,,,,,,,,,,,,,
100,000313551914,1,1,001001276084,,,,,,,,,,,,,,,,,,,,,,,,
100,000313551915,1,1,001001276087,,,,,,,,,,,,,,,,,,,,,,,,
100,000313551917,1,1,001001276080,,,,,,,,,,,,,,,,,,,,,,,,
100,000313551937,1,1,001001276079,,,,,,,,,,,,,,,,,,,,,,,,
100,000313551938,1,1,001001276083,,,,,,,,,,,,,,,,,,,,,,,,
100,000313552491,1,1,001001269080,,,,,,,,,,Cloturer : Piece Bonne (Test CTDI NFF),13-09-2024,Probleme fonctionnel,30-07-2024,Fournisseur,19-04-2024,RRU indique H.S par l'amenageur,19-04-2024,RRU indique H.S par l'amenageur/Cloturer : Piece Bonne (Test CTDI NFF)/Probleme fonctionnel/Fournisseur,,5M,,12-09-2024,01:49:54,NHS_BATCH
100,000313552491,2,1,001001269081,,,,,,,,,,Cloturer : Shields (Refus RMA),14-05-2024,Probleme fonctionnel,30-07-2024,Fournisseur,19-04-2024,RRU indique H.S par l'amenageur,19-04-2024,RRU indique H.S par l'amenageur/Cloturer : Shields (Refus RMA)/Probleme fonctionnel/Fournisseur,,5M,,15-05-2024,01:08:05,NHS_BATCH
100,000313552491,3,1,001001269082,,,,,,,,,,Cloturer : Shields (Refus RMA),14-05-2024,Probleme fonctionnel,30-07-2024,Fournisseur,19-04-2024,RRU indique H.S par l'amenageur,19-04-2024,RRU indique H.S par l'amenageur/Cloturer : Shields (Refus RMA)/Probleme fonctionnel/Fournisseur,,5M,,15-05-2024,01:08:05,NHS_BATCH
100,000313552491,4,1,001001269083,,,,,,,,,,Cloturer : Echange Standard,24-05-2024,Probleme fonctionnel,30-07-2024,Fournisseur,19-04-2024,RRU indique H.S par l'amenageur,19-04-2024,RRU indique H.S par l'amenageur/Cloturer : Echange Standard/Probleme fonctionnel/Fournisseur,,5M,,24-05-2024,01:04:50,NHS_BATCH
100,000313552712,1,1,001001356899,,,,,,,,,,,,,,,,,,,,,,,,
100,000313552731,1,1,001001356669,,,,,,,,,,,,,,,,,,,,,,,,
100,000313552736,1,1,001001288275,,,,,,TD development,28-06-2024,,,,,,,,,,,TD development,,3,,28-06-2024,11:38:52,SAPPIRFC
100,000313552753,1,1,001001273476,,,,,,,,,,,,,,,,,,,,,,,,
100,000313553019,1,1,001001264971,,,,,,,,,,,,,,,,,,,,,,,,
100,000313553020,1,1,001001263182,,,,,,,,,,,,,,,,,,,,,,,,
100,000313553021,1,1,001001266095,,,,,,,,,,,,,,,,,,,,,,,,
100,000313553022,1,1,001001263144,,,,,,,,,,,,,,,,,,,,,,,,
100,000313553023,1,1,001001263281,,,,,,,,,,,,,,,,,,,,,,,,
100,000313553024,1,1,001001270117,,,,,,,,,,,,,,,,,,,,,,,,
100,000313553025,1,1,001001263260,,,,,,,,,,,,,,,,,,,,,,,,
100,000313553026,1,1,001001278780,,,,,,,,,,,,,,,,,,,,,,,,
100,000313553027,1,1,001001438853,,,,,,,,,,,,,,,,,,,,,,,,
100,000313553028,1,1,001001313148,,,,,,,,,,,,,,,,,,,,,,,,
100,000313553183,1,1,001001268635,,,,,,,,,,,,,,,,,,,,,,,,
100,000313553184,1,1,001001264545,,,,,,,,,,,,,,,,,,,,,,,,
100,000313553185,1,1,001001266696,,,,,,,,,,,,,,,,,,,,,,,,
100,000313553188,1,1,001001266698,,,,,,,,,,,,,,,,,,,,,,,,
100,000313553190,1,1,001001268999,,,,,,,,,,,,,,,,,,,,,,,,
100,000313553192,1,1,001001264657,,,,,,,,,,,,,,,,,,,,,,,,
100,000313553193,1,1,001001271730,,,,,,,,,,,,,,,,,,,,,,,,
100,000313553196,1,1,001001271121,,,,,,,,,,,,,,,,,,,,,,,,
100,000313553198,1,1,001001270932,,,,,,,,,,,,,,,,,,,,,,,,
100,000313553200,1,1,001001265778,,,,,,,,,,,,,,,,,,,,,,,,
100,000313553203,1,1,001001271805,,,,,,,,,,,,,,,,,,,,,,,,
100,000313553207,1,1,001001267729,,,,,,,,,,,,,,,,,,,,,,,,
100,000313553209,1,1,001001274592,,,,,,,,,,,,,,,,,,,,,,,,
100,000313553210,1,1,001001270961,,,,,,,,,,,,,,,,,,,,,,,,
100,000313553211,1,1,001001267724,,,,,,,,,,,,,,,,,,,,,,,,
100,000313553212,1,1,001001269792,,,,,,,,,,,,,,,,,,,,,,,,
100,000313553213,1,1,001001270100,,,,,,,,,,,,,,,,,,,,,,,,
100,000313553220,1,1,001001270235,,,,,,,,,,,,,,,,,,,,,,,,
100,000313553222,1,1,001001271808,,,,,,,,,,,,,,,,,,,,,,,,
100,000313553223,1,1,001001266196,,,,,,,,,,,,,,,,,,,,,,,,
100,000313553225,1,1,001001270967,,,,,,,,,,,,,,,,,,,,,,,,
100,000313553227,1,1,001001269543,,,,,,,,,,,,,,,,,,,,,,,,
100,000313553229,1,1,001001265776,,,,,,,,,,,,,,,,,,,,,,,,
100,000313553231,1,1,001001268859,,,,,,,,,,,,,,,,,,,,,,,,
100,000313553234,1,1,001001265774,,,,,,,,,,,,,,,,,,,,,,,,
100,000313553235,1,1,001001269540,,,,,,,,,,,,,,,,,,,,,,,,
100,000313553237,1,1,001001265779,,,,,,,,,,,,,,,,,,,,,,,,
100,000313553238,1,1,001001269541,,,,,,,,,,,,,,,,,,,,,,,,
100,000313553252,1,1,001001268201,,,,,,,,,,,,,,,,,,,,,,,,
100,000313553253,1,1,001001271109,,,,,,,,,,,,,,,,,,,,,,,,
100,000313553255,1,1,001001268634,,,,,,,,,,,,,,,,,,,,,,,,
100,000313553262,1,1,001001269542,,,,,,,,,,,,,,,,,,,,,,,,
100,000313553265,1,1,001001276163,,,,,,diffuclt repair,28-05-2024,,,,,,,,,,,diffuclt repair,,5A,,28-05-2024,10:50:15,SAPPIRFC
100,000313553267,1,1,001001269544,,,,,,,,,,,,,,,,,,,,,,,,
100,000313553268,1,1,001001265777,,,,,,,,,,,,,,,,,,,,,,,,
100,000313553270,1,1,001001271599,,,,,,,,,,,,,,,,,,,,,,,,
100,000313553271,1,1,001001269796,,,,,,,,,,,,,,,,,,,,,,,,
100,000313553272,1,1,001001269539,,,,,,,,,,,,,,,,,,,,,,,,
100,000313553273,1,1,001001268636,,,,,,,,,,,,,,,,,,,,,,,,
100,000313553275,1,1,001001274579,,,,,,,,,,,,,,,,,,,,,,,,
100,000313553276,1,1,001001271405,,,,,,,,,,,,,,,,,,,,,,,,
100,000313553277,1,1,001001266212,,,,,,,,,,,,,,,,,,,,,,,,
100,000313553278,1,1,001001274587,,,,,,,,,,,,,,,,,,,,,,,,
100,000313553280,1,1,001001270227,,,,,,,,,,,,,,,,,,,,,,,,
100,000313553281,1,1,001001269005,,,,,,,,,,,,,,,,,,,,,,,,
100,000313554048,1,1,001001269909,,,,,,,,,,Cloturer : Echange Standard,26-06-2024,Probleme fonctionnel,30-07-2024,Fournisseur,19-04-2024,RRU indique H.S par l'amenageur,19-04-2024,RRU indique H.S par l'amenageur/Cloturer : Echange Standard/Probleme fonctionnel/Fournisseur,,5M,,27-06-2024,01:13:19,NHS_BATCH
100,000313554055,1,1,001001271686,,,,,,,,,,,,,,,,,,,,,,,,
100,000313554064,1,1,001001269001,,,,,,,,,,,,,,,,,,,,,,,,
100,000313554170,1,1,001001288461,,,,,,,,CTDI : Rupture 3500074899,22-04-2024,Cloturer : Piece Bonne,01-07-2024,Erreur de commande APL,09-12-2024,MMO,19-04-2024,Erreur accessoire commande lors de l'APL initiale,19-04-2024,Erreur accessoire commande lors de l'APL initiale/Cloturer : Piece Bonne/Erreur de commande APL/MMO,,5M,,02-07-2024,01:20:35,NHS_BATCH
100,000313554170,2,1,001001288462,,,,,,,,CTDI : Rupture 3500074899,22-04-2024,Cloturer : Piece Bonne,01-07-2024,Erreur de commande APL,09-12-2024,MMO,19-04-2024,Erreur accessoire commande lors de l'APL initiale,19-04-2024,Erreur accessoire commande lors de l'APL initiale/Cloturer : Piece Bonne/Erreur de commande APL/MMO,,5M,,02-07-2024,01:20:36,NHS_BATCH
100,000313554170,3,1,001001288463,,,,,,,,CTDI : Rupture 3500074899,22-04-2024,Cloturer : Piece Bonne,01-07-2024,Erreur de commande APL,09-12-2024,MMO,19-04-2024,Erreur accessoire commande lors de l'APL initiale,19-04-2024,Erreur accessoire commande lors de l'APL initiale/Cloturer : Piece Bonne/Erreur de commande APL/MMO,,5M,,02-07-2024,01:20:36,NHS_BATCH
100,000313554170,4,1,001001288464,,,,,,,,CTDI : Rupture 3500074899,22-04-2024,Cloturer : Piece Bonne,01-07-2024,Erreur de commande APL,09-12-2024,MMO,19-04-2024,Erreur accessoire commande lors de l'APL initiale,19-04-2024,Erreur accessoire commande lors de l'APL initiale/Cloturer : Piece Bonne/Erreur de commande APL/MMO,,5M,,02-07-2024,01:20:36,NHS_BATCH
100,000313554214,1,1,001001444232,,,,,,Software Probleme; Fehlerbild in Analyse/Techn. Support involviert,25-06-2025,,,,,,,,,,,Software Probleme; Fehlerbild in Analyse/Techn. Support involviert,,5A,,25-06-2025,15:39:33,NHS050084
100,000313555213,1,1,001001444231,,,,,,Software Probleme; Fehlerbild in Analyse/Techn. Support involviert,25-06-2025,,,,,,,,,,,Software Probleme; Fehlerbild in Analyse/Techn. Support involviert,,5A,,25-06-2025,15:39:10,NHS050084
100,000313555599,1,1,001001266697,,,,,,,,,,,,,,,,,,,,,,,,
100,000313556025,1,1,001001270091,,,,,,,,,,,,,,,,,,,,,,,,
100,000313556036,1,1,001001271670,,,,,,,,,,,,,,,,,,,,,,,,
100,000313556046,1,1,001001272454,,,,,,,,,,,,,,,,,,,,,,,,
100,000313556095,1,1,001001275514,,,,,,TD Entwicklung 24.05.24,24-05-2024,,,,,,,,,,,TD Entwicklung 24.05.24,,,,24-05-2024,13:04:22,NHS000440
100,000313556110,1,1,001001271406,,,,,,,,,,,,,,,,,,,,,,,,
100,000313556139,1,1,001001269903,,,,,,,,,,,,,,,,,,,,,,,,
100,000313556141,1,1,001001272462,,,,,,,,,,,,,,,,,,,,,,,,
100,000313556143,1,1,001001271409,,,,,,,,,,,,,,,,,,,,,,,,
100,000313556145,1,1,001001274511,,,,,,,,,,,,,,,,,,,,,,,,
100,000313556148,1,1,001001274512,,,,,,,,,,,,,,,,,,,,,,,,
100,000313556149,1,1,001001274510,,,,,,,,,,,,,,,,,,,,,,,,
100,000313556151,1,1,001001271591,,,,,,,,,,,,,,,,,,,,,,,,
100,000313556152,1,1,001001272222,,,,,,,,,,,,,,,,,,,,,,,,
100,000313556153,1,1,001001270974,,,,,,,,,,,,,,,,,,,,,,,,
100,000313556155,1,1,001001272224,,,,,,,,,,,,,,,,,,,,,,,,
100,000313556156,1,1,001001272033,,,,,,,,,,,,,,,,,,,,,,,,
100,000313556158,1,1,001001272444,,,,,,,,,,,,,,,,,,,,,,,,
100,000313556159,1,1,001001270935,,,,,,,,,,,,,,,,,,,,,,,,
100,000313556164,1,1,001001271400,,,,,,,,,,,,,,,,,,,,,,,,
100,000313556166,1,1,001001272223,,,,,,,,,,,,,,,,,,,,,,,,
100,000313556168,1,1,001001273556,,,,,,,,,,,,,,,,,,,,,,,,
100,000313556170,1,1,001001273784,,,,,,,,,,,,,,,,,,,,,,,,
100,000313556174,1,1,001001273004,,,,,,,,,,,,,,,,,,,,,,,,
100,000313556176,1,1,001001273493,,,,,,,,,,,,,,,,,,,,,,,,
100,000313556177,1,1,001001363207,,,,,,,,,,,,,,,,,,,,,,,,
100,000313556178,1,1,001001272991,,,,,,,,,,,,,,,,,,,,,,,,
100,000313556179,1,1,001001273008,,,,,,,,,,,,,,,,,,,,,,,,
100,000313556180,1,1,001001272989,,,,,,,,,,,,,,,,,,,,,,,,
100,000313556183,1,1,001001274422,,,,,,,,,,,,,,,,,,,,,,,,
100,000313556185,1,1,001001271596,,,,,,,,,,,,,,,,,,,,,,,,
100,000313556187,1,1,001001349810,,,,,,,,,,,,,,,,,,,,,,,,
100,000313556189,1,1,001001273504,,,,,,,,,,,,,,,,,,,,,,,,
100,000313556191,1,1,001001272014,,,,,,,,,,,,,,,,,,,,,,,,
100,000313556192,1,1,001001274588,,,,,,,,,,,,,,,,,,,,,,,,
100,000313556193,1,1,001001274589,,,,,,,,,,,,,,,,,,,,,,,,
100,000313556194,1,1,001001273788,,,,,,,,,,,,,,,,,,,,,,,,
100,000313556198,1,1,001001271999,,,,,,,,,,,,,,,,,,,,,,,,
100,000313556199,1,1,001001269728,,,,,,,,,,,,,,,,,,,,,,,,
100,000313556200,1,1,001001271781,,,,,,,,,,,,,,,,,,,,,,,,
100,000313556201,1,1,001001279217,,,,,,TD development,05-06-2024,,,,,,,,,,,TD development,,3,,05-06-2024,09:07:26,SAPPIRFC
100,000313556202,1,1,001001313904,,,,,,TD development,30-08-2024,,,,,,,,,,,TD development,,3,,30-08-2024,08:10:56,SAPPIRFC
100,000313556203,1,1,001001272464,,,,,,,,,,,,,,,,,,,,,,,,
100,000313556204,1,1,001001363205,,,,,,,,,,,,,,,,,,,,,,,,
100,000313556205,1,1,001001365546,,,,,,,,,,,,,,,,,,,,,,,,
100,000313556207,1,1,001001269373,,,,,,,,,,,,,,,,,,,,,,,,
100,000313556208,1,1,001001271882,,,,,,,,,,,,,,,,,,,,,,,,
100,000313556209,1,1,001001275363,,,,,,,,,,,,,,,,,,,,,,,,
100,000313556210,1,1,001001275362,,,,,,,,,,,,,,,,,,,,,,,,
100,000313556211,1,1,001001279218,,,,,,TD development,05-06-2024,,,,,,,,,,,TD development,,3,,05-06-2024,09:07:27,SAPPIRFC
100,000313556212,1,1,001001272220,,,,,,,,,,,,,,,,,,,,,,,,
100,000313556213,1,1,001001282240,,,,,,TD development,13-06-2024,,,,,,,,,,,TD development,,3,,13-06-2024,09:41:45,SAPPIRFC
100,000313556244,1,1,001001275359,,,,,,,,,,,,,,,,,,,,,,,,
100,000313556245,1,1,001001271738,,,,,,,,,,,,,,,,,,,,,,,,
100,000313556248,1,1,001001361839,,,,,,,,,,,,,,,,,,,,,,,,
100,000313556519,1,1,001001272062,,,,,,PHYSICAL REPAIR 13.05.24,13-05-2024,,,,,,,,,,,PHYSICAL REPAIR 13.05.24,,,,13-05-2024,12:58:22,NHS000440
100,000313557180,1,1,001001271136,,,,,,,15-04-2024,,,Cloturer : Piece Bonne,16-05-2024,Erreur de commande APL,09-12-2024,MMO,19-04-2024,L'amenageur a indique le besoin de Bcube Mono lors de l'APL initiale,19-04-2024,L'amenageur a indique le besoin de Bcube Mono lors de l'APL initiale/Cloturer : Piece Bonne/Erreur de commande APL/MMO,,5M,,14-05-2024,01:26:30,NHS_BATCH
100,000313557180,2,1,001001271137,,,,,,,15-04-2024,,,Cloturer : Piece Bonne,16-05-2024,Erreur de commande APL,09-12-2024,MMO,19-04-2024,L'amenageur a indique le besoin de Bcube Mono lors de l'APL initiale,19-04-2024,L'amenageur a indique le besoin de Bcube Mono lors de l'APL initiale/Cloturer : Piece Bonne/Erreur de commande APL/MMO,,5M,,14-05-2024,01:26:30,NHS_BATCH
100,000313557188,1,1,001001311025,,,,,,,,,,Cloturer : Echange Standard,08-10-2024,Probleme fonctionnel,30-07-2024,Fournisseur,19-04-2024,L'amenageur indique un probleme de ventilation sur une Baseband ERI 6651,19-04-2024,L'amenageur indique un probleme de ventilation sur une Baseband ERI 6651/Cloturer : Echange Standard/Probleme fonctionnel/Fournisseur,,5M,,09-10-2024,01:46:07,NHS_BATCH
100,000313557619,1,1,001001274246,,,,,,,,,,,,,,,,,,,,,,,,
100,000313558024,1,1,001001276853,,,,,,,,,,,,,,,,,,,,,,,,
100,000313558042,1,1,001001280026,,,,,,,,,,,,,,,,,,,,,,,,
100,000313558081,1,1,001001275209,,,,,,,,,,,,,,,,,,,,,,,,
100,000313558097,1,1,001001274004,,,,,,,,,,,,,,,,,,,,,,,,
100,000313558113,1,1,001001275212,,,,,,,,,,,,,,,,,,,,,,,,
100,000313558164,1,1,001001275016,,,,,,,,,,,,,,,,,,,,,,,,
100,000313558180,1,1,001001272431,,,,,,,,,,,,,,,,,,,,,,,,
100,000313558190,1,1,001001273485,,,,,,,,,,,,,,,,,,,,,,,,
100,000313558199,1,1,001001282241,,,,,,TD development,13-06-2024,,,,,,,,,,,TD development,,3,,13-06-2024,09:41:48,SAPPIRFC
100,000313558206,1,1,001001275211,,,,,,,,,,,,,,,,,,,,,,,,
100,000313558210,1,1,001001275401,,,,,,,,,,,,,,,,,,,,,,,,
100,000313558219,1,1,001001269778,,,,,,,,,,,,,,,,,,,,,,,,
100,000313558221,1,1,001001275210,,,,,,,,,,,,,,,,,,,,,,,,
100,000313558244,1,1,001001274005,,,,,,,,,,,,,,,,,,,,,,,,
100,000313558871,1,1,001001271407,,,,,,,,,,,,,,,,,,,,,,,,
100,000313558876,1,1,001001274284,,,,,,,,,,,,,,,,,,,,,,,,
100,000313558893,1,1,001001275404,,,,,,,,,,,,,,,,,,,,,,,,
100,000313558962,1,1,001001272956,,,,,,,,,,,,,,,,,,,,,,,,
100,000313558975,1,1,001001274009,,,,,,,,,,,,,,,,,,,,,,,,
100,000313558982,1,1,001001275398,,,,,,,,,,,,,,,,,,,,,,,,
100,000313559024,1,1,001001275945,,,,,,,,CTDI : Codage antennaire necessaire,22-04-2024,Cloturer : Shields (COMSCOPE),30-05-2024,Dommage physique,30-07-2024,MMO,19-04-2024,Face avant de l'antenne radio endommage avec la nacelle lors del'installation indique par l'amenageur,19-04-2024,Face avant de l'antenne radio endommage avec la nacelle lors del'installation indique par l'amenageur/Cloturer : Shields (COMSCOPE)/Dommage physique/MMO,,5M,,30-05-2024,01:08:44,NHS_BATCH
100,000313559065,1,1,001001269910,,,,,,,,,,Cloturer : Shields (Refus RMA),25-09-2024,Changement de FH,01-08-2024,BYTEL,05-12-2024,Changement de canal sous Bande apres realisation de l'APL initiale,19-04-2024,Changement de canal sous Bande apres realisation de l'APL initiale/Cloturer : Shields (Refus RMA)/Changement de FH/BYTEL,,5M,,21-09-2024,01:44:09,NHS_BATCH
100,000313559083,1,1,001001272419,,,,,,,,,,,,,,,,,,,,,,,,
100,000313559178,1,1,001001276854,,,,,,,,,,,,,,,,,,,,,,,,
100,000313559216,1,1,001001271138,,,,,,,,,,Cloturer : Shields (Refus RMA),25-09-2024,Probleme fonctionnel,30-07-2024,Fournisseur,19-04-2024,ODU indique H.S par l'amenageur,19-04-2024,ODU indique H.S par l'amenageur/Cloturer : Shields (Refus RMA)/Probleme fonctionnel/Fournisseur,,5M,,21-09-2024,01:44:09,NHS_BATCH
100,000313559338,1,1,001001275225,,,,,,,,,,Cloturer : Piece Bonne,07-06-2024,Probleme fonctionnel,30-07-2024,Fournisseur,19-04-2024,RRU indique H.S par l'amenageur,19-04-2024,RRU indique H.S par l'amenageur/Cloturer : Piece Bonne/Probleme fonctionnel/Fournisseur,,5M,,12-06-2024,00:32:07,NHS_BATCH
100,000313559338,2,1,001001275226,,,,,,,,,,Cloturer : Piece Bonne,26-06-2024,Probleme fonctionnel,30-07-2024,Fournisseur,19-04-2024,SFP indique H.S par l'amenageur,19-04-2024,SFP indique H.S par l'amenageur/Cloturer : Piece Bonne/Probleme fonctionnel/Fournisseur,,5M,,27-06-2024,01:13:19,NHS_BATCH
100,000313559543,1,1,001001273671,,,,,,,,,,,,,,,,,,,,,,,,
100,000313559993,1,1,001001276161,,,,,,,,,,,,,,,,,,,,,,,,
100,000313560929,1,1,001001273370,,,,,,BG am 26.04.24 zu Vendor K-Businesscom/BG nicht im RS21 16.05.24,13-06-2024,,,,,,,,,,,BG am 26.04.24 zu Vendor K-Businesscom/BG nicht im RS21 16.05.24,,,,13-06-2024,09:22:01,NHS050084
100,000313561141,1,1,001001285352,,,,,,,,4514326716/465,25-09-2024,LOTE_295,24-06-2024,,,,,,,LOTE_295,,,,25-09-2024,12:36:39,NHSESLO01
100,000313561273,1,1,001001280089,,,,,,,,,,,,,,,,,,,,,,,,
100,000313561284,1,1,001001280055,,,,,,,,,,,,,,,,,,,,,,,,
100,000313561355,1,1,001001280086,,,,,,,,,,,,,,,,,,,,,,,,
100,000313561404,1,1,001001280025,,,,,,,,,,,,,,,,,,,,,,,,
100,000313561471,1,1,001001294109,,,,,,,,,,,,,,,,,,,,,,,,
100,000313561482,1,1,001001280088,,,,,,,,,,,,,,,,,,,,,,,,
100,000313561492,1,1,001001280052,,,,,,,,,,,,,,,,,,,,,,,,
100,000313561541,1,1,001001275008,,,,,,,,,,,,,,,,,,,,,,,,
100,000313561600,1,1,001001276173,,,,,,,,,,,,,,,,,,,,,,,,
100,000313561651,1,1,001001274822,,,,,,,,,,,,,,,,,,,,,,,,
100,000313561655,1,1,001001274426,,,,,,,,,,,,,,,,,,,,,,,,
100,000313561659,1,1,001001269786,,,,,,,,,,,,,,,,,,,,,,,,
100,000313561666,1,1,001001271903,,,,,,,,,,,,,,,,,,,,,,,,
100,000313562371,1,1,001001274821,,,,,,,,,,,,,,,,,,,,,,,,
100,000313562458,1,1,001001274425,,,,,,,,,,,,,,,,,,,,,,,,
100,000313562493,1,1,001001274128,,,,,,,,,,,,,,,,,,,,,,,,
100,000313562506,1,1,001001274786,,,,,,,,,,,,,,,,,,,,,,,,
100,000313562516,1,1,001001275003,,,,,,,,,,,,,,,,,,,,,,,,
100,000313562525,1,1,001001274015,,,,,,,,,,,,,,,,,,,,,,,,
100,000313562667,1,1,001001299305,,,,,,,,,,Cloturer : Shields (Article monte),29-07-2024,Probleme fonctionnel,30-07-2024,Fournisseur,19-04-2024,Probleme de pointage liaison sur le FH ERI,29-05-2024,Probleme de pointage liaison sur le FH ERI/Cloturer : Shields (Article monte)/Probleme fonctionnel/Fournisseur,,5M,,25-07-2024,00:46:14,NHS_BATCH
100,000313562667,2,1,001001299306,,,,,,,,,,Cloturer : Shields (Article monte),29-07-2024,Probleme fonctionnel,30-07-2024,Fournisseur,19-04-2024,Probleme de pointage liaison sur le FH ERI,29-05-2024,Probleme de pointage liaison sur le FH ERI/Cloturer : Shields (Article monte)/Probleme fonctionnel/Fournisseur,,5M,,25-07-2024,00:46:15,NHS_BATCH
100,000313562667,3,1,001001299307,,,,,,,,,,Cloturer : Shields (Article monte),29-07-2024,Probleme fonctionnel,30-07-2024,Fournisseur,19-04-2024,Probleme de pointage liaison sur le FH ERI,29-05-2024,Probleme de pointage liaison sur le FH ERI/Cloturer : Shields (Article monte)/Probleme fonctionnel/Fournisseur,,5M,,25-07-2024,00:46:15,NHS_BATCH
100,000313562667,4,1,001001299308,,,,,,,,,,Cloturer : Shields (Article monte),29-07-2024,Probleme fonctionnel,30-07-2024,Fournisseur,19-04-2024,Probleme de pointage liaison sur le FH ERI,29-05-2024,Probleme de pointage liaison sur le FH ERI/Cloturer : Shields (Article monte)/Probleme fonctionnel/Fournisseur,,5M,,25-07-2024,00:46:15,NHS_BATCH
100,000313562667,5,1,001001350164,,,,,,,,,,Cloturer : Echange Standard,16-01-2025,Probleme fonctionnel,30-07-2024,Fournisseur,19-04-2024,Probleme de pointage liaison sur le FH ERI,29-05-2024,Probleme de pointage liaison sur le FH ERI/Cloturer : Echange Standard/Probleme fonctionnel/Fournisseur,,5M,,17-01-2025,00:55:10,NHS_BATCH
100,000313562667,6,1,001001350165,,,,,,,,,,Cloturer : Echange Standard,16-01-2025,Probleme fonctionnel,30-07-2024,Fournisseur,19-04-2024,Probleme de pointage liaison sur le FH ERI,29-05-2024,Probleme de pointage liaison sur le FH ERI/Cloturer : Echange Standard/Probleme fonctionnel/Fournisseur,,5M,,17-01-2025,00:55:10,NHS_BATCH
100,000313562677,1,1,001001279850,,,,,,,,AR recibido ( no se puede poner label ),19-11-2024,,,,,,,,,,,,,19-11-2024,14:44:32,NHSESLO01
100,000313562739,1,1,001001280051,,,,,,,,,,,,,,,,,,,,,,,,
100,000313563013,1,1,001001276856,,,,,,,,,,,,,,,,,,,,,,,,
100,000313563014,1,1,001001282132,,,,,,,,,,,,,,,,,,,,,,,,
100,000313563028,1,1,001001282144,,,,,,,,,,,,,,,,,,,,,,,,
100,000313563029,1,1,001001282127,,,,,,,,,,,,,,,,,,,,,,,,
100,000313563030,1,1,001001282125,,,,,,,,,,,,,,,,,,,,,,,,
100,000313563034,1,1,001001276846,,,,,,,,,,,,,,,,,,,,,,,,
100,000313563036,1,1,001001276850,,,,,,,,,,,,,,,,,,,,,,,,
100,000313563037,1,1,001001276855,,,,,,,,,,,,,,,,,,,,,,,,
100,000313563040,1,1,001001282122,,,,,,,,,,,,,,,,,,,,,,,,
100,000313563041,1,1,001001276847,,,,,,,,,,,,,,,,,,,,,,,,
100,000313563042,1,1,001001282126,,,,,,,,,,,,,,,,,,,,,,,,
100,000313563043,1,1,001001282130,,,,,,,,,,,,,,,,,,,,,,,,
100,000313563044,1,1,001001276851,,,,,,,,,,,,,,,,,,,,,,,,
100,000313563045,1,1,001001276842,,,,,,,,,,,,,,,,,,,,,,,,
100,000313563050,1,1,001001282133,,,,,,,,,,,,,,,,,,,,,,,,
100,000313563051,1,1,001001276845,,,,,,,,,,,,,,,,,,,,,,,,
100,000313563053,1,1,001001282129,,,,,,,,,,,,,,,,,,,,,,,,
100,000313563056,1,1,001001282121,,,,,,,,,,,,,,,,,,,,,,,,
100,000313563062,1,1,001001280020,,,,,,,,,,,,,,,,,,,,,,,,
100,000313563065,1,1,001001282128,,,,,,,,,,,,,,,,,,,,,,,,
100,000313563067,1,1,001001276092,,,,,,,,,,,,,,,,,,,,,,,,
100,000313563068,1,1,001001276090,,,,,,,,,,,,,,,,,,,,,,,,
100,000313563082,1,1,001001277980,,,,,,,,,,Cloturer : Echange Standard,25-09-2024,Rajout en accord avec DCI/Do infra / SCM,05-12-2024,MMO,18-04-2024,Probleme de configuartion de l'ODU Hua XMC5D,29-05-2024,Probleme de configuartion de l'ODU Hua XMC5D/Cloturer : Echange Standard/Rajout en accord avec DCI/Do infra / SCM/MMO,,5M,,24-09-2024,01:44:53,NHS_BATCH
100,000313563093,1,1,001001276859,,,,,,,,,,,,,,,,,,,,,,,,
100,000313563095,1,1,001001282123,,,,,,,,,,,,,,,,,,,,,,,,
100,000313563096,1,1,001001276860,,,,,,,,,,,,,,,,,,,,,,,,
100,000313563098,1,1,001001276843,,,,,,,,,,,,,,,,,,,,,,,,
100,000313563141,1,1,001001282131,,,,,,,,,,,,,,,,,,,,,,,,
100,000313563144,1,1,001001272998,,,,,,,,,,,,,,,,,,,,,,,,
100,000313563148,1,1,001001276178,,,,,,,,,,,,,,,,,,,,,,,,
100,000313563149,1,1,001001272994,,,,,,,,,,,,,,,,,,,,,,,,
100,000313563150,1,1,001001273502,,,,,,,,,,,,,,,,,,,,,,,,
100,000313563151,1,1,001001274599,,,,,,,,,,,,,,,,,,,,,,,,
100,000313563154,1,1,001001273498,,,,,,,,,,,,,,,,,,,,,,,,
100,000313563159,1,1,001001274424,,,,,,,,,,,,,,,,,,,,,,,,
100,000313563161,1,1,001001268200,,,,,,,,,,,,,,,,,,,,,,,,
100,000313563162,1,1,001001269788,,,,,,,,,,,,,,,,,,,,,,,,
100,000313563164,1,1,001001272221,,,,,,,,,,,,,,,,,,,,,,,,
100,000313563165,1,1,001001272031,,,,,,,,,,,,,,,,,,,,,,,,
100,000313563166,1,1,001001276177,,,,,,,,,,,,,,,,,,,,,,,,
100,000313563167,1,1,001001273489,,,,,,,,,,,,,,,,,,,,,,,,
100,000313563173,1,1,001001269546,,,,,,,,,,,,,,,,,,,,,,,,
100,000313563175,1,1,001001269000,,,,,,,,,,,,,,,,,,,,,,,,
100,000313563176,1,1,001001273477,,,,,,,,,,,,,,,,,,,,,,,,
100,000313563179,1,1,001001288276,,,,,,TD development,28-06-2024,,,,,,,,,,,TD development,,3,,28-06-2024,11:38:52,SAPPIRFC
100,000313563180,1,1,001001274423,,,,,,,,,,,,,,,,,,,,,,,,
100,000313563181,1,1,001001274644,,,,,,,,,,,,,,,,,,,,,,,,
100,000313563183,1,1,001001269545,,,,,,,,,,,,,,,,,,,,,,,,
100,000313563185,1,1,001001273555,,,,,,,,,,,,,,,,,,,,,,,,
100,000313563188,1,1,001001274283,,,,,,,,,,,,,,,,,,,,,,,,
100,000313563189,1,1,001001313903,,,,,,TD development,30-08-2024,,,,,,,,,,,TD development,,3,,30-08-2024,08:10:50,SAPPIRFC
100,000313563191,1,1,001001273786,,,,,,,,,,,,,,,,,,,,,,,,
100,000313563194,1,1,001001275361,,,,,,,,,,,,,,,,,,,,,,,,
100,000313563196,1,1,001001275360,,,,,,,,,,,,,,,,,,,,,,,,
100,000313563199,1,1,001001275364,,,,,,,,,,,,,,,,,,,,,,,,
100,000313563201,1,1,001001275358,,,,,,,,,,,,,,,,,,,,,,,,
100,000313563220,1,1,001001300342,,,,,,,,,,Cloturer : Piece Bonne,29-07-2024,Changement de FH,01-08-2024,BYTEL,05-12-2024,Changement de site B,29-05-2024,Changement de site B/Cloturer : Piece Bonne/Changement de FH/BYTEL,,5M,,27-07-2024,00:41:29,NHS_BATCH
100,000313563220,2,1,001001300343,,,,,,,,,,Cloturer : Piece Bonne,29-07-2024,Changement de FH,01-08-2024,BYTEL,05-12-2024,Changement de site B,29-05-2024,Changement de site B/Cloturer : Piece Bonne/Changement de FH/BYTEL,,5M,,27-07-2024,00:41:30,NHS_BATCH
100,000313563220,3,1,,,,,,,,,,,,,Changement de FH,01-08-2024,BYTEL,05-12-2024,Changement de site B,29-05-2024,Changement de site B/Changement de FH/BYTEL,,,,05-12-2024,09:05:11,NHSFRSPM30
100,000313563220,4,1,,,,,,,,,,,,,Changement de FH,01-08-2024,BYTEL,05-12-2024,Changement de site B,29-05-2024,Changement de site B/Changement de FH/BYTEL,,,,05-12-2024,09:05:11,NHSFRSPM30
100,000313563220,5,1,001001339865,,,,,,,,,,Cloturer : Piece Bonne,12-11-2024,Changement de FH,01-08-2024,BYTEL,05-12-2024,Changement de site B,29-05-2024,Changement de site B/Cloturer : Piece Bonne/Changement de FH/BYTEL,,5M,,30-10-2024,02:00:13,NHS_BATCH
100,000313563220,6,1,001001339866,,,,,,,,,,Cloturer : Piece Bonne,12-11-2024,Changement de FH,01-08-2024,BYTEL,05-12-2024,Changement de site B,29-05-2024,Changement de site B/Cloturer : Piece Bonne/Changement de FH/BYTEL,,5M,,30-10-2024,02:00:13,NHS_BATCH
100,000313563434,1,1,001001454852,,,,,,,,,,,,,,,,,,,,,,,,
100,000313563435,1,1,001001454845,,,,,,,,,,,,,,,,,,,,,,,,
100,000313565192,1,1,001001274013,,,,,,,,,,,,,,,,,,,,,,,,
100,000313565262,1,1,001001274249,,,,,,,,,,,,,,,,,,,,,,,,
100,000313565271,1,1,001001274254,,,,,,,,,,,,,,,,,,,,,,,,
100,000313565277,1,1,001001274427,,,,,,,,,,,,,,,,,,,,,,,,
100,000313565322,1,1,001001274014,,,,,,,,,,,,,,,,,,,,,,,,
100,000313565325,1,1,001001275023,,,,,,,,,,,,,,,,,,,,,,,,
100,000313565341,1,1,001001274245,,,,,,,,,,,,,,,,,,,,,,,,
100,000313565349,1,1,001001274016,,,,,,,,,,,,,,,,,,,,,,,,
100,000313565350,1,1,001001275020,,,,,,,,,,,,,,,,,,,,,,,,
100,000313565351,1,1,001001269783,,,,,,,,,,,,,,,,,,,,,,,,
100,000313565357,1,1,001001273480,,,,,,,,,,,,,,,,,,,,,,,,
100,000313565360,1,1,001001272437,,,,,,,,,,,,,,,,,,,,,,,,
100,000313565410,1,1,001001454857,,,,,,,,,,,,,,,,,,,,,,,,
100,000313566227,1,1,001001274244,,,,,,,,,,,,,,,,,,,,,,,,
100,000313566233,1,1,001001274252,,,,,,,,,,,,,,,,,,,,,,,,
100,000313566236,1,1,001001274788,,,,,,,,,,,,,,,,,,,,,,,,
100,000313566249,1,1,001001276172,,,,,,,,,,,,,,,,,,,,,,,,
100,000313566258,1,1,001001275019,,,,,,,,,,,,,,,,,,,,,,,,
100,000313566266,1,1,001001271936,,,,,,,,,,,,,,,,,,,,,,,,
100,000313567012,1,1,001001273587,,,,,,,,,,,,,,,,,,,,,,,,
100,000313567013,1,1,001001273588,,,,,,,,,,,,,,,,,,,,,,,,
100,000313567595,1,1,001001295572,,,,,,,,,,,,,,,,,,,,,,,,
100,000313567596,1,1,001001274981,,,,,,,,,,,,,,,,,,,,,,,,
100,000313567597,1,1,001001274988,,,,,,,,,,,,,,,,,,,,,,,,
100,000313567598,1,1,001001280897,,,,,,,,,,,,,,,,,,,,,,,,
100,000313567599,1,1,001001266774,,,,,,,,,,,,,,,,,,,,,,,,
100,000313567600,1,1,001001266923,,,,,,,,,,,,,,,,,,,,,,,,
100,000313567601,1,1,001001266845,,,,,,,,,,,,,,,,,,,,,,,,
100,000313567927,1,1,001001269913,,,,,,l'amenageur indique un RRU ERI 4415 H.S,23-04-2024,,,Cloturer : Echange Standard,26-06-2024,Probleme fonctionnel,30-07-2024,Fournisseur,23-04-2024,l'amenageur indique un RRU ERI 4415 H.S,23-04-2024,l'amenageur indique un RRU ERI 4415 H.S/l'amenageur indique un RRU ERI 4415 H.S/Cloturer : Echange Standard/Probleme fonctionnel/Fournisseur,,5M,,27-06-2024,01:13:20,NHS_BATCH
100,000313568117,1,1,001001276174,,,,,,,,,,,,,,,,,,,,,,,,
100,000313568214,1,1,001001280014,,,,,,,,,,,,,,,,,,,,,,,,
100,000313568217,1,1,001001282135,,,,,,,,,,,,,,,,,,,,,,,,
100,000313568242,1,1,001001282140,,,,,,,,,,,,,,,,,,,,,,,,
100,000313568244,1,1,001001280016,,,,,,,,,,,,,,,,,,,,,,,,
100,000313568248,1,1,001001280003,,,,,,,,,,,,,,,,,,,,,,,,
100,000313568635,1,1,001001280015,,,,,,,,,,,,,,,,,,,,,,,,
100,000313568646,1,1,001001280031,,,,,,,,,,,,,,,,,,,,,,,,
100,000313568649,1,1,001001282139,,,,,,,,,,,,,,,,,,,,,,,,
100,000313568665,1,1,001001280017,,,,,,,,,,,,,,,,,,,,,,,,
100,000313568670,1,1,001001280019,,,,,,,,,,,,,,,,,,,,,,,,
100,000313568680,1,1,001001275227,,,,,,,,,,Cloturer : Shields (Refus RMA),13-09-2024,Probleme fonctionnel,30-07-2024,Fournisseur,23-04-2024,Probleme electrique rencontre changement de l'equipement sur demande duchef de projet BYTEL,23-04-2024,Probleme electrique rencontre changement de l'equipement sur demande duchef de projet BYTEL/Cloturer : Shields (Refus RMA)/Probleme fonctionnel/Fournisseur,,5M,,17-09-2024,01:47:15,NHS_BATCH
100,000313568680,2,1,001001294666,,,,,,,,,,Cloturer : Echange Standard,13-09-2024,Probleme fonctionnel,30-07-2024,Fournisseur,23-04-2024,Probleme electrique rencontre changement de l'equipement sur demande duchef de projet BYTEL,23-04-2024,Probleme electrique rencontre changement de l'equipement sur demande duchef de projet BYTEL/Cloturer : Echange Standard/Probleme fonctionnel/Fournisseur,,5M,,03-09-2024,01:19:11,NHS_BATCH
100,000313568709,1,1,001001282137,,,,,,,,,,,,,,,,,,,,,,,,
100,000313568737,1,1,001001276227,,,,,,,,,,,,,,,,,,,,,,,,
100,000313568756,1,1,001001276164,,,,,,,,,,,,,,,,,,,,,,,,
100,000313568809,1,1,001001278438,,,,,,,,,,,,,,,,,,,,,,,,
100,000313568825,1,1,001001279220,,,,,,,,,,,,,,,,,,,,,,,,
100,000313568833,1,1,001001276696,,,,,,,,,,,,,,,,,,,,,,,,
100,000313568864,1,1,001001276280,,,,,,,,,,,,,,,,,,,,,,,,
100,000313568870,1,1,001001278156,,,,,,,,,,,,,,,,,,,,,,,,
100,000313568872,1,1,001001275435,,,,,,,,,,,,,,,,,,,,,,,,
100,000313568880,1,1,001001275578,,,,,,,,,,,,,,,,,,,,,,,,
100,000313568882,1,1,001001276235,,,,,,,,,,,,,,,,,,,,,,,,
100,000313568883,1,1,001001276253,,,,,,,,,,,,,,,,,,,,,,,,
100,000313569461,1,1,001001410901,,,,,,Kal-Intervall verlängert bis 01.06.25,09-04-2025,,,,,,,,,,,Kal-Intervall verlängert bis 01.06.25,,5,,09-04-2025,16:36:01,NHSRS8201
100,000313569462,1,1,001001276247,,,,,,,,,,,,,,,,,,,,,,,,
100,000313569469,1,1,001001277456,,,,,,,,,,,,,,,,,,,,,,,,
100,000313569600,1,1,,,,,,,,,,,,,Dommage physique,30-07-2024,Fournisseur,24-04-2024,l'amenageur indique que le radome de l'antenne est arrive casse -Antenne FH non deballe avant expedition provenant d'un lot OCC,24-04-2024,l'amenageur indique que le radome de l'antenne est arrive casse -Antenne FH non deballe avant expedition provenant d'un lot OCC/Dommage physique/Fournisseur,,,,30-07-2024,15:55:31,NHSFRSPM30
100,000313569639,1,1,001001275585,"CW 00,0000",,24-05-2024,"CW 00,0000;CW 00,0000",,Bottleneck at Test Bench,24-05-2024,,,,,,,,,,,Bottleneck at Test Bench,,4,,24-05-2024,16:30:05,SAPPIRFC
100,000313569866,1,1,001001283019,,,,,,,,,,Cloturer : Shields (Refus RMA),13-09-2024,Probleme fonctionnel,30-07-2024,Fournisseur,24-04-2024,Carte UBBPG3B indique H.S par l'amenageur,24-04-2024,Carte UBBPG3B indique H.S par l'amenageur/Cloturer : Shields (Refus RMA)/Probleme fonctionnel/Fournisseur,,5M,,17-09-2024,01:47:15,NHS_BATCH
100,000313570014,1,1,001001282138,,,,,,,,,,,,,,,,,,,,,,,,
100,000313570018,1,1,001001280012,,,,,,,,,,,,,,,,,,,,,,,,
100,000313570199,1,1,001001275228,,,,,,,,,,Cloturer : Piece Bonne,26-06-2024,Erreur de commande APL,09-12-2024,MMO,24-04-2024,L'amenageur a indique un besoin de Bcube Triphase lors de l'APL initiale,24-04-2024,L'amenageur a indique un besoin de Bcube Triphase lors de l'APL initiale/Cloturer : Piece Bonne/Erreur de commande APL/MMO,,5M,,27-06-2024,01:13:20,NHS_BATCH
100,000313570199,2,1,001001275229,,,,,,,,,,Cloturer : Piece Bonne,26-06-2024,Erreur de commande APL,09-12-2024,MMO,24-04-2024,L'amenageur a indique un besoin de Bcube Triphase lors de l'APL initiale,24-04-2024,L'amenageur a indique un besoin de Bcube Triphase lors de l'APL initiale/Cloturer : Piece Bonne/Erreur de commande APL/MMO,,5M,,27-06-2024,01:13:20,NHS_BATCH
100,000313570386,1,1,001001297045,,,,,,,,,,Cloturer : Shields (Refus RMA),27-08-2024,Probleme fonctionnel,30-07-2024,Fournisseur,25-04-2024,L'amenageur indique l'impossibilite de recuperer le mot de passe de lacarte UMPTG2,25-04-2024,L'amenageur indique l'impossibilite de recuperer le mot de passe de lacarte UMPTG2/Cloturer : Shields (Refus RMA)/Probleme fonctionnel/Fournisseur,,5M,,09-08-2024,09:28:08,NHS_BATCH
100,000313570389,1,1,001001283560,,,,,,,,,,Cloturer : Shields (Refus RMA),13-09-2024,Probleme fonctionnel,30-07-2024,Fournisseur,25-04-2024,L'amenageur indique l'impossibilite de recuperer le mot de passe de lacarte UMPTG2,25-04-2024,L'amenageur indique l'impossibilite de recuperer le mot de passe de lacarte UMPTG2/Cloturer : Shields (Refus RMA)/Probleme fonctionnel/Fournisseur,,5M,,17-09-2024,01:47:16,NHS_BATCH
100,000313571132,1,1,001001277951,,,,,,,,,,,,,,,,,,,,,,,,
100,000313571136,1,1,001001275591,,,,,,,,,,,,,,,,,,,,,,,,
100,000313571224,1,1,001001276196,,,,,,,,,,,,,,,,,,,,,,,,
100,000313571236,1,1,001001274823,,,,,,,,,,,,,,,,,,,,,,,,
100,000313571242,1,1,001001276411,,,,,,,,,,,,,,,,,,,,,,,,
100,000313571245,1,1,001001276202,,,,,,,,,,,,,,,,,,,,,,,,
100,000313571258,1,1,001001276627,,,,,,,,,,,,,,,,,,,,,,,,
100,000313571264,1,1,001001276175,,,,,,,,,,,,,,,,,,,,,,,,
100,000313571367,1,1,001001280008,,,,,,,,,,,,,,,,,,,,,,,,
100,000313571528,1,1,001001275081,,,,,,,,,,,,,,,,,,,,,,,,
100,000313571567,1,1,001001282134,,,,,,,,,,,,,,,,,,,,,,,,
100,000313571655,1,1,001001284064,,,,,,,,,,Cloturer : Shields (Refus RMA),13-09-2024,Probleme fonctionnel,30-07-2024,Fournisseur,25-04-2024,L'amenageur indique un RRU Huawei 5516 H.S,25-04-2024,L'amenageur indique un RRU Huawei 5516 H.S/Cloturer : Shields (Refus RMA)/Probleme fonctionnel/Fournisseur,,5M,,17-09-2024,01:47:16,NHS_BATCH
100,000313571655,2,1,001001292717,,,,,,,,,,Cloturer : Echange Standard,27-08-2024,Probleme fonctionnel,30-07-2024,Fournisseur,25-04-2024,L'amenageur indique un d#faut de transmission cause par les SFPHUA-1.4KM OPTICAL TRANSC.SFP+ 1310NM,25-04-2024,L'amenageur indique un d#faut de transmission cause par les SFPHUA-1.4KM OPTICAL TRANSC.SFP+ 1310NM/Cloturer : Echange Standard/Probleme fonctionnel/Fournisseur,,5M,,11-08-2024,01:34:10,NHS_BATCH
100,000313571655,3,1,001001292718,,,,,,,,,,Cloturer : Echange Standard,27-08-2024,Probleme fonctionnel,30-07-2024,Fournisseur,25-04-2024,L'amenageur indique un d#faut de transmission cause par les SFPHUA-1.4KM OPTICAL TRANSC.SFP+ 1310NM,25-04-2024,L'amenageur indique un d#faut de transmission cause par les SFPHUA-1.4KM OPTICAL TRANSC.SFP+ 1310NM/Cloturer : Echange Standard/Probleme fonctionnel/Fournisseur,,5M,,11-08-2024,01:34:10,NHS_BATCH
100,000313571671,1,1,001001276760,,,,,,,,,,,,,,,,,,,,,,,,
100,000313571674,1,1,001001276654,,,,,,,,,,,,,,,,,,,,,,,,
100,000313571690,1,1,001001274824,,,,,,,,,,,,,,,,,,,,,,,,
100,000313571696,1,1,001001276183,,,,,,,,,,,,,,,,,,,,,,,,
100,000313571713,1,1,001001276604,,,,,,,,,,,,,,,,,,,,,,,,
100,000313571750,1,1,001001277453,,,,,,,,,,,,,,,,,,,,,,,,
100,000313571752,1,1,001001276221,,,,,,,,,,,,,,,,,,,,,,,,
100,000313571836,1,1,001001277454,,,,,,,,,,,,,,,,,,,,,,,,
100,000313571840,1,1,001001276215,,,,,,,,,,,,,,,,,,,,,,,,
100,000313571848,1,1,001001279219,,,,,,,,,,,,,,,,,,,,,,,,
100,000313571853,1,1,001001276683,,,,,,,,,,,,,,,,,,,,,,,,
100,000313571879,1,1,001001292719,,,,,,,,,,Cloturer : Shields (Refus RMA),29-07-2024,Probleme fonctionnel,30-07-2024,Fournisseur,26-04-2024,RRU H.S remonte par l'amenageur,25-04-2024,RRU H.S remonte par l'amenageur/Cloturer : Shields (Refus RMA)/Probleme fonctionnel/Fournisseur,,5M,,20-07-2024,00:53:02,NHS_BATCH
100,000313572460,1,1,001001279661,,,,,,,,,,Cloturer : Echange Standard,12-07-2024,Probleme fonctionnel,30-07-2024,Fournisseur,26-04-2024,,,Cloturer : Echange Standard/Probleme fonctionnel/Fournisseur,,5M,,10-07-2024,01:29:53,NHS_BATCH
100,000313572634,1,1,001001284065,,,,,,,,,,Cloturer : Echange Standard,27-08-2024,Changement de FH,01-08-2024,BYTEL,05-12-2024,Changement de liason FH SIAE vers FH ERI,26-04-2024,Changement de liason FH SIAE vers FH ERI/Cloturer : Echange Standard/Changement de FH/BYTEL,,5M,,24-08-2024,01:23:05,NHS_BATCH
100,000313572634,2,1,001001284066,,,,,,,,,,Cloturer : Echange Standard,27-08-2024,Changement de FH,01-08-2024,BYTEL,05-12-2024,Changement de liason FH SIAE vers FH ERI,26-04-2024,Changement de liason FH SIAE vers FH ERI/Cloturer : Echange Standard/Changement de FH/BYTEL,,5M,,24-08-2024,01:23:06,NHS_BATCH
100,000313572634,3,1,001001284067,,,,,,,,,,Cloturer : Shields (Article monte),01-07-2024,Changement de FH,01-08-2024,BYTEL,05-12-2024,Changement de liason FH SIAE vers FH ERI,26-04-2024,Changement de liason FH SIAE vers FH ERI/Cloturer : Shields (Article monte)/Changement de FH/BYTEL,,5M,,02-07-2024,01:20:36,NHS_BATCH
100,000313572634,4,1,001001284068,,,,,,,,,,Cloturer : Shields (Article monte),01-07-2024,Changement de FH,01-08-2024,BYTEL,05-12-2024,Changement de liason FH SIAE vers FH ERI,26-04-2024,Changement de liason FH SIAE vers FH ERI/Cloturer : Shields (Article monte)/Changement de FH/BYTEL,,5M,,02-07-2024,01:20:36,NHS_BATCH
100,000313572634,5,1,001001284069,,,,,,,,,,Cloturer : Shields (Refus RMA),28-06-2024,Changement de FH,01-08-2024,BYTEL,05-12-2024,Changement de liason FH SIAE vers FH ERI,26-04-2024,Changement de liason FH SIAE vers FH ERI/Cloturer : Shields (Refus RMA)/Changement de FH/BYTEL,,5M,,28-06-2024,01:22:21,NHS_BATCH
100,000313572634,6,1,001001284070,,,,,,,,,,Cloturer : Shields (Refus RMA),28-06-2024,Changement de FH,01-08-2024,BYTEL,05-12-2024,Changement de liason FH SIAE vers FH ERI,26-04-2024,Changement de liason FH SIAE vers FH ERI/Cloturer : Shields (Refus RMA)/Changement de FH/BYTEL,,5M,,28-06-2024,01:22:21,NHS_BATCH
100,000313572634,7,1,001001284071,,,,,,,,,,Cloturer : Shields (Refus RMA),28-06-2024,Changement de FH,01-08-2024,BYTEL,05-12-2024,Changement de liason FH SIAE vers FH ERI,26-04-2024,Changement de liason FH SIAE vers FH ERI/Cloturer : Shields (Refus RMA)/Changement de FH/BYTEL,,5M,,28-06-2024,01:22:21,NHS_BATCH
100,000313572634,8,1,001001284072,,,,,,,,,,Cloturer : Shields (Refus RMA),28-06-2024,Changement de FH,01-08-2024,BYTEL,05-12-2024,Changement de liason FH SIAE vers FH ERI,26-04-2024,Changement de liason FH SIAE vers FH ERI/Cloturer : Shields (Refus RMA)/Changement de FH/BYTEL,,5M,,28-06-2024,01:22:21,NHS_BATCH
100,000313572634,9,1,001001284073,,,,,,,,,,Cloturer : Shields (Refus RMA),28-06-2024,Changement de FH,01-08-2024,BYTEL,05-12-2024,Changement de liason FH SIAE vers FH ERI,26-04-2024,Changement de liason FH SIAE vers FH ERI/Cloturer : Shields (Refus RMA)/Changement de FH/BYTEL,,5M,,28-06-2024,01:22:21,NHS_BATCH
100,000313572634,10,1,001001284074,,,,,,,,,,Cloturer : Shields (Refus RMA),28-06-2024,Changement de FH,01-08-2024,BYTEL,05-12-2024,Changement de liason FH SIAE vers FH ERI,26-04-2024,Changement de liason FH SIAE vers FH ERI/Cloturer : Shields (Refus RMA)/Changement de FH/BYTEL,,5M,,28-06-2024,01:22:21,NHS_BATCH
100,000313572634,11,1,001001284075,,,,,,,,,,Cloturer : Shields (Refus RMA),28-06-2024,Changement de FH,01-08-2024,BYTEL,05-12-2024,Changement de liason FH SIAE vers FH ERI,26-04-2024,Changement de liason FH SIAE vers FH ERI/Cloturer : Shields (Refus RMA)/Changement de FH/BYTEL,,5M,,28-06-2024,01:22:21,NHS_BATCH
100,000313572634,12,1,001001284076,,,,,,,,,,Cloturer : Shields (Refus RMA),28-06-2024,Changement de FH,01-08-2024,BYTEL,05-12-2024,Changement de liason FH SIAE vers FH ERI,26-04-2024,Changement de liason FH SIAE vers FH ERI/Cloturer : Shields (Refus RMA)/Changement de FH/BYTEL,,5M,,28-06-2024,01:22:22,NHS_BATCH
100,000313572706,1,1,001001276636,,,,,,,,,,,,,,,,,,,,,,,,
100,000313572713,1,1,001001276597,,,,,,,,,,,,,,,,,,,,,,,,
100,000313572714,2,1,001001395028,,,,,,,,,,,,,,,,,,,,,,,,
100,000313572733,1,1,001001276616,,,,,,,,,,,,,,,,,,,,,,,,
100,000313572866,1,1,001001276770,,,,,,,,,,,,,,,,,,,,,,,,
100,000313572870,1,1,001001276771,,,,,,,,,,,,,,,,,,,,,,,,
100,000313572873,1,1,001001276768,,,,,,,,,,,,,,,,,,,,,,,,
100,000313572881,1,1,001001276676,,,,,,,,,,,,,,,,,,,,,,,,
100,000313572912,1,1,001001280007,,,,,,,,,,,,,,,,,,,,,,,,
100,000313573188,1,1,001001343214,,,,,,,,,,Cloturer : Stockage 40N (Projet Serialisation),19-02-2025,Probleme fonctionnel,30-07-2024,Fournisseur,29-04-2024,L'amenageur remonte un dysfonctionnement de l'alimentation zone tech,29-04-2024,L'amenageur remonte un dysfonctionnement de l'alimentation zone tech/Cloturer : Stockage 40N (Projet Serialisation)/Probleme fonctionnel/Fournisseur,,5M,,20-02-2025,00:09:29,NHS_BATCH
100,000313573906,1,1,001001276159,,,,,,,,,,,,,,,,,,,,,,,,
100,000313573912,1,1,001001276158,,,,,,,,,,,,,,,,,,,,,,,,
100,000313573924,1,1,001001276160,,,,,,,,,,,,,,,,,,,,,,,,
100,000313574512,1,1,001001270278,,,,,,,,,,,,,,,,,,,,,,,,
100,000313574729,1,1,001001282143,,,,,,,,,,,,,,,,,,,,,,,,
100,000313574801,1,1,001001282141,,,,,,,,,,,,,,,,,,,,,,,,
100,000313574820,1,1,001001280006,,,,,,,,,,,,,,,,,,,,,,,,
100,000313574821,1,1,001001279228,,,,,,,,,,,,,,,,,,,,,,,,
100,000313574851,1,1,001001282136,,,,,,,,,,,,,,,,,,,,,,,,
100,000313574943,1,1,001001277451,,,,,,,,,,,,,,,,,,,,,,,,
100,000313574955,1,1,001001277720,,,,,,,,,,,,,,,,,,,,,,,,
100,000313574960,1,1,001001277731,,,,,,,,,,,,,,,,,,,,,,,,
100,000313574964,1,1,001001277976,,,,,,,,,,,,,,,,,,,,,,,,
100,000313574968,1,1,001001279657,,,,,,,,,,,,,,,,,,,,,,,,
100,000313575041,1,1,001001300344,,,,,,,,,,Cloturer : Shields (Refus RMA),27-08-2024,Probleme fonctionnel,30-07-2024,Fournisseur,30-04-2024,L'amenageur indique un message d'erreur g#n#r# par la carte UBBPG3B,30-04-2024,L'amenageur indique un message d'erreur g#n#r# par la carte UBBPG3B/Cloturer : Shields (Refus RMA)/Probleme fonctionnel/Fournisseur,,5M,,23-08-2024,01:17:31,NHS_BATCH
100,000313575601,1,1,001001275946,,,,,,,,,,Cloturer : Echange Standard,21-06-2024,Probleme fonctionnel,30-07-2024,Fournisseur,30-04-2024,"L'amenageur remonte que les pas de vis sont trop grand, les vis tournent donc dans le vide sur le RRU secteur 3",30-04-2024,"L'amenageur remonte que les pas de vis sont trop grand, les vis tournent donc dans le vide sur le RRU secteur 3/Cloturer : Echange Standard/Probleme fonctionnel/Fournisseur",,5M,,20-06-2024,01:03:25,NHS_BATCH
100,000313575795,1,1,001001275230,,,,,,,,,,Cloturer : Piece Bonne,26-06-2024,Rajout en accord avec DCI/Do infra / SCM,05-12-2024,MMO,30-04-2024,Changement de conception radio apr#s envoie de l'APL initiale,30-04-2024,Changement de conception radio apr#s envoie de l'APL initiale/Cloturer : Piece Bonne/Rajout en accord avec DCI/Do infra / SCM/MMO,,5M,,27-06-2024,01:13:20,NHS_BATCH
100,000313575795,2,1,001001275231,,,,,,,,,,Cloturer : Piece Bonne,26-06-2024,Rajout en accord avec DCI/Do infra / SCM,05-12-2024,MMO,30-04-2024,Changement de conception radio apr#s envoie de l'APL initiale,30-04-2024,Changement de conception radio apr#s envoie de l'APL initiale/Cloturer : Piece Bonne/Rajout en accord avec DCI/Do infra / SCM/MMO,,5M,,27-06-2024,01:13:20,NHS_BATCH
100,000313575795,3,1,001001275232,,,,,,,,,,Cloturer : Piece Bonne,26-06-2024,Rajout en accord avec DCI/Do infra / SCM,05-12-2024,MMO,30-04-2024,Changement de conception radio apr#s envoie de l'APL initiale,30-04-2024,Changement de conception radio apr#s envoie de l'APL initiale/Cloturer : Piece Bonne/Rajout en accord avec DCI/Do infra / SCM/MMO,,5M,,27-06-2024,01:13:20,NHS_BATCH
100,000313575854,1,1,001001300907,,,,,,,,,,Cloturer : Shields (Refus RMA),13-09-2024,Probleme fonctionnel,30-07-2024,Fournisseur,30-04-2024,L'amenageur remonte un RRU 1800.2100 H.S,30-04-2024,L'amenageur remonte un RRU 1800.2100 H.S/Cloturer : Shields (Refus RMA)/Probleme fonctionnel/Fournisseur,,5M,,17-09-2024,01:47:16,NHS_BATCH
100,000313576092,1,1,001001280009,,,,,,,,,,,,,,,,,,,,,,,,
100,000313576126,1,1,001001282142,,,,,,,,,,,,,,,,,,,,,,,,
100,000313576136,1,1,001001280013,,,,,,,,,,,,,,,,,,,,,,,,
100,000313576141,1,1,001001280010,,,,,,,,,,,,,,,,,,,,,,,,
100,000313576152,1,1,001001280002,,,,,,,,,,,,,,,,,,,,,,,,
100,000313576374,1,1,001001277957,,,,,,,,,,,,,,,,,,,,,,,,
100,000313576395,1,1,001001279137,,,,,,,,,,,,,,,,,,,,,,,,
100,000313576413,1,1,001001276265,,,,,,,,,,,,,,,,,,,,,,,,
100,000313576415,1,1,001001280004,,,,,,,,,,,,,,,,,,,,,,,,
100,000313576425,1,1,001001277945,,,,,,,,,,,,,,,,,,,,,,,,
100,000313576461,1,1,001001279136,,,,,,,,,,,,,,,,,,,,,,,,
100,000313576464,1,1,001001282242,,,,,,,,,,,,,,,,,,,,,,,,
100,000313576508,1,1,001001275575,,,,,,,,,,,,,,,,,,,,,,,,
100,000313576514,1,1,001001278439,,,,,,,,,,,,,,,,,,,,,,,,
100,000313576527,1,1,001001447957,,,,,,,,,,,,,,,,,,,,,,,,
100,000313577080,1,1,001001276165,,,,,,,,,,,,,,,,,,,,,,,,
100,000313577081,1,1,001001278125,,,,,,,,,,,,,,,,,,,,,,,,
100,000313577082,1,1,001001278177,,,,,,,,,,,,,,,,,,,,,,,,
100,000313577117,1,1,001001278246,,,,,,,,,,,,,,,,,,,,,,,,
100,000313577565,1,1,001001283020,,,,,,,,,,Cloturer : Piece Bonne,26-06-2024,Erreur de commande APL,09-12-2024,MMO,02-05-2024,L'amenageur a indique un besoin de deux Bcube 9Kw Mono lors de l'APLinitiale,02-05-2024,L'amenageur a indique un besoin de deux Bcube 9Kw Mono lors de l'APLinitiale/Cloturer : Piece Bonne/Erreur de commande APL/MMO,,5M,,19-06-2024,01:09:23,NHS_BATCH
100,000313577565,2,1,001001283561,,,,,,,,,,Cloturer : Piece Bonne,26-06-2024,Erreur de commande APL,09-12-2024,MMO,02-05-2024,L'amenageur a indique un besoin de deux Bcube 9Kw Mono lors de l'APLinitiale,02-05-2024,L'amenageur a indique un besoin de deux Bcube 9Kw Mono lors de l'APLinitiale/Cloturer : Piece Bonne/Erreur de commande APL/MMO,,5M,,19-06-2024,01:09:23,NHS_BATCH
100,000313577574,1,1,001001279227,,,,,,,,,,,,,,,,,,,,,,,,
100,000313577658,1,1,001001280037,,,,,,,,,,,,,,,,,,,,,,,,
100,000313577684,1,1,001001273285,,,,,,ANGEBOTSBEARB. OC/ Anfrage an Kunden am 16.05.2024,16-05-2024,,,,,,,,,,,ANGEBOTSBEARB. OC/ Anfrage an Kunden am 16.05.2024,,5,,16-05-2024,13:12:12,NHS052614
100,000313577690,1,1,001001280022,,,,,,,,,,,,,,,,,,,,,,,,
100,000313577833,1,1,001001281675,,,,,,,,,,,,,,,,,,,,,,,,
100,000313577838,1,1,001001282238,,,,,,,,,,,,,,,,,,,,,,,,
100,000313577854,1,1,001001278251,,,,,,,,,,,,,,,,,,,,,,,,
100,000313577884,1,1,001001277448,,,,,,,,,,,,,,,,,,,,,,,,
100,000313577894,1,1,001001278183,,,,,,,,,,,,,,,,,,,,,,,,
100,000313577911,1,1,001001277726,,,,,,,,,,,,,,,,,,,,,,,,
100,000313577983,1,1,001001289457,,,,,,,,,,,,,,,,,,,,,,,,
100,000313577989,1,1,001001289455,,,,,,,,,,,,,,,,,,,,,,,,
100,000313577996,1,1,001001289453,,,,,,,,,,,,,,,,,,,,,,,,
100,000313577998,1,1,001001289456,,,,,,,,,,,,,,,,,,,,,,,,
100,000313578946,1,1,001001279718,,,,,,,,,,CQS1546047/RMA Beantragung,18-06-2024,,,,,,,CQS1546047/RMA Beantragung,,5,,18-06-2024,14:01:51,NHSSPRI03
100,000313579299,1,1,001001279658,,,,,,,,,,,,,,,,,,,,,,,,
100,000313579384,1,1,001001274430,,,,,,,,CTDI : Retard Transport,07-06-2024,Cloturer : Shields (Refus RMA),27-06-2024,Probleme fonctionnel,30-07-2024,Fournisseur,03-05-2024,L'amenageur indique une carte radio Huawei UBBPG2 H.S,03-05-2024,L'amenageur indique une carte radio Huawei UBBPG2 H.S/Cloturer : Shields (Refus RMA)/Probleme fonctionnel/Fournisseur,,5M,,28-06-2024,01:22:22,NHS_BATCH
100,000313579628,1,1,001001273184,,,,,,,,,,,,,,,,,,,,,,,,
100,000313579683,1,1,001001281054,,,,,,,,,,,,,,,,,,,,,,,,
100,000313579735,1,1,001001280884,,,,,,,,,,,,,,,,,,,,,,,,
100,000313579739,1,1,001001281271,,,,,,,,,,,,,,,,,,,,,,,,
100,000313579759,1,1,001001273185,,,,,,,,,,,,,,,,,,,,,,,,
100,000313579869,1,1,001001273965,,,,,,,,,,,,,,,,,,,,,,,,
100,000313580016,1,1,001001429523,,,,,,,,,,,,,,,,,,,,,,,,
100,000313580021,1,1,001001280542,,,,,,,,,,,,,,,,,,,,,,,,
100,000313581624,1,1,001001276392,,,,,,,,,,,,,,,,,,,,,,,,
100,000313581625,1,1,001001308194,,,,,,,,,,,,,,,,,,,,,,,,
100,000313581626,1,1,001001270923,,,,,,,,,,,,,,,,,,,,,,,,
100,000313581627,1,1,001001295953,,,,,,,,,,,,,,,,,,,,,,,,
100,000313581628,1,1,001001270958,,,,,,,,,,,,,,,,,,,,,,,,
100,000313581629,1,1,001001363980,,,,,,,,,,,,,,,,,,,,,,,,
100,000313581630,1,1,001001270946,,,,,,,,,,,,,,,,,,,,,,,,
100,000313582103,1,1,001001282637,,,,,,,,CTDI : Retard suite a rupture,07-06-2024,Cloturer : Shields (Refus RMA),29-07-2024,Changement de FH,01-08-2024,BYTEL,05-12-2024,changement de canal sous Bande apres envoi de l'APL initiale,07-05-2024,changement de canal sous Bande apres envoi de l'APL initiale/Cloturer : Shields (Refus RMA)/Changement de FH/BYTEL,,5M,,14-09-2024,01:09:23,NHS_BATCH
100,000313582103,2,1,001001282638,,,,,,,,CTDI : Retard suite a rupture,07-06-2024,Cloturer : Echange Standard,25-09-2024,Changement de FH,01-08-2024,BYTEL,05-12-2024,changement de canal sous Bande apres envoi de l'APL initiale,07-05-2024,changement de canal sous Bande apres envoi de l'APL initiale/Cloturer : Echange Standard/Changement de FH/BYTEL,,5M,,24-09-2024,01:44:53,NHS_BATCH
100,000313582596,1,1,001001280878,,,,,,,,,,,,,,,,,,,,,,,,
100,000313582614,1,1,001001279655,,,,,,,,,,,,,,,,,,,,,,,,
100,000313583127,1,1,001001282153,,,,,,,,,,,,,,,,,,,,,,,,
100,000313583153,1,1,001001282145,,,,,,,,,,,,,,,,,,,,,,,,
100,000313583161,1,1,001001282147,,,,,,,,,,,,,,,,,,,,,,,,
100,000313583417,1,1,001001282152,,,,,,,,,,,,,,,,,,,,,,,,
100,000313583613,1,1,001001449652,,,,,,,,,,,,,,,,,,,,,,,,
100,000313584385,1,1,001001279138,,,,,,,,,,,,,,,,,,,,,,,,
100,000313584386,1,1,001001279135,,,,,,,,,,,,,,,,,,,,,,,,
100,000313584465,1,1,001001280520,,,,,,,,,,,,,,,,,,,,,,,,
100,000313584650,1,1,001001275223,,,,,,,,,,,,,,,,,,,,,,,,
100,000313584771,2,1,,,,,,,,,,,,,,,,,#FAILURE-GB,15-05-2024,#FAILURE-GB,,,,15-05-2024,10:29:56,NHS051519
100,000313584875,1,1,001001282244,,,,,,,,,,,,,,,,,,,,,,,,
100,000313584882,1,1,001001278432,,,,,,,,,,,,,,,,,,,,,,,,
100,000313584901,1,1,001001282146,,,,,,,,,,,,,,,,,,,,,,,,
100,000313584903,1,1,001001278143,,,,,,,,,,,,,,,,,,,,,,,,
100,000313585038,1,1,001001279226,,,,,,,,,,,,,,,,,,,,,,,,
100,000313585074,1,1,001001280899,,,,,,,,,,,,,,,,,,,,,,,,
100,000313585150,1,1,001001280090,,,,,,,,,,,,,,,,,,,,,,,,
100,000313585152,1,1,001001282151,,,,,,,,,,,,,,,,,,,,,,,,
100,000313585182,1,1,001001280023,,,,,,,,,,,,,,,,,,,,,,,,
100,000313586219,1,1,001001283764,,,,,,,,,,,,,,,,,,,,,,,,
100,000313586224,1,1,001001280092,,,,,,,,,,,,,,,,,,,,,,,,
100,000313586281,1,1,001001282148,,,,,,,,,,,,,,,,,,,,,,,,
100,000313586282,1,1,001001282149,,,,,,,,,,,,,,,,,,,,,,,,
100,000313586315,1,1,001001279659,,,,,,,,,,,,,,,,,,,,,,,,
100,000313586316,1,1,001001288279,,,,,,TD development,28-06-2024,,,,,,,,,,,TD development,,3,,28-06-2024,11:38:54,SAPPIRFC
100,000313586317,1,1,001001276293,,,,,,,,,,,,,,,,,,,,,,,,
100,000313586318,1,1,001001276297,,,,,,,,,,,,,,,,,,,,,,,,
100,000313588061,1,1,001001444236,,,,,,Spannungfehler Mainboard/Techn. Support involviert,25-06-2025,,,,,,,,,,,Spannungfehler Mainboard/Techn. Support involviert,,5A,,25-06-2025,15:41:08,NHS050084
100,000313588252,1,1,001001280705,,,,,,,,,,,,,,,,,,,,,,,,
100,000313588253,1,1,001001280706,,,,,,,,,,,,,,,,,,,,,,,,
100,000313588254,1,1,001001280710,,,,,,,,,,,,,,,,,,,,,,,,
100,000313588565,1,1,001001280716,,,,,,,,,,,,,,,,,,,,,,,,
100,000313588583,1,1,001001280715,,,,,,,,,,,,,,,,,,,,,,,,
100,000313588602,1,1,001001282150,,,,,,,,,,,,,,,,,,,,,,,,
100,000313588979,1,1,001001275222,,,,,,,,,,,,,,,,,,,,,,,,
100,000313588980,1,1,001001275213,,,,,,,,,,,,,,,,,,,,,,,,
100,000313589049,1,1,001001279890,,,,,,,,,,,,,,,,,,,,,,,,
100,000313589053,1,1,001001283781,,,,,,,,,,,,,,,,,,,,,,,,
100,000313589061,1,1,001001280822,,,,,,,,,,,,,,,,,,,,,,,,
100,000313589071,1,1,001001280288,,,,,,,,,,,,,,,,,,,,,,,,
100,000313589117,1,1,001001277714,,,,,,,,,,,,,,,,,,,,,,,,
100,000313589122,1,1,001001276289,,,,,,,,,,,,,,,,,,,,,,,,
100,000313589126,1,1,001001276277,,,,,,,,,,,,,,,,,,,,,,,,
100,000313589210,1,1,001001279656,,,,,,,,,,,,,,,,,,,,,,,,
100,000313589220,1,1,001001276153,,,,,,,,,,,,,,,,,,,,,,,,
100,000313589240,1,1,001001283021,,,,,,,,,,Cloturer : Piece Bonne,21-06-2024,Changement de FH,01-08-2024,BYTEL,05-12-2024,changement de fr#quence demander par l'ing#nierie,13-05-2024,changement de fr#quence demander par l'ing#nierie/Cloturer : Piece Bonne/Changement de FH/BYTEL,,5M,,19-06-2024,01:09:23,NHS_BATCH
100,000313589240,2,1,001001284077,,,,,,,,Colis retour perdu (XA431687466FR)par Chronopost le 23/05/2024,19-07-2024,Cloturer : Piece Bonne,26-06-2024,Changement de FH,01-08-2024,BYTEL,05-12-2024,changement de fr#quence demander par l'ing#nierie,13-05-2024,changement de fr#quence demander par l'ing#nierie/Cloturer : Piece Bonne/Changement de FH/BYTEL,,5M,,22-06-2024,01:23:54,NHS_BATCH
100,000313590271,1,1,001001293894,,,,,,,,,,,,,,,,,,,,,,,,
100,000313590354,1,1,001001451827,,,,,,,,,,,,,,,,,,,,,,,,
100,000313590472,1,1,001001283782,,,,,,,,,,,,,,,,,,,,,,,,
100,000313590487,1,1,001001280718,,,,,,,,,,,,,,,,,,,,,,,,
100,000313590495,1,1,001001277715,,,,,,,,,,,,,,,,,,,,,,,,
100,000313590500,1,1,001001277626,,,,,,,,,,,,,,,,,,,,,,,,
100,000313590508,1,1,001001279134,,,,,,,,,,,,,,,,,,,,,,,,
100,000313590514,1,1,001001281701,,,,,,,,,,,,,,,,,,,,,,,,
100,000313590542,1,1,001001281578,,,,,,,,,,,,,,,,,,,,,,,,
100,000313590547,1,1,001001282414,,,,,,,,,,,,,,,,,,,,,,,,
100,000313591089,1,1,001001281860,,,,,,,,,,,,,,,,,,,,,,,,
100,000313592143,1,1,001001283777,,,,,,,,,,,,,,,,,,,,,,,,
100,000313592159,1,1,001001283767,,,,,,,,,,,,,,,,,,,,,,,,
100,000313592173,1,1,001001283771,,,,,,,,,,,,,,,,,,,,,,,,
100,000313592238,1,1,001001283783,,,,,,,,,,,,,,,,,,,,,,,,
100,000313592548,1,1,001001282304,,,,,,,,,,,,,,,,,,,,,,,,
100,000313592567,1,1,001001284504,,,,,,,,,,,,,,,,,,,,,,,,
100,000313592613,1,1,001001286951,,,,,,,,,,,,,,,,,,,,,,,,
100,000313592619,1,1,001001281330,,,,,,,,,,,,,,,,,,,,,,,,
100,000313592625,1,1,001001281575,,,,,,,,,,,,,,,,,,,,,,,,
100,000313592735,1,1,001001283785,,,,,,,,,,,,,,,,,,,,,,,,
100,000313592930,1,1,001001282639,,,,,,,,,,Cloturer : Shields (Refus RMA),13-09-2024,Probleme fonctionnel,30-07-2024,Fournisseur,15-05-2024,Equipement non fonctionnel echange standard,15-05-2024,Equipement non fonctionnel echange standard/Cloturer : Shields (Refus RMA)/Probleme fonctionnel/Fournisseur,,5M,,17-09-2024,01:47:16,NHS_BATCH
100,000313593089,1,1,001001300345,,,,,,,,,,Cloturer : Shields (Refus RMA),27-08-2024,Probleme fonctionnel,30-07-2024,Fournisseur,15-05-2024,Equipement non fonctionnel echange standard,15-05-2024,Equipement non fonctionnel echange standard/Cloturer : Shields (Refus RMA)/Probleme fonctionnel/Fournisseur,,5M,,23-08-2024,01:17:31,NHS_BATCH
100,000313593153,1,1,001001289114,,,,,,Klärung OPM 2.7.24,02-07-2024,,,,,,,,,,,Klärung OPM 2.7.24,,5,,02-07-2024,10:55:22,NHS000033
100,000313593629,1,1,001001329922,,,,,,,,,,Cloturer : Shields (Refus RMA),23-10-2024,Probleme fonctionnel,30-07-2024,Fournisseur,17-05-2024,Licence ODU indique perime par l'amenageur,29-05-2024,Licence ODU indique perime par l'amenageur/Cloturer : Shields (Refus RMA)/Probleme fonctionnel/Fournisseur,,5M,,24-10-2024,02:08:36,NHS_BATCH
100,000313593629,2,1,001001329923,,,,,,,,,,Cloturer : Shields (Refus RMA),23-10-2024,Probleme fonctionnel,30-07-2024,Fournisseur,17-05-2024,Licence ODU indique perime par l'amenageur,29-05-2024,Licence ODU indique perime par l'amenageur/Cloturer : Shields (Refus RMA)/Probleme fonctionnel/Fournisseur,,5M,,24-10-2024,02:08:36,NHS_BATCH
100,000313593735,1,1,001001280291,,,,,,,,,,,,,,,,,,,,5,,10-06-2024,10:25:32,NHSITPM03
100,000313593736,1,1,001001280292,,,,,,,,,,,,,,,,,,,,5,,10-06-2024,10:25:32,NHSITPM03
100,000313593737,1,1,001001280293,,,,,,,,,,,,,,,,,,,,5,,10-06-2024,10:25:32,NHSITPM03
100,000313593802,1,1,001001280289,,,,,,,,,,,,,,,,,,,,5,,10-06-2024,10:25:32,NHSITPM03
100,000313593803,1,1,001001280290,,,,,,,,,,,,,,,,,,,,5,,10-06-2024,10:25:32,NHSITPM03
100,000313593813,1,1,001001280107,,,,,,,,,,,,,,,,,,,,,,,,
100,000313593956,1,1,001001283450,,,,,,No Golden Unit available 25.02.25/Anfrage Supply 21.10.24/Difficult repair 17.06.24,25-02-2025,,,,,,,,,,,No Golden Unit available 25.02.25/Anfrage Supply 21.10.24/Difficult repair 17.06.24,,,,25-02-2025,13:20:02,NHS000440
100,000313593992,1,1,001001280712,,,,,,,,,,,,,,,,,,,,,,,,
100,000313593993,1,1,001001280713,,,,,,,,,,,,,,,,,,,,,,,,
100,000313593994,1,1,001001280714,,,,,,,,,,,,,,,,,,,,,,,,
100,000313594269,1,1,001001283774,,,,,,,,,,,,,,,,,,,,,,,,
100,000313594459,1,1,001001288454,,,,,,,,,,,,,,,,,,,,,,,,
100,000313594523,1,1,001001454860,,,,,,,,,,,,,,,,,,,,,,,,
100,000313594524,1,1,001001454863,,,,,,,,,,,,,,,,,,,,,,,,
100,000313594614,1,1,001001281723,,,,,,,,,,,,,,,,,,,,,,,,
100,000313594905,1,1,001001290063,,,,,,,,,,Cloturer : Echange Standard,29-07-2024,Probleme fonctionnel,30-07-2024,Fournisseur,17-05-2024,Carte ventilateur indique H.S par l'amenageur,29-05-2024,Carte ventilateur indique H.S par l'amenageur/Cloturer : Echange Standard/Probleme fonctionnel/Fournisseur,,5M,,23-07-2024,00:51:17,NHS_BATCH
100,000313595567,1,1,001001280295,,,,,,,,,,Cloturer : Echange Standard,12-07-2024,Probleme fonctionnel,30-07-2024,Fournisseur,17-05-2024,Connection impossible avec la Baseband ERI 6651,29-05-2024,Connection impossible avec la Baseband ERI 6651/Cloturer : Echange Standard/Probleme fonctionnel/Fournisseur,,5M,,10-07-2024,01:29:54,NHS_BATCH
100,000313596078,1,1,001001282998,,,,,,,,,,,,,,,,,,,,,,,,
100,000313596088,1,1,001001280287,,,,,,,,,,,,,,,,,,,,,,,,
100,000313596092,1,1,001001281870,,,,,,,,,,,,,,,,,,,,,,,,
100,000313596150,1,1,001001280711,,,,,,,,,,,,,,,,,,,,,,,,
100,000313596211,1,1,001001283022,,,,,,,,,,Cloturer : Echange Standard,12-07-2024,Probleme fonctionnel,30-07-2024,Fournisseur,17-05-2024,RRU ERI 4490 indique dysfonctionnel par l'amenageur,29-05-2024,RRU ERI 4490 indique dysfonctionnel par l'amenageur/Cloturer : Echange Standard/Probleme fonctionnel/Fournisseur,,5M,,10-07-2024,01:29:54,NHS_BATCH
100,000313596216,1,1,001001283023,,,,,,,,,,Cloturer : Echange Standard,12-07-2024,Probleme fonctionnel,30-07-2024,Fournisseur,17-05-2024,Probleme de liaison avec l'ODU ERI 6363,29-05-2024,Probleme de liaison avec l'ODU ERI 6363/Cloturer : Echange Standard/Probleme fonctionnel/Fournisseur,,5M,,10-07-2024,01:29:54,NHS_BATCH
100,000313596216,2,1,001001283024,,,,,,,,,,Cloturer : Echange Standard,12-07-2024,Probleme fonctionnel,30-07-2024,Fournisseur,17-05-2024,Probleme de liaison avec l'ODU ERI 6363,29-05-2024,Probleme de liaison avec l'ODU ERI 6363/Cloturer : Echange Standard/Probleme fonctionnel/Fournisseur,,5M,,10-07-2024,01:29:54,NHS_BATCH
100,000313596218,1,1,001001283025,,,,,,,,,,Cloturer : Echange Standard,12-07-2024,Probleme fonctionnel,30-07-2024,Fournisseur,17-05-2024,Probleme de liaison avec l'ODU ERI 6363,29-05-2024,Probleme de liaison avec l'ODU ERI 6363/Cloturer : Echange Standard/Probleme fonctionnel/Fournisseur,,5M,,10-07-2024,01:29:54,NHS_BATCH
100,000313596219,1,1,001001283026,,,,,,,,,,Cloturer : Echange Standard,12-07-2024,Probleme fonctionnel,30-07-2024,Fournisseur,17-05-2024,Probleme de liaison avec l'ODU ERI 6363,29-05-2024,Probleme de liaison avec l'ODU ERI 6363/Cloturer : Echange Standard/Probleme fonctionnel/Fournisseur,,5M,,10-07-2024,01:29:54,NHS_BATCH
100,000313596221,1,1,001001283027,,,,,,,,,,Cloturer : Shields (Refus RMA),12-07-2024,Probleme fonctionnel,30-07-2024,Fournisseur,17-05-2024,Probleme de liaison avec l'IDU ERI 6691,29-05-2024,Probleme de liaison avec l'IDU ERI 6691/Cloturer : Shields (Refus RMA)/Probleme fonctionnel/Fournisseur,,5M,,02-07-2024,01:20:36,NHS_BATCH
100,000313596222,1,1,001001283028,,,,,,,,,,Cloturer : Shields (Refus RMA),12-07-2024,Probleme fonctionnel,30-07-2024,Fournisseur,17-05-2024,Probleme de liaison avec l'IDU ERI 6691,29-05-2024,Probleme de liaison avec l'IDU ERI 6691/Cloturer : Shields (Refus RMA)/Probleme fonctionnel/Fournisseur,,5M,,02-07-2024,01:20:36,NHS_BATCH
100,000313596281,1,1,001001284078,,,,,,,,,,Cloturer : Piece Bonne,21-06-2024,Probleme Kitting,05-12-2024,Fournisseur,17-05-2024,Manque le coupleur pour une antenne FH Dual Polar,29-05-2024,Manque le coupleur pour une antenne FH Dual Polar/Cloturer : Piece Bonne/Probleme Kitting/Fournisseur,,5M,,20-06-2024,01:03:26,NHS_BATCH
100,000313597105,1,1,001001276521,,,,,,,,,,,,,,,,,,,,,,,,
100,000313597120,1,1,001001388785,,,,,,,,GOLDEN_UNIT,20-02-2025,,,,,,,,,,,5,,20-02-2025,11:40:28,NHSITPM03
100,000313597314,1,1,001001281484,,,,,,,,,,,,,,,,,,,,,,,,
100,000313597316,1,1,001001286957,,,,,,,,,,,,,,,,,,,,,,,,
100,000313597941,1,1,001001284060,,,,,,,,,,,,,,,,,,,,,,,,
100,000313597947,1,1,001001281753,,,,,,,,,,,,,,,,,,,,,,,,
100,000313598013,1,1,001001281729,,,,,,,,,,,,,,,,,,,,,,,,
100,000313598042,1,1,001001277713,,,,,,,,,,,,,,,,,,,,,,,,
100,000313598047,1,1,001001277712,,,,,,,,,,,,,,,,,,,,,,,,
100,000313598072,1,1,001001288458,,,,,,,,,,,,,,,,,,,,,,,,
100,000313598216,1,1,001001288455,,,,,,,,,,,,,,,,,,,,,,,,
100,000313598219,1,1,001001283791,,,,,,,,,,,,,,,,,,,,,,,,
100,000313598426,1,1,001001314828,,,,,,,,,,Cloturer : Shields (Dmd Bytel),07-10-2024,Dommage physique,30-07-2024,MMO,22-05-2024,Toit Bcube indique endommage lors de l'installation,21-05-2024,Toit Bcube indique endommage lors de l'installation/Cloturer : Shields (Dmd Bytel)/Dommage physique/MMO,,5M,,09-10-2024,01:46:07,NHS_BATCH
100,000313599714,1,1,001001281784,,,,,,,,,,,,,,,,,,,,,,,,
100,000313599737,1,1,001001282246,,,,,,,,,,,,,,,,,,,,,,,,
100,000313599771,1,1,001001277625,,,,,,,,,,,,,,,,,,,,,,,,
100,000313599781,1,1,001001283788,,,,,,,,,,,,,,,,,,,,,,,,
100,000313599784,1,1,001001286973,,,,,,,,,,,,,,,,,,,,,,,,
100,000313599817,1,1,001001281577,,,,,,,,,,,,,,,,,,,,,,,,
100,000313599820,1,1,001001282458,,,,,,,,,,,,,,,,,,,,,,,,
100,000313599927,1,1,001001288456,,,,,,,,,,,,,,,,,,,,,,,,
100,000313599948,1,1,001001283789,,,,,,,,,,,,,,,,,,,,,,,,
100,000313600040,1,1,001001286977,,,,,,,,,,Cloturer : Shields (Refus RMA),29-07-2024,Probleme fonctionnel,30-07-2024,Fournisseur,22-05-2024,L'amenageur remonte un probleme hardware sur la carte radio HuaweiUMPTG2,22-05-2024,L'amenageur remonte un probleme hardware sur la carte radio HuaweiUMPTG2/Cloturer : Shields (Refus RMA)/Probleme fonctionnel/Fournisseur,,5M,,20-07-2024,00:53:03,NHS_BATCH
100,000313600206,1,1,001001288457,,,,,,,,,,,,,,,,,,,,,,,,
100,000313600215,1,1,001001283790,,,,,,,,,,,,,,,,,,,,,,,,
100,000313600225,1,1,001001283786,,,,,,,,,,,,,,,,,,,,,,,,
100,000313600497,1,1,001001283029,,,,,,,,,,Cloturer : Piece Bonne,21-06-2024,Probleme Kitting,05-12-2024,Fournisseur,23-05-2024,Kit incomplet remonte par l'amenageur,23-05-2024,Kit incomplet remonte par l'amenageur/Cloturer : Piece Bonne/Probleme Kitting/Fournisseur,,5M,,19-06-2024,01:09:24,NHS_BATCH
100,000313600497,2,1,001001283030,,,,,,,,,,Cloturer : Piece Bonne,26-06-2024,Probleme Kitting,05-12-2024,Fournisseur,23-05-2024,Kit incomplet remonte par l'amenageur,23-05-2024,Kit incomplet remonte par l'amenageur/Cloturer : Piece Bonne/Probleme Kitting/Fournisseur,,5M,,22-06-2024,01:23:54,NHS_BATCH
100,000313600855,1,1,001001281813,,,,,,,,,,,,,,,,,,,,,,,,
100,000313600864,1,1,001001282810,,,,,,,,,,,,,,,,,,,,,,,,
100,000313601073,1,1,001001286954,,,,,,,,,,,,,,,,,,,,,,,,
100,000313601098,1,1,001001282382,,,,,,,,,,,,,,,,,,,,,,,,
100,000313601125,1,1,001001291052,,,,,,,,,,,,,,,,,,,,,,,,
100,000313601131,1,1,001001286945,,,,,,,,,,,,,,,,,,,,,,,,
100,000313601406,1,1,001001293897,,,,,,,,,,,,,,,,,,,,,,,,
100,000313601504,1,1,001001345522,,,,,,,,,,,,,,,,,,,,,,,,
100,000313601506,1,1,001001289174,,,,,,,,,,,,,,,,,,,,,,,,
100,000313601507,1,1,001001293896,,,,,,,,,,,,,,,,,,,,,,,,
100,000313601508,1,1,001001281644,,,,,,,,,,,,,,,,,,,,,,,,
100,000313601509,1,1,001001281646,,,,,,,,,,,,,,,,,,,,,,,,
100,000313601512,1,1,001001275071,,,,,,,,,,,,,,,,,,,,,,,,
100,000313601513,1,1,001001281748,,,,,,,,,,,,,,,,,,,,,,,,
100,000313601514,1,1,001001295580,,,,,,,,,,,,,,,,,,,,,,,,
100,000313601515,1,1,001001295578,,,,,,,,,,,,,,,,,,,,,,,,
100,000313601516,1,1,001001289183,,,,,,,,,,,,,,,,,,,,,,,,
100,000313601550,1,1,001001278266,,,,,,,,,,,,,,,,,,,,,,,,
100,000313601572,1,1,001001284059,,,,,,,,,,,,,,,,,,,,,,,,
100,000313601633,1,1,001001287353,,,,,,,,,,,,,,,,,,,,,,,,
100,000313601739,1,1,001001289454,,,,,,,,,,,,,,,,,,,,,,,,
100,000313602511,1,1,001001305478,,,,,,,,,,,,,,,,,,,,,,,,
100,000313602599,1,1,001001388786,,,,,,,,GOLDEN_UNIT,20-02-2025,,,,,,,,,,,5,,20-02-2025,11:40:29,NHSITPM03
100,000313603582,1,1,001001300908,,,,,,,,,,Cloturer : Piece Bonne,02-08-2024,Changement de FH,05-12-2024,MMO,24-05-2024,Changement de mod#lisation SDL entre l'initialisation du site sur leportail et l'exp#dition de l'APL,24-05-2024,Changement de mod#lisation SDL entre l'initialisation du site sur leportail et l'exp#dition de l'APL/Cloturer : Piece Bonne/Changement de FH/MMO,,5M,,30-07-2024,01:10:56,NHS_BATCH
100,000313603582,2,1,001001300909,,,,,,,,,,Cloturer : Piece Bonne,02-08-2024,Changement de FH,05-12-2024,MMO,24-05-2024,Changement de mod#lisation SDL entre l'initialisation du site sur leportail et l'exp#dition de l'APL,24-05-2024,Changement de mod#lisation SDL entre l'initialisation du site sur leportail et l'exp#dition de l'APL/Cloturer : Piece Bonne/Changement de FH/MMO,,5M,,30-07-2024,01:10:56,NHS_BATCH
100,000313606061,1,1,001001280296,,,,,,,,,,Cloturer : Shields (Refus RMA),13-09-2024,Dommage physique,30-07-2024,Fournisseur,27-05-2024,Fixations RRU Reuse indique endommagee par l'amenageur,27-05-2024,Fixations RRU Reuse indique endommagee par l'amenageur/Cloturer : Shields (Refus RMA)/Dommage physique/Fournisseur,,5M,,17-09-2024,01:47:16,NHS_BATCH
100,000313606061,2,1,001001284505,,,,,,,,,,Cloturer : Shields (Refus RMA),13-09-2024,Dommage physique,30-07-2024,Fournisseur,27-05-2024,Fixations RRU Reuse indique endommagee par l'amenageur,27-05-2024,Fixations RRU Reuse indique endommagee par l'amenageur/Cloturer : Shields (Refus RMA)/Dommage physique/Fournisseur,,5M,,17-09-2024,01:47:16,NHS_BATCH
100,000313606604,1,1,001001282514,,,,,,,,,,,,,,,,,,,,,,,,
100,000313606611,1,1,001001286944,,,,,,,,,,,,,,,,,,,,,,,,
100,000313606658,1,1,001001282822,,,,,,,,,,,,,,,,,,,,,,,,
100,000313606670,1,1,001001282798,,,,,,,,,,,,,,,,,,,,,,,,
100,000313606682,1,1,001001444234,,,,,,Software Probleme; Fehlerbild in Analyse/Techn. Support involviert,25-06-2025,,,,,,,,,,,Software Probleme; Fehlerbild in Analyse/Techn. Support involviert,,5A,,25-06-2025,15:40:10,NHS050084
100,000313606757,1,1,001001283118,,,,,,,,,,,,,,,,,,,,,,,,
100,000313606973,1,1,001001287362,,,,,,,,,,,,,,,,,,,,,,,,
100,000313606976,1,1,001001279133,,,,,,,,,,,,,,,,,,,,,,,,
100,000313606980,1,1,001001279132,,,,,,,,,,,,,,,,,,,,,,,,
100,000313607521,1,1,001001295711,,,,,,,,,,,,,,,,,,,,,,,,
100,000313608049,1,1,001001280717,,,,,,,,,,,,,,,,,,,,,,,,
100,000313608054,1,1,001001286941,,,,,,,,,,,,,,,,,,,,,,,,
100,000313608069,1,1,001001283081,,,,,,,,,,,,,,,,,,,,,,,,
100,000313608094,1,1,001001381698,,,,,,,,,,,,,,,,,,,,,,,,
100,000313608097,1,1,001001288224,,,,,,,,,,,,,,,,,,,,,,,,
100,000313608099,1,1,001001293895,,,,,,,,,,,,,,,,,,,,,,,,
100,000313608105,1,1,001001282494,,,,,,,,,,,,,,,,,,,,,,,,
100,000313608114,1,1,001001280853,,,,,,,,,,,,,,,,,,,,,,,,
100,000313608136,1,1,001001284259,,,,,,,,,,,,,,,,,,,,,,,,
100,000313608142,1,1,001001293901,,,,,,,,,,,,,,,,,,,,,,,,
100,000313608181,1,1,001001284058,,,,,,,,,,,,,,,,,,,,,,,,
100,000313608183,1,1,001001293899,,,,,,,,,,,,,,,,,,,,,,,,
100,000313608189,1,1,001001288278,,,,,,,,,,,,,,,,,,,,,,,,
100,000313608238,1,1,001001293910,,,,,,,,,,,,,,,,,,,,,,,,
100,000313608263,1,1,001001293904,,,,,,,,,,,,,,,,,,,,,,,,
100,000313608279,1,1,001001293902,,,,,,,,,,,,,,,,,,,,,,,,
100,000313608294,1,1,001001294111,,,,,,,,,,,,,,,,,,,,,,,,
100,000313608318,1,1,001001293914,,,,,,,,,,,,,,,,,,,,,,,,
100,000313608326,1,1,001001283048,,,,,,,,,,,,,,,,,,,,,,,,
100,000313608350,1,1,001001293917,,,,,,,,,,,,,,,,,,,,,,,,
100,000313608382,1,1,001001293898,,,,,,,,,,,,,,,,,,,,,,,,
100,000313608403,1,1,001001293912,,,,,,,,,,,,,,,,,,,,,,,,
100,000313608560,1,1,001001293907,,,,,,,,,,,,,,,,,,,,,,,,
100,000313608593,1,1,001001294101,,,,,,,,,,,,,,,,,,,,,,,,
100,000313608610,1,1,001001293900,,,,,,,,,,,,,,,,,,,,,,,,
100,000313608749,1,1,001001311026,,,,,,,,,,Cloturer : Shields (Refus RMA),13-09-2024,Probleme fonctionnel,30-07-2024,Fournisseur,29-05-2024,l'amenageur remonte que l'IDU RTN905 2F 2+0  ne demarre pas,29-05-2024,l'amenageur remonte que l'IDU RTN905 2F 2+0  ne demarre pas/Cloturer : Shields (Refus RMA)/Probleme fonctionnel/Fournisseur,,5M,,17-09-2024,01:47:16,NHS_BATCH
100,000313608749,2,1,001001311027,,,,,,,,,,Cloturer : Echange Standard,25-09-2024,Probleme fonctionnel,30-07-2024,Fournisseur,29-05-2024,l'amenageur remonte que l'ODU XMC5D ne demarre pas,29-05-2024,l'amenageur remonte que l'ODU XMC5D ne demarre pas/Cloturer : Echange Standard/Probleme fonctionnel/Fournisseur,,5M,,20-09-2024,01:54:03,NHS_BATCH
100,000313608749,3,1,001001311028,,,,,,,,,,Cloturer : Shields (Refus RMA),13-09-2024,Probleme fonctionnel,30-07-2024,Fournisseur,29-05-2024,l'amenageur remonte que l'ODU RTN380AX ne demarre pas,29-05-2024,l'amenageur remonte que l'ODU RTN380AX ne demarre pas/Cloturer : Shields (Refus RMA)/Probleme fonctionnel/Fournisseur,,5M,,17-09-2024,01:47:17,NHS_BATCH
100,000313608754,1,1,001001292720,,,,,,,,,,Cloturer : Shields (Dmd Bytel),07-10-2024,Probleme fonctionnel,30-07-2024,Fournisseur,29-05-2024,Dysfonctionnement sur le Bcube NRJ 9Kw TLTI,29-05-2024,Dysfonctionnement sur le Bcube NRJ 9Kw TLTI/Cloturer : Shields (Dmd Bytel)/Probleme fonctionnel/Fournisseur,,5M,,09-10-2024,01:46:08,NHS_BATCH
100,000313608757,1,1,001001292721,,,,,,,,,,Cloturer : Shields (Refus RMA),29-07-2024,Probleme fonctionnel,30-07-2024,Fournisseur,29-05-2024,L'amenageur remonte un dysfonctionnement sur les ODU RTN380AX High,29-05-2024,L'amenageur remonte un dysfonctionnement sur les ODU RTN380AX High/Cloturer : Shields (Refus RMA)/Probleme fonctionnel/Fournisseur,,5M,,20-07-2024,00:53:03,NHS_BATCH
100,000313608757,2,1,001001292722,,,,,,,,,,Cloturer : Shields (Refus RMA),29-07-2024,Probleme fonctionnel,30-07-2024,Fournisseur,29-05-2024,L'amenageur remonte un dysfonctionnement sur les ODU RTN380AX Low,29-05-2024,L'amenageur remonte un dysfonctionnement sur les ODU RTN380AX Low/Cloturer : Shields (Refus RMA)/Probleme fonctionnel/Fournisseur,,5M,,20-07-2024,00:53:03,NHS_BATCH
100,000313609288,1,1,001001288676,,,,,,,,,,,,,,,,,,,,,,,,
100,000313609343,1,1,001001288459,,,,,,,,,,,,,,,,,,,,,,,,
100,000313609577,1,1,001001294121,,,,,,,,,,,,,,,,,,,,,,,,
100,000313609581,1,1,001001294126,,,,,,,,,,,,,,,,,,,,,,,,
100,000313609582,1,1,001001294124,,,,,,,,,,,,,,,,,,,,,,,,
100,000313609752,1,1,001001430027,,,,,,,,,,,,,,,,,,,,,,,,
100,000313609986,1,1,001001420627,,,,,,,,GOLDEN_UNIT,29-04-2025,,,,,,,,,,,5,,29-04-2025,20:04:47,NHSITPM03
100,000313610232,1,1,,,,,,,,,,,,,Probleme fonctionnel,30-07-2024,Fournisseur,30-05-2024,Dysfonctionnement de la carte UMPTE2 Reuse,30-05-2024,Dysfonctionnement de la carte UMPTE2 Reuse/Probleme fonctionnel/Fournisseur,,,,30-07-2024,15:59:14,NHSFRSPM30
100,000313610359,1,1,001001429524,,,,,,,,,,,,,,,,,,,,,,,,
100,000313611493,1,1,001001326788,,,,,,,,,,Cloturer : Echange Standard,23-10-2024,Probleme fonctionnel,30-07-2024,Fournisseur,31-05-2024,L'amenageur remonte un dysfonctionnement du chassis/carte ERi BB6631,31-05-2024,L'amenageur remonte un dysfonctionnement du chassis/carte ERi BB6631/Cloturer : Echange Standard/Probleme fonctionnel/Fournisseur,,5M,,22-10-2024,02:14:59,NHS_BATCH
100,000313611575,1,1,001001290064,,,,,,,,,,Cloturer : Echange Standard,29-07-2024,Probleme fonctionnel,30-07-2024,Fournisseur,31-05-2024,Dysfonctionnement du chassis/carte ERI 6641 remonte par l'amenageur,31-05-2024,Dysfonctionnement du chassis/carte ERI 6641 remonte par l'amenageur/Cloturer : Echange Standard/Probleme fonctionnel/Fournisseur,,5M,,20-07-2024,00:53:03,NHS_BATCH
100,000313611582,1,1,001001286978,,,,,,,,,,Cloturer : Shields (Refus RMA),29-07-2024,Probleme fonctionnel,30-07-2024,Fournisseur,31-05-2024,Dysfonctionnement de la carte radio UBBPG2 remonte par l'amenageur,31-05-2024,Dysfonctionnement de la carte radio UBBPG2 remonte par l'amenageur/Cloturer : Shields (Refus RMA)/Probleme fonctionnel/Fournisseur,,5M,,20-07-2024,00:53:03,NHS_BATCH
100,000313611721,1,1,001001286238,,,,,,,,,,,,,,,,,,,,,,,,
100,000313611726,1,1,001001286234,,,,,,,,,,,,,,,,,,,,,,,,
100,000313611753,1,1,001001286224,,,,,,,,,,,,,,,,,,,,,,,,
100,000313611762,1,1,001001287372,,,,,,,,,,,,,,,,,,,,,,,,
100,000313611763,1,1,001001286230,,,,,,,,,,,,,,,,,,,,,,,,
100,000313611767,1,1,001001283046,,,,,,,,,,,,,,,,,,,,,,,,
100,000313611777,1,1,001001287375,,,,,,,,,,,,,,,,,,,,,,,,
100,000313611789,1,1,001001290023,,,,,,,,,,,,,,,,,,,,,,,,
100,000313611872,1,1,001001287804,,,,,,,,,,,,,,,,,,,,,,,,
100,000313611894,1,1,001001287624,,,,,,,,,,,,,,,,,,,,,,,,
100,000313611901,1,1,001001285205,,,,,,,,,,,,,,,,,,,,,,,,
100,000313612033,1,1,001001287634,,,,,,,,,,,,,,,,,,,,,,,,
100,000313612035,1,1,001001287369,,,,,,,,,,,,,,,,,,,,,,,,
100,000313612043,1,1,001001287632,,,,,,,,,,,,,,,,,,,,,,,,
100,000313612053,1,1,001001284732,,,,,,,,,,,,,,,,,,,,,,,,
100,000313612062,1,1,001001293347,,,,,,,,,,Cloturer : Echange Standard,29-07-2024,Probleme fonctionnel,30-07-2024,Fournisseur,03-06-2024,RRU Eri 2460 indique dysfonctionnel par l'amenenageur,03-06-2024,RRU Eri 2460 indique dysfonctionnel par l'amenenageur/Cloturer : Echange Standard/Probleme fonctionnel/Fournisseur,,5M,,27-07-2024,00:41:31,NHS_BATCH
100,000313612097,1,1,001001286975,,,,,,,,,,,,,,,,,,,,,,,,
100,000313612100,1,1,001001287374,,,,,,,,,,,,,,,,,,,,,,,,
100,000313613125,1,1,001001291429,,,,,,,,,,Cloturer : Echange Standard,29-07-2024,Probleme fonctionnel,30-07-2024,Fournisseur,03-06-2024,Dysfonctionnement du RRU Eri 2460 remonte par l'amenageur,03-06-2024,Dysfonctionnement du RRU Eri 2460 remonte par l'amenageur/Cloturer : Echange Standard/Probleme fonctionnel/Fournisseur,,5M,,27-07-2024,00:41:31,NHS_BATCH
100,000313614079,1,1,001001388787,,,,,,,,GOLDEN_UNIT,20-02-2025,,,,,,,,,,,5,,20-02-2025,11:40:29,NHSITPM03
100,000313614292,1,1,001001317803,,,,,,,,,,Cloturer : Piece Bonne,25-09-2024,Rajout en accord avec DCI/Do infra / SCM,05-12-2024,BYTEL,16-07-2024,Changement SFP FH Ericsson necessaire suite a transition SFP FH,04-06-2024,Changement SFP FH Ericsson necessaire suite a transition SFP FH/Cloturer : Piece Bonne/Rajout en accord avec DCI/Do infra / SCM/BYTEL,,5M,,14-09-2024,01:09:24,NHS_BATCH
100,000313614292,2,1,001001317804,,,,,,,,,,Cloturer : Piece Bonne,25-09-2024,Rajout en accord avec DCI/Do infra / SCM,05-12-2024,BYTEL,16-07-2024,Changement SFP FH Ericsson necessaire suite a transition SFP FH,04-06-2024,Changement SFP FH Ericsson necessaire suite a transition SFP FH/Cloturer : Piece Bonne/Rajout en accord avec DCI/Do infra / SCM/BYTEL,,5M,,14-09-2024,01:09:24,NHS_BATCH
100,000313614292,3,1,001001317805,,,,,,,,,,Cloturer : Piece Bonne,25-09-2024,Rajout en accord avec DCI/Do infra / SCM,05-12-2024,BYTEL,16-07-2024,Changement SFP FH Ericsson necessaire suite a transition SFP FH,04-06-2024,Changement SFP FH Ericsson necessaire suite a transition SFP FH/Cloturer : Piece Bonne/Rajout en accord avec DCI/Do infra / SCM/BYTEL,,5M,,14-09-2024,01:09:24,NHS_BATCH
100,000313614292,4,1,001001317806,,,,,,,,,,Cloturer : Piece Bonne,25-09-2024,Rajout en accord avec DCI/Do infra / SCM,05-12-2024,BYTEL,16-07-2024,Changement SFP FH Ericsson necessaire suite a transition SFP FH,04-06-2024,Changement SFP FH Ericsson necessaire suite a transition SFP FH/Cloturer : Piece Bonne/Rajout en accord avec DCI/Do infra / SCM/BYTEL,,5M,,14-09-2024,01:09:24,NHS_BATCH
100,000313614392,1,1,001001365672,,,,,,,,,,Cloturer : Shields (Refus RMA),19-02-2025,Probleme fonctionnel,30-07-2024,Fournisseur,04-06-2024,Probleme de liaison entre le CSG et l'IDU,04-06-2024,Probleme de liaison entre le CSG et l'IDU/Cloturer : Shields (Refus RMA)/Probleme fonctionnel/Fournisseur,,5M,,20-02-2025,00:09:29,NHS_BATCH
100,000313615199,1,1,001001294123,,,,,,,,,,,,,,,,,,,,,,,,
100,000313615200,1,1,001001300346,,,,,,,,,,Cloturer : Shields (Refus RMA),27-08-2024,Probleme fonctionnel,30-07-2024,Fournisseur,04-06-2024,Dysfonctionnement de la carte radio Huawei UMPTG2,04-06-2024,Dysfonctionnement de la carte radio Huawei UMPTG2/Cloturer : Shields (Refus RMA)/Probleme fonctionnel/Fournisseur,,5M,,23-08-2024,01:17:31,NHS_BATCH
100,000313615210,1,1,001001294125,,,,,,,,,,,,,,,,,,,,,,,,
100,000313615268,1,1,001001298383,,,,,,,,,,Cloturer : Shields (COMSCOPE),29-07-2024,Probleme fonctionnel,30-07-2024,Fournisseur,04-06-2024,Dysfonctionnement du TMA 800/900 remonte par l'amenageur,04-06-2024,Dysfonctionnement du TMA 800/900 remonte par l'amenageur/Cloturer : Shields (COMSCOPE)/Probleme fonctionnel/Fournisseur,,5M,,24-07-2024,00:48:13,NHS_BATCH
100,000313615492,1,1,001001286291,,,,,,,,,,,,,,,,,,,,,,,,
100,000313615553,1,1,001001288214,,,,,,,,,,,,,,,,,,,,,,,,
100,000313615710,1,1,001001293981,,,,,,,,,,,,,,,,,,,,,,,,
100,000313615766,1,1,001001280000,,,,,,,,,,,,,,,,,,,,,,,,
100,000313615767,1,1,001001317363,,,,,,,,,,,,,,,,,,,,,,,,
100,000313615768,1,1,001001342370,,,,,,,,,,,,,,,,,,,,,,,,
100,000313615769,1,1,001001289173,,,,,,,,,,,,,,,,,,,,,,,,
100,000313615771,1,1,001001284062,,,,,,,,,,,,,,,,,,,,,,,,
100,000313615772,1,1,001001279998,,,,,,,,,,,,,,,,,,,,,,,,
100,000313615773,1,1,001001295719,,,,,,,,,,,,,,,,,,,,,,,,
100,000313615774,1,1,001001295717,,,,,,,,,,,,,,,,,,,,,,,,
100,000313615787,1,1,001001290749,,,,,,,,,,,,,,,,,,,,,,,,
100,000313615807,1,1,001001286974,,,,,,,,,,,,,,,,,,,,,,,,
100,000313615927,1,1,001001284063,,,,,,,,,,,,,,,,,,,,,,,,
100,000313615928,1,1,001001454261,,,,,,,,,,,,,,,,,,,,,,,,
100,000313615951,1,1,001001283001,,,,,,,,,,,,,,,,,,,,,,,,
100,000313615956,1,1,001001287357,,,,,,,,,,,,,,,,,,,,,,,,
100,000313615962,1,1,001001290018,,,,,,,,,,,,,,,,,,,,,,,,
100,000313615981,1,1,001001287355,,,,,,,,,,,,,,,,,,,,,,,,
100,000313616042,1,1,001001294120,,,,,,,,,,,,,,,,,,,,,,,,
100,000313616044,1,1,001001286955,,,,,,,,,,,,,,,,,,,,,,,,
100,000313616051,1,1,001001294115,,,,,,,,,,,,,,,,,,,,,,,,
100,000313616056,1,1,001001294118,,,,,,,,,,,,,,,,,,,,,,,,
100,000313616061,1,1,001001294104,,,,,,,,,,,,,,,,,,,,,,,,
100,000313616100,1,1,001001329924,,,,,,,,,,Cloturer : Shields (Refus RMA),23-10-2024,Probleme fonctionnel,30-07-2024,Fournisseur,04-06-2024,Mot de passe NOK sur carte radio REUSE,04-06-2024,Mot de passe NOK sur carte radio REUSE/Cloturer : Shields (Refus RMA)/Probleme fonctionnel/Fournisseur,,5M,,24-10-2024,02:08:36,NHS_BATCH
100,000313616131,1,1,001001316809,,,,,,,,,,Cloturer : Echange Standard,23-10-2024,Changement de FH,01-08-2024,BYTEL,05-12-2024,Changement de canal sous Bande FH Huawei,04-06-2024,Changement de canal sous Bande FH Huawei/Cloturer : Echange Standard/Changement de FH/BYTEL,,5M,,15-10-2024,02:10:01,NHS_BATCH
100,000313616131,2,1,001001316810,,,,,,,,,,Cloturer : Echange Standard,23-10-2024,Changement de FH,01-08-2024,BYTEL,05-12-2024,Changement de canal sous Bande FH Huawei,04-06-2024,Changement de canal sous Bande FH Huawei/Cloturer : Echange Standard/Changement de FH/BYTEL,,5M,,15-10-2024,02:10:01,NHS_BATCH
100,000313616196,1,1,001001284269,,,,,,,,,,,,,,,,,,,,,,,,
100,000313616199,1,1,001001282314,,,,,,,,,,,,,,,,,,,,,,,,
100,000313616848,1,1,001001284080,,,,,,,,,,Cloturer : Shields (Refus RMA),13-09-2024,Rajout en accord avec DCI/Do infra / SCM,05-12-2024,MMO,05-06-2024,Modification des bases apr#s exp#dition de l'APL initiale,05-06-2024,Modification des bases apr#s exp#dition de l'APL initiale/Cloturer : Shields (Refus RMA)/Rajout en accord avec DCI/Do infra / SCM/MMO,,5M,,08-10-2024,01:53:11,NHS_BATCH
100,000313616869,1,1,001001285354,,,,,,,,4514326716/465,25-09-2024,LOTE_295,24-06-2024,,,,,,,LOTE_295,,,,25-09-2024,12:36:39,NHSESLO01
100,000313617115,1,1,001001317539,,,,,,,,,,CQS1546809/RMA Beantragung,10-09-2024,,,,,,,CQS1546809/RMA Beantragung,,5,,10-09-2024,10:42:31,NHSSPRI03
100,000313617118,1,1,001001310074,,,,,,,,,,Cloturer : Shields (Article monte),27-08-2024,Probleme fonctionnel,30-07-2024,Fournisseur,05-06-2024,Antenne 5G TDD H.S sur site,05-06-2024,Antenne 5G TDD H.S sur site/Cloturer : Shields (Article monte)/Probleme fonctionnel/Fournisseur,,5M,,23-08-2024,01:17:32,NHS_BATCH
100,000313617372,1,1,001001288384,,,,,,,,,,,,,,,,,,,,,,,,
100,000313617480,1,1,001001287821,,,,,,,,,,,,,,,,,,,,,,,,
100,000313617651,1,1,001001284061,,,,,,,,,,,,,,,,,,,,,,,,
100,000313617667,1,1,001001284044,,,,,,,,,,,,,,,,,,,,,,,,
100,000313617672,1,1,001001284278,,,,,,,,,,,,,,,,,,,,,,,,
100,000313617683,1,1,001001284274,,,,,,,,,,,,,,,,,,,,,,,,
100,000313617790,1,1,001001284082,,,,,,,,,,Cloturer : Shields (Refus RMA),29-07-2024,Dommage physique,30-07-2024,MMO,06-06-2024,Vis de fixation casse a  l'interieur lors de l'assemblage,06-06-2024,Vis de fixation casse a  l'interieur lors de l'assemblage/Cloturer : Shields (Refus RMA)/Dommage physique/MMO,,5M,,20-07-2024,00:53:03,NHS_BATCH
100,000313617881,1,1,001001430457,,,,,,,,,,,,,,,,,,,,,,,,
100,000313618954,1,1,001001289578,,,,,,,,,,,,,,,,,,,,,,,,
100,000313618962,1,1,001001284232,,,,,,,,,,,,,,,,,,,,,,,,
100,000313618967,1,1,001001288271,,,,,,,,,,,,,,,,,,,,,,,,
100,000313618974,1,1,001001284265,,,,,,,,,,,,,,,,,,,,,,,,
100,000313618982,1,1,001001288281,,,,,,,,,,,,,,,,,,,,,,,,
100,000313618997,1,1,001001294112,,,,,,,,,,,,,,,,,,,,,,,,
100,000313620262,1,1,001001288329,,,,,,,,,,,,,,,,,,,,,,,,
100,000313620286,1,1,001001335298,,,,,,,,,,Cloturer : Shields (Refus RMA),25-10-2024,Probleme fonctionnel,30-07-2024,Fournisseur,07-06-2024,SFP RRU remonte H.S par l'amenageur,07-06-2024,SFP RRU remonte H.S par l'amenageur/Cloturer : Shields (Refus RMA)/Probleme fonctionnel/Fournisseur,,5M,,25-10-2024,02:25:56,NHS_BATCH
100,000313620286,2,1,,,,,,,,,"Produit absent du colis retour MMO r#ceptionn# le 01/10 - mail A.K. le04/10, attente d#cision BYTEL",13-11-2024,Cloturer : Go BYTEL cloture le 22/01/2025,22-01-2025,Probleme fonctionnel,13-11-2024,Fournisseur,07-06-2024,SFP RRU remonte H.S par l'amenageur,13-11-2024,SFP RRU remonte H.S par l'amenageur/Cloturer : Go BYTEL cloture le 22/01/2025/Probleme fonctionnel/Fournisseur,,,,22-01-2025,11:27:10,NHSFRSPM30
100,000313620288,1,1,001001288404,,,,,,,,,,,,,,,,,,,,,,,,
100,000313620301,1,1,001001288934,,,,,,,,,,,,,,,,,,,,,,,,
100,000313620372,1,1,001001300347,,,,,,,,,,Cloturer : Shields (Refus RMA),27-08-2024,Probleme fonctionnel,30-07-2024,Fournisseur,07-06-2024,Carte radio UMPTG2 remonte dysfonctionnel par l'amenageur,07-06-2024,Carte radio UMPTG2 remonte dysfonctionnel par l'amenageur/Cloturer : Shields (Refus RMA)/Probleme fonctionnel/Fournisseur,,5M,,23-08-2024,01:17:32,NHS_BATCH
100,000313620397,1,1,001001285183,,,,,,,,,,,,,,,,,,,,,,,,
100,000313620412,1,1,001001287820,,,,,,,,,,,,,,,,,,,,,,,,
100,000313620420,1,1,001001284712,,,,,,,,,,,,,,,,,,,,,,,,
100,000313620421,1,1,001001294135,,,,,,,,,,,,,,,,,,,,,,,,
100,000313620933,1,1,001001287815,,,,,,,,,,,,,,,,,,,,,,,,
100,000313620964,1,1,001001284716,,,,,,,,,,,,,,,,,,,,,,,,
100,000313620976,1,1,001001294130,,,,,,,,,,,,,,,,,,,,,,,,
100,000313621135,1,1,001001294134,,,,,,,,,,,,,,,,,,,,,,,,
100,000313621340,1,1,001001306064,,,,,,,,,,Cloturer : Echange Standard,23-10-2024,Probleme fonctionnel,30-07-2024,Fournisseur,07-06-2024,SFP FH indiquez H.S par l'amenageur,07-06-2024,SFP FH indiquez H.S par l'amenageur/Cloturer : Echange Standard/Probleme fonctionnel/Fournisseur,,5M,,22-10-2024,02:15:00,NHS_BATCH
100,000313621340,2,1,001001361842,,,,,,,,"Produit absent du colis retour MMO r#ceptionn# le 06/08 - mail A.K. le04/10, attente d#cision BYTEL",13-11-2024,Cloturer : Piece Bonne,23-12-2024,Probleme fonctionnel,13-11-2024,Fournisseur,07-06-2024,SFP FH remonte H.S par l'amenageur,13-11-2024,SFP FH remonte H.S par l'amenageur/Cloturer : Piece Bonne/Probleme fonctionnel/Fournisseur,,5M,,10-01-2025,01:20:44,NHS_BATCH
100,000313621343,1,1,001001306065,,,,,,,,,,Cloturer : Shields (Refus RMA),13-09-2024,Probleme fonctionnel,30-07-2024,Fournisseur,07-06-2024,ODU indiquez H.S par l'amenageur,07-06-2024,ODU indiquez H.S par l'amenageur/Cloturer : Shields (Refus RMA)/Probleme fonctionnel/Fournisseur,,5M,,17-09-2024,01:47:17,NHS_BATCH
100,000313621343,2,1,001001306066,,,,,,,,,,Cloturer : Piece Bonne,27-08-2024,Probleme fonctionnel,30-07-2024,Fournisseur,07-06-2024,ODU indiquez H.S par l'amenageur,07-06-2024,ODU indiquez H.S par l'amenageur/Cloturer : Piece Bonne/Probleme fonctionnel/Fournisseur,,5M,,09-08-2024,09:28:09,NHS_BATCH
100,000313621626,1,1,001001423541,,,,,,,,UNITA’ TROVATA,04-07-2025,,,,,,,,,,,5,,04-07-2025,08:49:51,NHSITPM03
100,000313622703,1,1,001001290398,,,,,,,,,,,,,,,,,,,,,,,,
100,000313622896,1,1,001001290399,,,,,,,,,,,,,,,,,,,,,,,,
100,000313622907,1,1,001001288460,,,,,,,,,,,,,,,,,,,,,,,,
100,000313623065,1,1,001001288453,,,,,,,,,,,,,,,,,,,,,,,,
100,000313623076,1,1,001001290748,,,,,,,,,,,,,,,,,,,,,,,,
100,000313623108,1,1,001001289738,,,,,,,,,,,,,,,,,,,,,,,,
100,000313623150,1,1,001001429094,,,,,,,,,,,,,,,,,,,,,,,,
100,000313623153,1,1,001001290403,,,,,,,,,,,,,,,,,,,,,,,,
100,000313623166,1,1,001001294131,,,,,,,,,,,,,,,,,,,,,,,,
100,000313623170,1,1,001001294145,,,,,,,,,,,,,,,,,,,,,,,,
100,000313623178,1,1,001001293284,,,,,,,,,,,,,,,,,,,,,,,,
100,000313623256,1,1,001001289741,,,,,,,,,,,,,,,,,,,,,,,,
100,000313623312,1,1,001001286201,,,,,,,,,,,,,,,,,,,,,,,,
100,000313623403,1,1,001001287837,,,,,,,,,,,,,,,,,,,,,,,,
100,000313623408,1,1,001001290401,,,,,,,,,,,,,,,,,,,,,,,,
100,000313623544,1,1,001001335299,,,,,,,,,,Cloturer : Piece Bonne,23-10-2024,Probleme fonctionnel,30-07-2024,Fournisseur,10-06-2024,SFP RRU remonte dysfonctionnel par l'amenageur,10-06-2024,SFP RRU remonte dysfonctionnel par l'amenageur/Cloturer : Piece Bonne/Probleme fonctionnel/Fournisseur,,5M,,22-10-2024,02:15:00,NHS_BATCH
100,000313623544,2,1,001001335300,,,,,,,,,,Cloturer : Piece Bonne,23-10-2024,Probleme fonctionnel,30-07-2024,Fournisseur,10-06-2024,SFP RRU remonte dysfonctionnel par l'amenageur,10-06-2024,SFP RRU remonte dysfonctionnel par l'amenageur/Cloturer : Piece Bonne/Probleme fonctionnel/Fournisseur,,5M,,22-10-2024,02:15:00,NHS_BATCH
100,000313623544,3,1,001001335301,,,,,,,,,,Cloturer : Piece Bonne,23-10-2024,Probleme fonctionnel,30-07-2024,Fournisseur,10-06-2024,SFP RRU remonte dysfonctionnel par l'amenageur,10-06-2024,SFP RRU remonte dysfonctionnel par l'amenageur/Cloturer : Piece Bonne/Probleme fonctionnel/Fournisseur,,5M,,22-10-2024,02:15:01,NHS_BATCH
100,000313623544,4,1,001001335302,,,,,,,,,,Cloturer : Shields (Refus RMA),25-10-2024,Probleme fonctionnel,30-07-2024,Fournisseur,10-06-2024,SFP RRU remonte dysfonctionnel par l'amenageur,10-06-2024,SFP RRU remonte dysfonctionnel par l'amenageur/Cloturer : Shields (Refus RMA)/Probleme fonctionnel/Fournisseur,,5M,,25-10-2024,02:25:57,NHS_BATCH
100,000313623544,5,1,001001335303,,,,,,,,,,Cloturer : Shields (Refus RMA),25-10-2024,Probleme fonctionnel,30-07-2024,Fournisseur,10-06-2024,SFP RRU remonte dysfonctionnel par l'amenageur,10-06-2024,SFP RRU remonte dysfonctionnel par l'amenageur/Cloturer : Shields (Refus RMA)/Probleme fonctionnel/Fournisseur,,5M,,25-10-2024,02:25:57,NHS_BATCH
100,000313623544,6,1,001001335304,,,,,,,,,,Cloturer : Shields (Refus RMA),25-10-2024,Probleme fonctionnel,30-07-2024,Fournisseur,10-06-2024,SFP RRU remonte dysfonctionnel par l'amenageur,10-06-2024,SFP RRU remonte dysfonctionnel par l'amenageur/Cloturer : Shields (Refus RMA)/Probleme fonctionnel/Fournisseur,,5M,,25-10-2024,02:25:57,NHS_BATCH
100,000313623544,7,1,001001335305,,,,,,,,,,Cloturer : Shields (Refus RMA),25-10-2024,Probleme fonctionnel,30-07-2024,Fournisseur,10-06-2024,SFP RRU remonte dysfonctionnel par l'amenageur,10-06-2024,SFP RRU remonte dysfonctionnel par l'amenageur/Cloturer : Shields (Refus RMA)/Probleme fonctionnel/Fournisseur,,5M,,25-10-2024,02:25:57,NHS_BATCH
100,000313623544,8,1,001001335306,,,,,,,,,,Cloturer : Shields (Refus RMA),25-10-2024,Probleme fonctionnel,30-07-2024,Fournisseur,10-06-2024,SFP RRU remonte dysfonctionnel par l'amenageur,10-06-2024,SFP RRU remonte dysfonctionnel par l'amenageur/Cloturer : Shields (Refus RMA)/Probleme fonctionnel/Fournisseur,,5M,,25-10-2024,02:25:57,NHS_BATCH
100,000313623990,1,1,001001285334,,,,,,Development TD needed 21.6.24,21-06-2024,,,,,,,,,,,Development TD needed 21.6.24,,5A,,21-06-2024,14:05:37,NHS050084
100,000313624200,1,1,001001308791,,,,,,,,,,Cloturer : Shields (Refus RMA),13-09-2024,Probleme fonctionnel,30-07-2024,Fournisseur,11-06-2024,Carte radio Huawei UMPTG2 remonte dysfonctionnel lors de la MEL,11-06-2024,Carte radio Huawei UMPTG2 remonte dysfonctionnel lors de la MEL/Cloturer : Shields (Refus RMA)/Probleme fonctionnel/Fournisseur,,5M,,17-09-2024,01:47:17,NHS_BATCH
100,000313624788,1,1,001001285194,,,,,,,,,,,,,,,,,,,,,,,,
100,000313624814,1,1,001001293531,,,,,,TD development,11-07-2024,,,,,,,,,,,TD development,,3,,11-07-2024,11:34:27,SAPPIRFC
100,000313624959,1,1,001001294142,,,,,,,,,,,,,,,,,,,,,,,,
100,000313625022,1,1,001001287424,,,,,,,,,,,,,,,,,,,,,,,,
100,000313625073,1,1,001001288282,,,,,,,,,,,,,,,,,,,,,,,,
100,000313625100,1,1,001001288423,,,,,,,,,,,,,,,,,,,,,,,,
100,000313625107,1,1,001001343564,,,,,,,,CTDI : Codage antennaire necessaire/CTDI : Codage antennaire necessaire,12-06-2024,Cloturer : Stockage 40N (Projet Serialisation),19-02-2025,Probleme fonctionnel,30-07-2024,Fournisseur,11-06-2024,Dysfonctionnement du moteur RET sur l'antenne radio JAYBEAM,11-06-2024,Dysfonctionnement du moteur RET sur l'antenne radio JAYBEAM/Cloturer : Stockage 40N (Projet Serialisation)/Probleme fonctionnel/Fournisseur,,5M,,20-02-2025,00:09:29,NHS_BATCH
100,000313625107,2,1,001001343565,,,,,,,,CTDI : Codage antennaire necessaire,12-06-2024,Cloturer : Stockage 40N (Projet Serialisation),19-02-2025,Probleme fonctionnel,30-07-2024,Fournisseur,11-06-2024,Dysfonctionnement du moteur RET sur l'antenne radio JAYBEAM,11-06-2024,Dysfonctionnement du moteur RET sur l'antenne radio JAYBEAM/Cloturer : Stockage 40N (Projet Serialisation)/Probleme fonctionnel/Fournisseur,,5M,,20-02-2025,00:09:29,NHS_BATCH
100,000313625159,1,1,001001287838,,,,,,,,,,,,,,,,,,,,,,,,
100,000313625172,1,1,001001293348,,,,,,,,,,Cloturer : Echange Standard,29-07-2024,Probleme fonctionnel,30-07-2024,Fournisseur,11-06-2024,La carte radio ERI MOD BB6631 est indique dysfonctionnel par l'amenageur,11-06-2024,La carte radio ERI MOD BB6631 est indique dysfonctionnel par l'amenageur/Cloturer : Echange Standard/Probleme fonctionnel/Fournisseur,,5M,,27-07-2024,00:41:32,NHS_BATCH
100,000313625217,1,1,001001293808,,,,,,,,,,Cloturer : Echange Standard,27-08-2024,Probleme Kitting,05-12-2024,Fournisseur,12-06-2024,Manque connecteur ODU dans le KIT - Kit non ouvert avant expedition,11-06-2024,Manque connecteur ODU dans le KIT - Kit non ouvert avant expedition/Cloturer : Echange Standard/Probleme Kitting/Fournisseur,,5M,,15-08-2024,01:25:07,NHS_BATCH
100,000313625218,1,1,001001297046,,,,,,,,CTDI : Codage antennaire necessaire,11-06-2024,Cloturer : Shields (Refus RMA),27-08-2024,Probleme fonctionnel,30-07-2024,Fournisseur,12-06-2024,Antenne radio HUA 065X AOC4518R07v07 XXXXXXXX remonte dysfonctionnel par l'amenageur,11-06-2024,Antenne radio HUA 065X AOC4518R07v07 XXXXXXXX remonte dysfonctionnel par l'amenageur/Cloturer : Shields (Refus RMA)/Probleme fonctionnel/Fournisseur,,5M,,09-08-2024,09:28:09,NHS_BATCH
100,000313625226,1,1,001001292723,,,,,,,,,,Cloturer : Shields (Refus RMA),29-07-2024,Probleme fonctionnel,30-07-2024,Fournisseur,12-06-2024,Carte radio Huawei UBBPG2 remonte dysfonctionnel par l'amenageur,11-06-2024,Carte radio Huawei UBBPG2 remonte dysfonctionnel par l'amenageur/Cloturer : Shields (Refus RMA)/Probleme fonctionnel/Fournisseur,,5M,,20-07-2024,00:53:03,NHS_BATCH
100,000313625284,1,1,001001292724,,,,,,,,,,Cloturer : Echange Standard,27-08-2024,Probleme fonctionnel,30-07-2024,Fournisseur,11-06-2024,RRU Huawei 5516 1800-2100MHz indique dysfonctionnel par l'amenageur,11-06-2024,RRU Huawei 5516 1800-2100MHz indique dysfonctionnel par l'amenageur/Cloturer : Echange Standard/Probleme fonctionnel/Fournisseur,,5M,,11-08-2024,01:34:10,NHS_BATCH
100,000313626031,1,1,001001291430,,,,,,,,,,Cloturer : Piece Bonne,12-07-2024,Changement de FH,05-12-2024,MMO,12-06-2024,Changement de diametre des antennes FH,12-06-2024,Changement de diametre des antennes FH/Cloturer : Piece Bonne/Changement de FH/MMO,,5M,,11-07-2024,01:25:11,NHS_BATCH
100,000313626031,2,1,001001291431,,,,,,,,,,Cloturer : Piece Bonne,12-07-2024,Changement de FH,05-12-2024,MMO,12-06-2024,Changement de diametre des antennes FH,12-06-2024,Changement de diametre des antennes FH/Cloturer : Piece Bonne/Changement de FH/MMO,,5M,,11-07-2024,01:25:11,NHS_BATCH
100,000313626799,1,1,001001294137,,,,,,,,,,,,,,,,,,,,,,,,
100,000313626949,1,1,001001286196,,,,,,,,,,,,,,,,,,,,,,,,
100,000313626968,1,1,001001289541,,,,,,,,,,,,,,,,,,,,,,,,
100,000313626969,1,1,001001289539,,,,,,,,,,,,,,,,,,,,,,,,
100,000313626970,1,1,001001289553,,,,,,,,,,,,,,,,,,,,,,,,
100,000313626971,1,1,001001289547,,,,,,,,,,,,,,,,,,,,,,,,
100,000313626972,1,1,001001289551,,,,,,,,,,,,,,,,,,,,,,,,
100,000313626973,1,1,001001289540,,,,,,,,,,,,,,,,,,,,,,,,
100,000313626974,1,1,001001289548,,,,,,,,,,,,,,,,,,,,,,,,
100,000313626976,1,1,001001288432,,,,,,,,,,,,,,,,,,,,,,,,
100,000313626977,1,1,001001288430,,,,,,,,,,,,,,,,,,,,,,,,
100,000313626978,1,1,001001293775,,,,,,,,,,,,,,,,,,,,,,,,
100,000313626979,1,1,001001293323,,,,,,,,,,,,,,,,,,,,,,,,
100,000313626980,1,1,001001293780,,,,,,,,,,,,,,,,,,,,,,,,
100,000313626981,1,1,001001293782,,,,,,,,,,,,,,,,,,,,,,,,
100,000313626982,1,1,001001293784,,,,,,,,,,,,,,,,,,,,,,,,
100,000313626983,1,1,001001293324,,,,,,,,,,,,,,,,,,,,,,,,
100,000313626984,1,1,001001293779,,,,,,,,,,,,,,,,,,,,,,,,
100,000313626985,1,1,001001293773,,,,,,,,,,,,,,,,,,,,,,,,
100,000313626986,1,1,001001293777,,,,,,,,,,,,,,,,,,,,,,,,
100,000313626987,1,1,001001293785,,,,,,,,,,,,,,,,,,,,,,,,
100,000313626988,1,1,001001293772,,,,,,,,,,,,,,,,,,,,,,,,
100,000313626989,1,1,001001289546,,,,,,,,,,,,,,,,,,,,,,,,
100,000313626990,1,1,001001293322,,,,,,,,,,,,,,,,,,,,,,,,
100,000313626991,1,1,001001293321,,,,,,,,,,,,,,,,,,,,,,,,
100,000313626992,1,1,001001295806,,,,,,,,,,,,,,,,,,,,,,,,
100,000313626993,1,1,001001295802,,,,,,,,,,,,,,,,,,,,,,,,
100,000313626994,1,1,001001295799,,,,,,,,,,,,,,,,,,,,,,,,
100,000313626995,1,1,001001295808,,,,,,TD development,16-07-2024,,,,,,,,,,,TD development,,3,,16-07-2024,17:30:22,SAPPIRFC
100,000313626996,1,1,001001293330,,,,,,,,,,,,,,,,,,,,,,,,
100,000313626997,1,1,001001293329,,,,,,,,,,,,,,,,,,,,,,,,
100,000313626998,1,1,001001288436,,,,,,,,,,,,,,,,,,,,,,,,
100,000313626999,1,1,001001288428,,,,,,,,,,,,,,,,,,,,,,,,
100,000313627000,1,1,001001288426,,,,,,,,,,,,,,,,,,,,,,,,
100,000313627002,1,1,001001289555,,,,,,,,,,,,,,,,,,,,,,,,
100,000313627003,1,1,001001289554,,,,,,,,,,,,,,,,,,,,,,,,
100,000313627004,1,1,001001289550,,,,,,,,,,,,,,,,,,,,,,,,
100,000313627005,1,1,001001289556,,,,,,,,,,,,,,,,,,,,,,,,
100,000313627009,1,1,001001293327,,,,,,,,,,,,,,,,,,,,,,,,
100,000313627010,1,1,001001293328,,,,,,,,,,,,,,,,,,,,,,,,
100,000313627025,1,1,001001297725,,,,,,,,,,Cloturer : Shields (Refus RMA),27-08-2024,Probleme fonctionnel,30-07-2024,Fournisseur,12-06-2024,l'amenageur remonte un dysfonctionnement de la carte radio Huawei UMPTG2,12-06-2024,l'amenageur remonte un dysfonctionnement de la carte radio Huawei UMPTG2/Cloturer : Shields (Refus RMA)/Probleme fonctionnel/Fournisseur,,5M,,23-08-2024,01:17:32,NHS_BATCH
100,000313627115,1,1,001001334254,,,,,,,,,,Cloturer : Piece Bonne,23-10-2024,Probleme fonctionnel,30-07-2024,Fournisseur,12-06-2024,Probleme de ROS sur l'antenne radio Huawei HUA 065X A104518R1v07XXXXXXXXXX,12-06-2024,Probleme de ROS sur l'antenne radio Huawei HUA 065X A104518R1v07XXXXXXXXXX/Cloturer : Piece Bonne/Probleme fonctionnel/Fournisseur,,5M,,22-10-2024,02:15:01,NHS_BATCH
100,000313627213,1,1,001001289549,,,,,,,,,,,,,,,,,,,,,,,,
100,000313627214,1,1,001001289542,,,,,,,,,,,,,,,,,,,,,,,,
100,000313627944,1,1,001001287161,,,,,,Entwicklung TD 04.02.25/Test design;Entwicklung nötig/26.6.2,04-02-2025,,,,,,,,,,,Entwicklung TD 04.02.25/Test design;Entwicklung nötig/26.6.2,,5,,04-02-2025,11:19:42,NHS000440
100,000313627960,1,1,001001294021,,,,,,,,,,,,,,,,,,,,,,,,
100,000313628035,1,1,001001294010,,,,,,,,,,,,,,,,,,,,,,,,
100,000313628063,1,1,001001299762,,,,,,,,,,Cloturer : Piece Bonne,29-07-2024,Changement de FH,01-08-2024,BYTEL,05-12-2024,Changement de lien FH vers lien FH RTN380AX,13-06-2024,Changement de lien FH vers lien FH RTN380AX/Cloturer : Piece Bonne/Changement de FH/BYTEL,,5M,,27-07-2024,00:41:32,NHS_BATCH
100,000313628063,2,1,001001299763,,,,,,,,,,Cloturer : Piece Bonne,02-08-2024,Changement de FH,01-08-2024,BYTEL,05-12-2024,Changement de lien FH vers lien FH RTN380AX,13-06-2024,Changement de lien FH vers lien FH RTN380AX/Cloturer : Piece Bonne/Changement de FH/BYTEL,,5M,,30-07-2024,01:10:56,NHS_BATCH
100,000313628063,3,1,001001291432,,,,,,,,,,Cloturer : Piece Bonne,12-07-2024,Changement de FH,01-08-2024,BYTEL,05-12-2024,Changement de lien FH vers lien FH RTN380AX,13-06-2024,Changement de lien FH vers lien FH RTN380AX/Cloturer : Piece Bonne/Changement de FH/BYTEL,,5M,,11-07-2024,01:25:11,NHS_BATCH
100,000313628063,4,1,001001291433,,,,,,,,,,Cloturer : Piece Bonne,12-07-2024,Changement de FH,01-08-2024,BYTEL,05-12-2024,Changement de lien FH vers lien FH RTN380AX,13-06-2024,Changement de lien FH vers lien FH RTN380AX/Cloturer : Piece Bonne/Changement de FH/BYTEL,,5M,,11-07-2024,01:25:11,NHS_BATCH
100,000313628063,5,1,001001299764,,,,,,,,,,Cloturer : Echange Standard,23-10-2024,Changement de FH,01-08-2024,BYTEL,05-12-2024,Changement de lien FH vers lien FH RTN380AX,13-06-2024,Changement de lien FH vers lien FH RTN380AX/Cloturer : Echange Standard/Changement de FH/BYTEL,,5M,,22-10-2024,02:15:01,NHS_BATCH
100,000313628063,6,1,001001299765,,,,,,,,,,Cloturer : Echange Standard,23-10-2024,Changement de FH,01-08-2024,BYTEL,05-12-2024,Changement de lien FH vers lien FH RTN380AX,13-06-2024,Changement de lien FH vers lien FH RTN380AX/Cloturer : Echange Standard/Changement de FH/BYTEL,,5M,,22-10-2024,02:15:01,NHS_BATCH
100,000313628092,1,1,001001294012,,,,,,,,,,,,,,,,,,,,,,,,
100,000313628149,1,1,001001294018,,,,,,,,,,,,,,,,,,,,,,,,
100,000313628159,2,1,001001286232,,,,,,Übergabe an Versand 30.07.24/Router defekt/Inhalt Notfallkoffer wird nicht/repariert;Anfrage bei OPM/Straughn 24.6.,30-07-2024,,,,,,,,,,,Übergabe an Versand 30.07.24/Router defekt/Inhalt Notfallkoffer wird nicht/repariert;Anfrage bei OPM/Straughn 24.6.,,5,,30-07-2024,11:57:08,NHS000440
100,000313628343,1,1,001001294016,,,,,,,,,,,,,,,,,,,,,,,,
100,000313628409,1,1,001001294015,,,,,,,,,,,,,,,,,,,,,,,,
100,000313628605,1,1,001001300348,,,,,,,,,,Cloturer : Piece Bonne,29-07-2024,Probleme fonctionnel,30-07-2024,Fournisseur,13-06-2024,Probleme de liaison entre l'IDU et l'ODU remonte par l'amenageur,13-06-2024,Probleme de liaison entre l'IDU et l'ODU remonte par l'amenageur/Cloturer : Piece Bonne/Probleme fonctionnel/Fournisseur,,5M,,27-07-2024,00:41:32,NHS_BATCH
100,000313628608,1,1,001001297047,,,,,,,,,,Cloturer : Shields (Refus RMA),27-08-2024,Probleme fonctionnel,30-07-2024,Fournisseur,13-06-2024,Carte radio remonte H.S par l'amenageur,13-06-2024,Carte radio remonte H.S par l'amenageur/Cloturer : Shields (Refus RMA)/Probleme fonctionnel/Fournisseur,,5M,,09-08-2024,09:28:09,NHS_BATCH
100,000313628608,2,1,001001297048,,,,,,,,,,Cloturer : Shields (Refus RMA),27-08-2024,Probleme fonctionnel,30-07-2024,Fournisseur,13-06-2024,Carte radio remonte H.S par l'amenageur,13-06-2024,Carte radio remonte H.S par l'amenageur/Cloturer : Shields (Refus RMA)/Probleme fonctionnel/Fournisseur,,5M,,09-08-2024,09:28:09,NHS_BATCH
100,000313628617,1,1,,,,,,,,,,,,,,,,,,,,,,,13-06-2024,15:10:57,NHSFRLOG1
100,000313628985,1,1,001001334255,,,,,,,,CTDI : Codage antennaire necessaire,18-06-2024,Cloturer : Shields (COMSCOPE),12-11-2024,Probleme fonctionnel,30-07-2024,Fournisseur,14-06-2024,Genere une alarme/Presence de pim,14-06-2024,Genere une alarme/Presence de pim/Cloturer : Shields (COMSCOPE)/Probleme fonctionnel/Fournisseur,,5M,,31-10-2024,01:56:57,NHS_BATCH
100,000313629574,1,1,001001317807,,,,,,,,,,Cloturer : Piece Bonne,13-09-2024,Probleme fonctionnel,30-07-2024,Fournisseur,14-06-2024,Genere une alarme,14-06-2024,Genere une alarme/Cloturer : Piece Bonne/Probleme fonctionnel/Fournisseur,,5M,,14-09-2024,01:09:24,NHS_BATCH
100,000313629912,1,1,001001289580,,,,,,,,,,,,,,,,,,,,,,,,
100,000313629984,1,1,001001291633,,,,,,,,,,,,,,,,,,,,,,,,
100,000313630014,1,1,001001291142,,,,,,,,,,,,,,,,,,,,,,,,
100,000313630032,1,1,001001288923,,,,,,,,,,,,,,,,,,,,,,,,
100,000313630947,1,1,001001300349,,,,,,,,,,Cloturer : Shields (Refus RMA),27-08-2024,Probleme fonctionnel,30-07-2024,Fournisseur,17-06-2024,ODU Huawei 23 Ghz remonte H.S par l'amenageur,18-06-2024,ODU Huawei 23 Ghz remonte H.S par l'amenageur/Cloturer : Shields (Refus RMA)/Probleme fonctionnel/Fournisseur,,5M,,23-08-2024,01:17:32,NHS_BATCH
100,000313631202,2,1,001001306378,,,,,,Supply request 25.6.25,25-06-2025,Z25-00700,08-08-2024,,,,,,,,,Supply request 25.6.25,,,,25-06-2025,15:33:45,NHS050084
100,000313631348,1,1,001001290408,,,,,,,,,,,,,,,,,,,,,,,,
100,000313631359,1,1,001001292981,,,,,,,,,,,,,,,,,,,,,,,,
100,000313631368,1,1,001001291641,,,,,,,,,,,,,,,,,,,,,,,,
100,000313631387,1,1,001001317808,,,,,,,,,,Cloturer : Shields (Refus RMA),25-09-2024,Probleme fonctionnel,30-07-2024,Fournisseur,17-06-2024,Dysfonctionnement de la carte radio Huawei remonte par l'amenageur,17-06-2024,Dysfonctionnement de la carte radio Huawei remonte par l'amenageur/Cloturer : Shields (Refus RMA)/Probleme fonctionnel/Fournisseur,,5M,,20-09-2024,01:54:03,NHS_BATCH
100,000313631522,1,1,001001291130,,,,,,,,,,,,,,,,,,,,,,,,
100,000313631556,1,1,001001291167,,,,,,,,,,,,,,,,,,,,,,,,
100,000313631579,1,1,001001293045,,,,,,,,,,,,,,,,,,,,,,,,
100,000313631595,1,1,001001289579,,,,,,,,,,,,,,,,,,,,,,,,
100,000313631625,1,1,001001292436,,,,,,,,,,,,,,,,,,,,,,,,
100,000313631678,1,1,001001305289,,,,,,,,Retard : Adresse de livraison mal renseignee par l'amenageur lors de lademande d'echange,12-07-2024,Cloturer : Echange Standard,27-08-2024,Probleme fonctionnel,30-07-2024,Fournisseur,17-06-2024,Carte radio ericsson RP6651 remonte H.S lors de l'IMES,17-06-2024,Carte radio ericsson RP6651 remonte H.S lors de l'IMES/Cloturer : Echange Standard/Probleme fonctionnel/Fournisseur,,5M,,24-08-2024,01:23:06,NHS_BATCH
100,000313631750,1,1,001001293990,,,,,,,,,,,,,,,,,,,,,,,,
100,000313631875,1,1,001001286869,,,,,,,,4514326716/465,25-09-2024,LOTE_295,26-06-2024,,,,,,,LOTE_295,,,,25-09-2024,12:36:40,NHSESLO01
100,000313631877,1,1,001001294138,,,,,,,,4514338743/465,10-10-2024,LOTE_300,15-07-2024,,,,,,,LOTE_300,,,,10-10-2024,08:37:52,NHSESLO01
100,000313631881,1,1,001001284427,,,,,,,,4514326708/465,13-08-2024,LOTE_294,20-06-2024,,,,,,,LOTE_294,,,,13-08-2024,13:46:12,NHSESLO01
100,000313631882,1,1,001001284437,,,,,,,,4514326708/465,13-08-2024,LOTE_294,20-06-2024,,,,,,,LOTE_294,,,,13-08-2024,13:46:12,NHSESLO01
100,000313631884,1,1,001001284431,,,,,,,,4514326708/465,13-08-2024,LOTE_294,20-06-2024,,,,,,,LOTE_294,,,,13-08-2024,13:46:12,NHSESLO01
100,000313631885,1,1,001001284426,,,,,,,,4514326708/465,13-08-2024,LOTE_294,20-06-2024,,,,,,,LOTE_294,,,,13-08-2024,13:46:11,NHSESLO01
100,000313631886,1,1,001001284434,,,,,,,,4514326708/465,13-08-2024,LOTE_294,20-06-2024,,,,,,,LOTE_294,,,,13-08-2024,13:46:12,NHSESLO01
100,000313631887,1,1,001001284430,,,,,,,,4514326708/465,13-08-2024,LOTE_294,20-06-2024,,,,,,,LOTE_294,,,,13-08-2024,13:46:11,NHSESLO01
100,000313631888,1,1,001001285349,,,,,,,,4514326716/465,25-09-2024,LOTE_295,24-06-2024,,,,,,,LOTE_295,,,,25-09-2024,12:36:40,NHSESLO01
100,000313631890,1,1,001001293985,,,,,,,,,,,,,,,,,,,,,,,,
100,000313631902,1,1,001001294008,,,,,,,,,,,,,,,,,,,,,,,,
100,000313631928,1,1,001001284436,,,,,,,,4514326708/465,13-08-2024,LOTE_294,20-06-2024,,,,,,,LOTE_294,,,,13-08-2024,13:46:11,NHSESLO01
100,000313631929,1,1,001001286262,,,,,,,,4514326800/465,16-09-2024,LOTE_295/LOTE_295,16-09-2024,,,,,,,LOTE_295/LOTE_295,,,,16-09-2024,16:23:28,NHSESLO01
100,000313631930,1,1,001001284889,,,,,,,,4514326711/465,16-09-2024,LOTE_294/LOTE_294,16-09-2024,,,,,,,LOTE_294/LOTE_294,,,,16-09-2024,16:23:28,NHSESLO01
100,000313631931,1,1,001001284891,,,,,,,,4514326711/465,16-09-2024,LOTE_294/LOTE_294,16-09-2024,,,,,,,LOTE_294/LOTE_294,,,,16-09-2024,16:23:28,NHSESLO01
100,000313631932,1,1,001001284473,,,,,,,,4514326711/465,16-09-2024,LOTE_294/LOTE_294,16-09-2024,,,,,,,LOTE_294/LOTE_294,,,,16-09-2024,16:23:28,NHSESLO01
100,000313631933,1,1,001001284433,,,,,,,,4514326711/465,16-09-2024,LOTE_294/LOTE_294,16-09-2024,,,,,,,LOTE_294/LOTE_294,,,,16-09-2024,16:23:28,NHSESLO01
100,000313631934,1,1,001001284918,,,,,,,,4514326711/465,16-09-2024,LOTE_294/LOTE_294,16-09-2024,,,,,,,LOTE_294/LOTE_294,,,,16-09-2024,16:23:28,NHSESLO01
100,000313631935,1,1,001001284893,,,,,,,,4514326711/465,16-09-2024,LOTE_294/LOTE_294,16-09-2024,,,,,,,LOTE_294/LOTE_294,,,,16-09-2024,16:23:28,NHSESLO01
100,000313631936,1,1,001001284472,,,,,,,,4514326711/465,16-09-2024,LOTE_294/LOTE_294,16-09-2024,,,,,,,LOTE_294/LOTE_294,,,,16-09-2024,16:23:28,NHSESLO01
100,000313631939,1,1,001001286883,,,,,,,,4514326804/465,25-09-2024,LOTE_296,26-06-2024,,,,,,,LOTE_296,,,,25-09-2024,12:36:40,NHSESLO01
100,000313632026,1,1,001001295640,,,,,,,,,,,,,,,,,,,,,,,,
100,000313632028,1,1,001001284409,,,,,,,,,,,,,,,,,,,,,,,,
100,000313632029,1,1,001001283766,,,,,,,,,,,,,,,,,,,,,,,,
100,000313632030,1,1,001001289170,,,,,,,,,,,,,,,,,,,,,,,,
100,000313632031,1,1,001001295598,,,,,,,,,,,,,,,,,,,,,,,,
100,000313632032,1,1,001001284412,,,,,,,,,,,,,,,,,,,,,,,,
100,000313632033,1,1,001001309421,,,,,,,,,,,,,,,,,,,,,,,,
100,000313632034,1,1,001001284407,,,,,,,,,,,,,,,,,,,,,,,,
100,000313632035,1,1,001001289177,,,,,,,,,,,,,,,,,,,,,,,,
100,000313632036,1,1,001001304659,,,,,,,,,,,,,,,,,,,,,,,,
100,000313632037,1,1,001001295776,,,,,,,,,,,,,,,,,,,,,,,,
100,000313632038,1,1,001001432143,,,,,,,,,,,,,,,,,,,,,,,,
100,000313632039,1,1,001001357305,,,,,,,,,,,,,,,,,,,,,,,,
100,000313632058,1,1,001001293993,,,,,,,,,,,,,,,,,,,,,,,,
100,000313632076,1,1,001001293994,,,,,,,,,,,,,,,,,,,,,,,,
100,000313632115,1,1,001001286296,,,,,,,,4514326800/465,16-09-2024,LOTE_295/LOTE_295,16-09-2024,,,,,,,LOTE_295/LOTE_295,,,,16-09-2024,16:23:29,NHSESLO01
100,000313632116,1,1,001001294284,,,,,,,,,,LOTE_299,15-07-2024,,,,,,,LOTE_299,,,,15-07-2024,12:24:50,NHSROCARI
100,000313632117,1,1,001001294132,,,,,,,,4514338745/465,10-10-2024,LOTE_300,15-07-2024,,,,,,,LOTE_300,,,,10-10-2024,08:37:52,NHSESLO01
100,000313632118,1,1,001001291275,,,,,,,,4514328979/465,28-08-2024,LOTE_298,09-07-2024,,,,,,,LOTE_298,,,,28-08-2024,14:24:52,NHSGEMROJ
100,000313632120,1,1,001001286888,,,,,,,,4514326800/465,16-09-2024,LOTE_295/LOTE_295,16-09-2024,,,,,,,LOTE_295/LOTE_295,,,,16-09-2024,16:23:29,NHSESLO01
100,000313632130,1,1,001001293989,,,,,,,,,,,,,,,,,,,,,,,,
100,000313632134,1,1,001001294001,,,,,,,,,,,,,,,,,,,,,,,,
100,000313632249,1,1,001001284897,,,,,,,,4514326711/465,16-09-2024,LOTE_294/LOTE_294,16-09-2024,,,,,,,LOTE_294/LOTE_294,,,,16-09-2024,16:23:28,NHSESLO01
100,000313632250,1,1,001001284888,,,,,,,,4514326708/465,13-08-2024,LOTE_294,21-06-2024,,,,,,,LOTE_294,,,,13-08-2024,13:46:12,NHSESLO01
100,000313632251,1,1,001001284900,,,,,,,,4514326711/465,16-09-2024,LOTE_294/LOTE_294,16-09-2024,,,,,,,LOTE_294/LOTE_294,,,,16-09-2024,16:23:28,NHSESLO01
100,000313632252,1,1,001001285350,,,,,,,,4514326800/465,16-09-2024,LOTE_295/LOTE_295,16-09-2024,,,,,,,LOTE_295/LOTE_295,,,,16-09-2024,16:23:28,NHSESLO01
100,000313632253,1,1,001001284902,,,,,,,,4514326711/465,16-09-2024,LOTE_294/LOTE_294,16-09-2024,,,,,,,LOTE_294/LOTE_294,,,,16-09-2024,16:23:28,NHSESLO01
100,000313632458,1,1,001001285321,,,,,,,,,,,,,,,,,,,,,,,,
100,000313632942,1,1,001001329925,,,,,,,,,,Cloturer : Piece Bonne,14-10-2024,Probleme fonctionnel,30-07-2024,Fournisseur,19-06-2024,ODU Huawei remonte dysfonctionnel par l'amenageur,19-06-2024,ODU Huawei remonte dysfonctionnel par l'amenageur/Cloturer : Piece Bonne/Probleme fonctionnel/Fournisseur,,5M,,11-10-2024,01:45:44,NHS_BATCH
100,000313632942,2,1,001001329926,,,,,,,,,,Cloturer : Piece Bonne,14-10-2024,Probleme fonctionnel,30-07-2024,Fournisseur,18-06-2024,ODU Huawei remonte dysfonctionnel par l'amenageur,18-06-2024,ODU Huawei remonte dysfonctionnel par l'amenageur/Cloturer : Piece Bonne/Probleme fonctionnel/Fournisseur,,5M,,24-10-2024,02:08:36,NHS_BATCH
100,000313632942,3,1,001001329927,,,,,,,,,,Cloturer : Piece Bonne,14-10-2024,Probleme fonctionnel,30-07-2024,Fournisseur,18-06-2024,IDU Huawei remonte dysfonctionnel par l'amenageur,18-06-2024,IDU Huawei remonte dysfonctionnel par l'amenageur/Cloturer : Piece Bonne/Probleme fonctionnel/Fournisseur,,5M,,24-10-2024,02:08:37,NHS_BATCH
100,000313632942,4,1,001001300350,,,,,,,,,,Cloturer : Shields (Refus RMA),27-08-2024,Probleme fonctionnel,30-07-2024,Fournisseur,18-06-2024,Carte radio Huawei remonte dysfonctionnel par l'amenageur,18-06-2024,Carte radio Huawei remonte dysfonctionnel par l'amenageur/Cloturer : Shields (Refus RMA)/Probleme fonctionnel/Fournisseur,,5M,,23-08-2024,01:17:32,NHS_BATCH
100,000313633002,1,1,001001293997,,,,,,,,,,,,,,,,,,,,,,,,
100,000313633053,1,1,001001294005,,,,,,,,,,,,,,,,,,,,,,,,
100,000313633063,1,1,001001294004,,,,,,,,,,,,,,,,,,,,,,,,
100,000313633108,1,1,001001291122,,,,,,,,,,,,,,,,,,,,,,,,
100,000313633114,1,1,001001296302,,,,,,,,,,,,,,,,,,,,,,,,
100,000313633143,1,1,001001294695,,,,,,,,,,,,,,,,,,,,,,,,
100,000313633151,1,1,001001290644,,,,,,,,,,,,,,,,,,,,,,,,
100,000313633172,1,1,001001292988,,,,,,,,,,,,,,,,,,,,,,,,
100,000313633383,1,1,001001294068,,,,,,,,,,,,,,,,,,,,,,,,
100,000313633425,1,1,001001290645,,,,,,,,,,,,,,,,,,,,,,,,
100,000313633501,1,1,001001294009,,,,,,,,,,,,,,,,,,,,,,,,
100,000313633568,1,1,001001291617,,,,,,,,,,,,,,,,,,,,,,,,
100,000313634615,1,1,001001290121,,,,,,Entwicklung TD 04.02.25/Test design;Entwicklung nötig/4.7.24,04-02-2025,,,,,,,,,,,Entwicklung TD 04.02.25/Test design;Entwicklung nötig/4.7.24,,5,,04-02-2025,11:20:44,NHS000440
100,000313634780,1,1,001001291169,,,,,,,,,,,,,,,,,,,,,,,,
100,000313634824,1,1,001001291176,,,,,,,,,,,,,,,,,,,,,,,,
100,000313634826,1,1,001001294657,,,,,,,,,,,,,,,,,,,,,,,,
100,000313635094,1,1,001001285356,,,,,,,,4514326800/465,16-09-2024,LOTE_295/LOTE_295,16-09-2024,,,,,,,LOTE_295/LOTE_295,,,,16-09-2024,16:23:28,NHSESLO01
100,000313635095,1,1,001001285358,,,,,,,,4514326716/465,25-09-2024,LOTE_295,24-06-2024,,,,,,,LOTE_295,,,,25-09-2024,12:36:40,NHSESLO01
100,000313635096,1,1,001001284904,,,,,,,,4514326711/465,16-09-2024,LOTE_294/LOTE_294,16-09-2024,,,,,,,LOTE_294/LOTE_294,,,,16-09-2024,16:23:28,NHSESLO01
100,000313635150,1,1,001001309561,,,,,,,,,,,,,,,,,,,,,,,,
100,000313635216,1,1,001001285351,,,,,,,,4514326716/465,25-09-2024,LOTE_295,24-06-2024,,,,,,,LOTE_295,,,,25-09-2024,12:36:40,NHSESLO01
100,000313635287,1,1,001001286294,,,,,,,,4514326716/465,25-09-2024,LOTE_295,25-06-2024,,,,,,,LOTE_295,,,,25-09-2024,12:36:40,NHSESLO01
100,000313635288,1,1,001001285355,,,,,,,,4514326716/465,25-09-2024,LOTE_295,24-06-2024,,,,,,,LOTE_295,,,,25-09-2024,12:36:40,NHSESLO01
100,000313635290,1,1,001001285353,,,,,,,,4514326800/465,16-09-2024,LOTE_295/LOTE_295,16-09-2024,,,,,,,LOTE_295/LOTE_295,,,,16-09-2024,16:23:28,NHSESLO01
100,000313635291,1,1,001001294280,,,,,,,,,,LOTE_299,15-07-2024,,,,,,,LOTE_299,,,,15-07-2024,12:24:50,NHSROCARI
100,000313635292,1,1,001001289452,,,,,,,,4514326804/465,25-09-2024,LOTE_296,03-07-2024,,,,,,,LOTE_296,,,,25-09-2024,12:36:40,NHSESLO01
100,000313635410,1,1,001001334697,,,,,,,,CTDI : Codage antennaire necessaire,19-06-2024,Cloturer : Piece Bonne,23-10-2024,Dommage physique,30-07-2024,MMO,19-06-2024,Antenne endommag#e lors du levage,19-06-2024,Antenne endommag#e lors du levage/Cloturer : Piece Bonne/Dommage physique/MMO,,5M,,22-10-2024,02:15:01,NHS_BATCH
100,000313635589,1,1,001001297737,,,,,,,,,,,,,,,,,,,,,,,,
100,000313635606,1,1,001001293211,,,,,,,,,,,,,,,,,,,,,,,,
100,000313635624,1,1,001001292958,,,,,,,,,,,,,,,,,,,,,,,,
100,000313636133,1,1,001001296364,,,,,,,,,,,,,,,,,,,,,,,,
100,000313636624,1,1,001001303191,,,,,,,,,,Cloturer : Echange Standard,25-09-2024,Changement de FH,01-08-2024,BYTEL,05-12-2024,Changement de FH suite a refus ARCEP,20-06-2024,Changement de FH suite a refus ARCEP/Cloturer : Echange Standard/Changement de FH/BYTEL,,5M,,01-08-2024,15:03:28,NHSFRSPM13
100,000313636624,2,1,001001303192,,,,,,,,,,Cloturer : Echange Standard,07-10-2024,Changement de FH,01-08-2024,BYTEL,05-12-2024,Changement de FH suite a refus ARCEP,20-06-2024,Changement de FH suite a refus ARCEP/Cloturer : Echange Standard/Changement de FH/BYTEL,,5M,,20-09-2024,01:54:03,NHS_BATCH
100,000313636624,3,1,001001303193,,,,,,,,CTDI : Rupture reference HUA UHP M 23 GHz 5D DP 060CM C4 INT (186035122),20-06-2024,Cloturer : Piece Bonne,02-08-2024,Changement de FH,01-08-2024,BYTEL,05-12-2024,Changement de FH suite a refus ARCEP,20-06-2024,Changement de FH suite a refus ARCEP/Cloturer : Piece Bonne/Changement de FH/BYTEL,,5M,,01-08-2024,15:03:28,NHSFRSPM13
100,000313636624,4,1,001001303194,,,,,,,,CTDI : Rupture reference HUA UHP M 23 GHz 5D DP 060CM C4 INT (186035122),20-06-2024,Cloturer : Shields (Article monte),27-08-2024,Changement de FH,01-08-2024,BYTEL,05-12-2024,Changement de FH suite a refus ARCEP,20-06-2024,Changement de FH suite a refus ARCEP/Cloturer : Shields (Article monte)/Changement de FH/BYTEL,,5M,,09-08-2024,09:28:09,NHS_BATCH
100,000313637085,1,1,001001286257,,,,,,,,4514326800/465,16-09-2024,LOTE_295/LOTE_295,16-09-2024,,,,,,,LOTE_295/LOTE_295,,,,16-09-2024,16:23:28,NHSESLO01
100,000313637086,1,1,001001286259,,,,,,,,4514326716/465,25-09-2024,LOTE_295,25-06-2024,,,,,,,LOTE_295,,,,25-09-2024,12:36:40,NHSESLO01
100,000313637087,1,1,001001286307,,,,,,,,4514326716/465,25-09-2024,LOTE_295,25-06-2024,,,,,,,LOTE_295,,,,25-09-2024,12:36:40,NHSESLO01
100,000313637093,1,1,001001286308,,,,,,,,4514326800/465,16-09-2024,LOTE_295/LOTE_295,16-09-2024,,,,,,,LOTE_295/LOTE_295,,,,16-09-2024,16:23:28,NHSESLO01
100,000313637094,1,1,001001286310,,,,,,,,4514326800/465,16-09-2024,LOTE_295/LOTE_295,16-09-2024,,,,,,,LOTE_295/LOTE_295,,,,16-09-2024,16:23:28,NHSESLO01
100,000313637116,1,1,001001286256,,,,,,,,4514326716/465,25-09-2024,LOTE_295,25-06-2024,,,,,,,LOTE_295,,,,25-09-2024,12:36:41,NHSESLO01
100,000313637118,1,1,001001286255,,,,,,,,4514326716/465,25-09-2024,LOTE_295,25-06-2024,,,,,,,LOTE_295,,,,25-09-2024,12:36:40,NHSESLO01
100,000313637246,1,1,001001301824,,,,,,,,,,,,,,,,,,,,,,,,
100,000313637258,1,1,001001286836,,,,,,,,4514326716/465,25-09-2024,LOTE_295,26-06-2024,,,,,,,LOTE_295,,,,25-09-2024,12:36:40,NHSESLO01
100,000313637263,1,1,001001286878,,,,,,,,4514326804/465,25-09-2024,LOTE_296,26-06-2024,,,,,,,LOTE_296,,,,25-09-2024,12:36:39,NHSESLO01
100,000313637265,1,1,001001294073,,,,,,,,,,LOTE_299,15-07-2024,,,,,,,LOTE_299,,,,15-07-2024,12:24:51,NHSROCARI
100,000313638157,1,1,001001300877,,,,,,,,,,,,,,,,,,,,,,,,
100,000313638163,1,1,001001300874,,,,,,,,,,,,,,,,,,,,,,,,
100,000313638186,1,1,001001293509,,,,,,,,,,,,,,,,,,,,,,,,
100,000313638843,1,1,001001314829,,,,,,,,,,Cloturer : Shields (Refus RMA),07-10-2024,Probleme fonctionnel,30-07-2024,Fournisseur,24-06-2024,Dysfonctionnement de la carte radio remonte par l'amenageur,24-06-2024,Dysfonctionnement de la carte radio remonte par l'amenageur/Cloturer : Shields (Refus RMA)/Probleme fonctionnel/Fournisseur,,5M,,03-10-2024,01:51:21,NHS_BATCH
100,000313638862,1,1,001001329928,,,,,,,,,,Cloturer : Shields (Refus RMA),23-10-2024,Probleme fonctionnel,30-07-2024,Fournisseur,24-06-2024,Dysfonctionnement de la carte radio remonte par l'amenageur,24-06-2024,Dysfonctionnement de la carte radio remonte par l'amenageur/Cloturer : Shields (Refus RMA)/Probleme fonctionnel/Fournisseur,,5M,,24-10-2024,02:08:37,NHS_BATCH
100,000313638863,1,1,001001314830,,,,,,,,,,Cloturer : Shields (Refus RMA),07-10-2024,Probleme fonctionnel,30-07-2024,Fournisseur,24-06-2024,Dysfonctionnement de la carte radio remonte par l'amenageur,24-06-2024,Dysfonctionnement de la carte radio remonte par l'amenageur/Cloturer : Shields (Refus RMA)/Probleme fonctionnel/Fournisseur,,5M,,03-10-2024,01:51:21,NHS_BATCH
100,000313639727,1,1,001001293193,,,,,,,,,,,,,,,,,,,,,,,,
100,000313639780,1,1,001001301819,,,,,,,,,,,,,,,,,,,,,,,,
100,000313639795,1,1,001001300878,,,,,,,,,,,,,,,,,,,,,,,,
100,000313639799,1,1,001001301835,,,,,,,,,,,,,,,,,,,,,,,,
100,000313639801,1,1,001001317301,,,,,,,,,,,,,,,,,,,,,,,,
100,000313639813,1,1,001001322130,,,,,,,,,,,,,,,,,,,,,,,,
100,000313639833,1,1,001001293497,,,,,,,,,,,,,,,,,,,,,,,,
100,000313639918,1,1,001001311794,,,,,,,,,,Cloturer : Echange Standard,08-10-2024,Probleme fonctionnel,30-07-2024,Fournisseur,24-06-2024,Dysfonctionnement du RRU Ericsson 2600 remonte par l'amenageur,24-06-2024,Dysfonctionnement du RRU Ericsson 2600 remonte par l'amenageur/Cloturer : Echange Standard/Probleme fonctionnel/Fournisseur,,5M,,09-10-2024,01:46:08,NHS_BATCH
100,000313640079,1,1,001001301832,,,,,,,,,,,,,,,,,,,,,,,,
100,000313640225,1,1,001001301814,,,,,,,,,,,,,,,,,,,,,,,,
100,000313640308,1,1,001001292969,,,,,,,,,,,,,,,,,,,,,,,,
100,000313640506,1,1,001001290873,,,,,,Verspäteter Eingang 4.7.24,05-07-2024,,,,,,,,,,,Verspäteter Eingang 4.7.24,,5,,05-07-2024,16:30:38,SAPPIRFC
100,000313640507,1,1,001001297699,,,,,,Verspäteter Eingang 4.7.24/RE aus Hagsfeld/Supply,19-07-2024,,,,,,,,,,,Verspäteter Eingang 4.7.24/RE aus Hagsfeld/Supply,,5,,19-07-2024,16:39:09,SAPPIRFC
100,000313640508,1,1,001001290867,,,,,,Verspäteter Eingang 4.7.24,05-07-2024,,,,,,,,,,,Verspäteter Eingang 4.7.24,,5,,05-07-2024,16:30:35,SAPPIRFC
100,000313640509,1,1,001001295809,,,,,,Verspäteter Eingang 4.7.24,16-07-2024,,,,,,,,,,,Verspäteter Eingang 4.7.24,,5,,16-07-2024,17:30:23,SAPPIRFC
100,000313641113,1,1,001001300951,,,,,,,,RICERCA IN CORSO,13-05-2025,,,,,,,ITEM REGOLARIZZATI - DATA SPEDIZIONE FIT,18-09-2024,ITEM REGOLARIZZATI - DATA SPEDIZIONE FIT,,5,,13-05-2025,11:22:31,NHSITPM03
100,000313643341,1,1,,,,,,,,,,,,,Erreur de saisie/commande ETOS,05-12-2024,MMO,05-11-2024,Probleme Kitting GPS Ericsson - responsabilite a definir lors duretourequipement dans sa boite d'origine - responsabilite amenageursuite reunion du 05/11/2024,05-11-2024,Probleme Kitting GPS Ericsson - responsabilite a definir lors duretourequipement dans sa boite d'origine - responsabilite amenageursuite reunion du 05/11/2024/Erreur de saisie/commande ETOS/MMO,,,,05-12-2024,09:00:24,NHSFRSPM30
100,000313643349,1,1,001001293443,,,,,,,,,,,,,,,,,,,,,,,,
100,000313643356,1,1,001001290635,,,,,,,,,,,,,,,,,,,,,,,,
100,000313643359,1,1,001001299278,,,,,,,,,,,,,,,,,,,,,,,,
100,000313643366,1,1,,,,,,,,,,,,,Erreur de saisie/commande ETOS,05-12-2024,MMO,05-11-2024,Probleme Kitting GPS Ericsson - responsabilite a definir lors duretourequipement dans sa boite d'origine - responsabilite amenageursuite reunion du 05/11/2024,05-11-2024,Probleme Kitting GPS Ericsson - responsabilite a definir lors duretourequipement dans sa boite d'origine - responsabilite amenageursuite reunion du 05/11/2024/Erreur de saisie/commande ETOS/MMO,,,,05-12-2024,09:00:24,NHSFRSPM30
100,000313643367,1,1,001001294002,,,,,,,,,,,,,,,,,,,,,,,,
100,000313643380,1,1,001001290040,,,,,,,,,,,,,,,,,,,,,,,,
100,000313643391,1,1,001001290406,,,,,,,,,,,,,,,,,,,,,,,,
100,000313643505,1,1,001001291435,,,,,,,,,,Cloturer : Piece Bonne,12-07-2024,Changement de FH,01-08-2024,BYTEL,05-12-2024,Changement de lien FH 18 Ghz vers lien 23Ghz,25-06-2024,Changement de lien FH 18 Ghz vers lien 23Ghz/Cloturer : Piece Bonne/Changement de FH/BYTEL,,5M,,11-07-2024,01:25:11,NHS_BATCH
100,000313643505,2,1,001001291436,,,,,,,,,,Cloturer : Piece Bonne,12-07-2024,Changement de FH,01-08-2024,BYTEL,05-12-2024,Changement de lien FH 18 Ghz vers lien 23Ghz,25-06-2024,Changement de lien FH 18 Ghz vers lien 23Ghz/Cloturer : Piece Bonne/Changement de FH/BYTEL,,5M,,11-07-2024,01:25:12,NHS_BATCH
100,000313643505,3,1,001001291437,,,,,,,,CTDI : Rupture refrence HUA UHP M 23 GHz 5D DP 060CM C4 INT (186035122),26-06-2024,Cloturer : Piece Bonne,29-07-2024,Changement de FH,01-08-2024,BYTEL,05-12-2024,Changement de lien FH 18 Ghz vers lien 23Ghz,25-06-2024,Changement de lien FH 18 Ghz vers lien 23Ghz/Cloturer : Piece Bonne/Changement de FH/BYTEL,,5M,,19-07-2024,01:01:01,NHS_BATCH
100,000313643505,4,1,001001291438,,,,,,,,CTDI : Rupture refrence HUA UHP M 23 GHz 5D DP 060CM C4 INT (186035122),26-06-2024,Cloturer : Piece Bonne,29-07-2024,Changement de FH,01-08-2024,BYTEL,05-12-2024,Changement de lien FH 18 Ghz vers lien 23Ghz,25-06-2024,Changement de lien FH 18 Ghz vers lien 23Ghz/Cloturer : Piece Bonne/Changement de FH/BYTEL,,5M,,30-07-2024,01:10:56,NHS_BATCH
100,000313643734,1,1,001001290414,,,,,,,,,,,,,,,,,,,,,,,,
100,000313644098,1,1,001001299761,,,,,,,,,,,,,,,,,,,,,,,,
100,000313644103,1,1,001001293431,,,,,,,,,,,,,,,,,,,,,,,,
100,000313644110,1,1,001001298407,,,,,,,,,,,,,,,,,,,,,,,,
100,000313644248,1,1,001001350720,,,,,,,,,,,,,,,,,,,,,,,,
100,000313644358,3,1,001001381655,,,,,,,,,,,,,,,,,,,,,,,,
100,000313645038,1,1,001001311029,,,,,,,,CTDI : Codage antennaire necessaire,26-06-2024,Cloturer : Shields (COMSCOPE),27-08-2024,Probleme fonctionnel,30-07-2024,Fournisseur,26-06-2024,Antenne Radio remonte H.S par l'amenageur,26-06-2024,Antenne Radio remonte H.S par l'amenageur/Cloturer : Shields (COMSCOPE)/Probleme fonctionnel/Fournisseur,,5M,,23-08-2024,01:17:32,NHS_BATCH
100,000313645038,2,1,001001311030,,,,,,,,,,Cloturer : Shields (Refus RMA),13-09-2024,Probleme fonctionnel,30-07-2024,Fournisseur,26-06-2024,RRU Huawei 5502 remonte H.S par l'amenageur,26-06-2024,RRU Huawei 5502 remonte H.S par l'amenageur/Cloturer : Shields (Refus RMA)/Probleme fonctionnel/Fournisseur,,5M,,17-09-2024,01:47:17,NHS_BATCH
100,000313645551,1,1,001001299279,,,,,,,,,,,,,,,,,,,,,,,,
100,000313645577,1,1,001001297742,,,,,,,,,,,,,,,,,,,,,,,,
100,000313645581,1,1,001001293172,,,,,,,,,,,,,,,,,,,,,,,,
100,000313645585,1,1,001001290413,,,,,,,,,,,,,,,,,,,,,,,,
100,000313646269,1,1,001001287548,,,,,,,,4514326804/465,25-09-2024,LOTE_296,28-06-2024,,,,,,,LOTE_296,,,,25-09-2024,12:36:41,NHSESLO01
100,000313646436,1,1,001001292761,,,,,,,,,,,,,,,,,,,,,,,,
100,000313646741,1,1,001001298384,,,,,,,,,,Cloturer : Echange Standard,27-08-2024,Probleme fonctionnel,30-07-2024,Fournisseur,27-06-2024,Dysfonctionnement du chassis/carte BB6631 remonte par l'amenageur,27-06-2024,Dysfonctionnement du chassis/carte BB6631 remonte par l'amenageur/Cloturer : Echange Standard/Probleme fonctionnel/Fournisseur,,5M,,13-08-2024,00:59:56,NHS_BATCH
100,000313646762,1,1,001001301861,,,,,,,,,,,,,,,,,,,,,,,,
100,000313646861,1,1,001001301865,,,,,,,,,,,,,,,,,,,,,,,,
100,000313647036,1,1,001001293223,,,,,,,,,,LOTE_299,11-07-2024,,,,,,,LOTE_299,,,,11-07-2024,13:11:05,NHSROCARI
100,000313647037,1,1,001001291337,,,,,,,,4514328936/465,28-08-2024,LOTE_298,09-07-2024,,,,,,,LOTE_298,,,,28-08-2024,14:24:53,NHSGEMROJ
100,000313647038,1,1,001001293219,,,,,,,,,,LOTE_299,11-07-2024,,,,,,,LOTE_299,,,,11-07-2024,13:11:05,NHSROCARI
100,000313647039,1,1,001001289451,,,,,,,,4514326804/465,25-09-2024,LOTE_296,03-07-2024,,,,,,,LOTE_296,,,,25-09-2024,12:36:41,NHSESLO01
100,000313647040,1,1,001001292609,,,,,,,,4514328936/465,28-08-2024,LOTE_298,10-07-2024,,,,,,,LOTE_298,,,,28-08-2024,14:24:53,NHSGEMROJ
100,000313647041,1,1,001001293244,,,,,,,,,,LOTE_299,11-07-2024,,,,,,,LOTE_299,,,,11-07-2024,13:11:05,NHSROCARI
100,000313647043,1,1,001001289449,,,,,,,,4514326804/465,25-09-2024,LOTE_296,03-07-2024,,,,,,,LOTE_296,,,,25-09-2024,12:36:41,NHSESLO01
100,000313647044,1,1,001001290333,,,,,,,,4514338739/465,10-10-2024,LOTE_297,05-07-2024,,,,,,,LOTE_297,,,,10-10-2024,07:38:36,NHSESLO01
100,000313647045,1,1,001001289945,,,,,,,,4514326804/465,25-09-2024,LOTE_296,04-07-2024,,,,,,,LOTE_296,,,,25-09-2024,12:36:41,NHSESLO01
100,000313647047,1,1,001001289948,,,,,,,,4514338739/465,10-10-2024,LOTE_297,04-07-2024,,,,,,,LOTE_297,,,,10-10-2024,07:38:36,NHSESLO01
100,000313647048,1,1,001001292615,,,,,,,,4514328936/465,28-08-2024,LOTE_298,10-07-2024,,,,,,,LOTE_298,,,,28-08-2024,14:24:53,NHSGEMROJ
100,000313647049,1,1,001001294286,,,,,,,,4514338743/465,10-10-2024,LOTE_300,15-07-2024,,,,,,,LOTE_300,,,,10-10-2024,08:37:52,NHSESLO01
100,000313647050,1,1,001001293710,,,,,,,,,,LOTE_299,12-07-2024,,,,,,,LOTE_299,,,,12-07-2024,12:34:30,NHSROCARI
100,000313647055,1,1,001001293705,,,,,,,,,,LOTE_299,12-07-2024,,,,,,,LOTE_299,,,,12-07-2024,12:34:30,NHSROCARI
100,000313647056,1,1,001001289448,,,,,,,,4514326804/465,25-09-2024,LOTE_296,03-07-2024,,,,,,,LOTE_296,,,,25-09-2024,12:36:41,NHSESLO01
100,000313647060,1,1,001001290719,,,,,,,,4514338739/465,10-10-2024,LOTE_297,08-07-2024,,,,,,,LOTE_297,,,,10-10-2024,07:38:36,NHSESLO01
100,000313647061,1,1,001001290367,,,,,,,,4514338739/465,10-10-2024,LOTE_297,05-07-2024,,,,,,,LOTE_297,,,,10-10-2024,07:38:36,NHSESLO01
100,000313647062,1,1,001001290373,,,,,,,,4514338739/465,10-10-2024,LOTE_297,05-07-2024,,,,,,,LOTE_297,,,,10-10-2024,07:38:37,NHSESLO01
100,000313647066,1,1,001001291330,,,,,,,,4514328936/465,28-08-2024,LOTE_298,09-07-2024,,,,,,,LOTE_298,,,,28-08-2024,14:24:53,NHSGEMROJ
100,000313647067,1,1,001001290726,,,,,,,,4514338739/465,10-10-2024,LOTE_297,08-07-2024,,,,,,,LOTE_297,,,,10-10-2024,07:38:37,NHSESLO01
100,000313647068,1,1,001001292621,,,,,,,,4514328936/465,28-08-2024,LOTE_298,10-07-2024,,,,,,,LOTE_298,,,,28-08-2024,14:24:53,NHSGEMROJ
100,000313647069,1,1,001001291319,,,,,,,,4514328936/465,28-08-2024,LOTE_298,09-07-2024,,,,,,,LOTE_298,,,,28-08-2024,14:24:54,NHSGEMROJ
100,000313647070,1,1,001001290727,,,,,,,,4514328979/465,28-08-2024,LOTE_298,08-07-2024,,,,,,,LOTE_298,,,,28-08-2024,14:24:54,NHSGEMROJ
100,000313647071,1,1,001001292614,,,,,,,,,,LOTE_299,10-07-2024,,,,,,,LOTE_299,,,,10-07-2024,11:33:04,NHSROCARI
100,000313647072,1,1,001001290343,,,,,,,,4514338739/465,10-10-2024,LOTE_297,05-07-2024,,,,,,,LOTE_297,,,,10-10-2024,07:38:37,NHSESLO01
100,000313647073,1,1,001001290342,,,,,,,,4514338739/465,10-10-2024,LOTE_297,05-07-2024,,,,,,,LOTE_297,,,,10-10-2024,07:38:37,NHSESLO01
100,000313647074,1,1,001001293241,,,,,,,,,,LOTE_299,11-07-2024,,,,,,,LOTE_299,,,,11-07-2024,13:11:05,NHSROCARI
100,000313647075,1,1,001001292626,,,,,,,,4514328936/465,28-08-2024,LOTE_298,10-07-2024,,,,,,,LOTE_298,,,,28-08-2024,14:24:54,NHSGEMROJ
100,000313647076,1,1,001001293239,,,,,,,,,,LOTE_299,11-07-2024,,,,,,,LOTE_299,,,,11-07-2024,13:11:05,NHSROCARI
100,000313647077,1,1,001001292622,,,,,,,,4514328979/465,28-08-2024,LOTE_298,10-07-2024,,,,,,,LOTE_298,,,,28-08-2024,14:24:54,NHSGEMROJ
100,000313647078,1,1,001001293237,,,,,,,,,,LOTE_299,11-07-2024,,,,,,,LOTE_299,,,,11-07-2024,13:11:05,NHSROCARI
100,000313647079,1,1,001001290715,,,,,,,,4514338739/465,10-10-2024,LOTE_297,08-07-2024,,,,,,,LOTE_297,,,,10-10-2024,07:38:37,NHSESLO01
100,000313647080,1,1,001001290345,,,,,,,,4514338739/465,10-10-2024,LOTE_297,05-07-2024,,,,,,,LOTE_297,,,,10-10-2024,07:38:37,NHSESLO01
100,000313647081,1,1,001001290371,,,,,,,,4514338739/465,10-10-2024,LOTE_297,05-07-2024,,,,,,,LOTE_297,,,,10-10-2024,07:38:37,NHSESLO01
100,000313647082,1,1,001001291315,,,,,,,,4514328936/465,28-08-2024,LOTE_298,09-07-2024,,,,,,,LOTE_298,,,,28-08-2024,14:24:54,NHSGEMROJ
100,000313647087,1,1,001001290377,,,,,,,,4514338739/465,10-10-2024,LOTE_297,05-07-2024,,,,,,,LOTE_297,,,,10-10-2024,07:38:37,NHSESLO01
100,000313647088,1,1,001001293699,,,,,,,,,,LOTE_299,12-07-2024,,,,,,,LOTE_299,,,,12-07-2024,12:34:30,NHSROCARI
100,000313647089,1,1,001001290716,,,,,,,,4514328936/465,28-08-2024,LOTE_298,08-07-2024,,,,,,,LOTE_298,,,,28-08-2024,14:24:54,NHSGEMROJ
100,000313647090,1,1,001001292620,,,,,,,,4514328936/465,28-08-2024,LOTE_298,10-07-2024,,,,,,,LOTE_298,,,,28-08-2024,14:24:54,NHSGEMROJ
100,000313647091,1,1,001001289951,,,,,,,,4514326804/465,25-09-2024,LOTE_296,04-07-2024,,,,,,,LOTE_296,,,,25-09-2024,12:36:41,NHSESLO01
100,000313647092,1,1,001001291310,,,,,,,,4514328936/465,28-08-2024,LOTE_298,09-07-2024,,,,,,,LOTE_298,,,,28-08-2024,14:24:54,NHSGEMROJ
100,000313647093,1,1,001001291287,,,,,,,,4514328936/465,28-08-2024,LOTE_298,09-07-2024,,,,,,,LOTE_298,,,,28-08-2024,14:24:54,NHSGEMROJ
100,000313647094,1,1,001001291323,,,,,,,,4514328936/465,28-08-2024,LOTE_298,09-07-2024,,,,,,,LOTE_298,,,,28-08-2024,14:24:54,NHSGEMROJ
100,000313647095,1,1,001001293694,,,,,,,,,,LOTE_299,12-07-2024,,,,,,,LOTE_299,,,,12-07-2024,12:34:30,NHSROCARI
100,000313647096,1,1,001001290721,,,,,,,,4514328936/465,28-08-2024,LOTE_298,08-07-2024,,,,,,,LOTE_298,,,,28-08-2024,14:24:54,NHSGEMROJ
100,000313647172,1,1,001001301857,,,,,,,,,,,,,,,,,,,,,,,,
100,000313647185,1,1,001001301852,,,,,,,,,,,,,,,,,,,,,,,,
100,000313647193,1,1,001001294291,,,,,,,,4514338743/465,10-10-2024,LOTE_300,15-07-2024,,,,,,,LOTE_300,,,,10-10-2024,08:37:52,NHSESLO01
100,000313647194,1,1,001001292616,,,,,,,,4514328936/465,28-08-2024,LOTE_298,10-07-2024,,,,,,,LOTE_298,,,,28-08-2024,14:24:53,NHSGEMROJ
100,000313647195,1,1,001001291342,,,,,,,,4514328936/465,28-08-2024,LOTE_298,09-07-2024,,,,,,,LOTE_298,,,,28-08-2024,14:24:53,NHSGEMROJ
100,000313647196,1,1,001001293225,,,,,,,,,,LOTE_299,11-07-2024,,,,,,,LOTE_299,,,,11-07-2024,13:11:05,NHSROCARI
100,000313647197,1,1,001001294288,,,,,,,,4514338743/465,10-10-2024,LOTE_300,15-07-2024,,,,,,,LOTE_300,,,,10-10-2024,08:37:52,NHSESLO01
100,000313647198,1,1,001001290723,,,,,,,,4514328936/465,28-08-2024,LOTE_298,08-07-2024,,,,,,,LOTE_298,,,,28-08-2024,14:24:53,NHSGEMROJ
100,000313647199,1,1,001001290725,,,,,,,,4514328936/465,28-08-2024,LOTE_298,08-07-2024,,,,,,,LOTE_298,,,,28-08-2024,14:24:53,NHSGEMROJ
100,000313647200,1,1,001001293708,,,,,,,,,,LOTE_299,12-07-2024,,,,,,,LOTE_299,,,,12-07-2024,12:34:30,NHSROCARI
100,000313647201,1,1,001001294100,,,,,,,,4514338743/465,10-10-2024,LOTE_300,15-07-2024,,,,,,,LOTE_300,,,,10-10-2024,08:37:52,NHSESLO01
100,000313647202,1,1,001001291331,,,,,,,,4514328936/465,28-08-2024,LOTE_298,09-07-2024,,,,,,,LOTE_298,,,,28-08-2024,14:24:53,NHSGEMROJ
100,000313647203,1,1,001001293717,,,,,,,,,,LOTE_299,12-07-2024,,,,,,,LOTE_299,,,,12-07-2024,12:34:30,NHSROCARI
100,000313647215,1,1,001001294067,,,,,,,,,,,,,,,,,,,,,,,,
100,000313647227,1,1,001001294062,,,,,,,,,,,,,,,,,,,,,,,,
100,000313647228,1,1,001001290323,,,,,,,,4514338739/465,10-10-2024,LOTE_297,05-07-2024,,,,,,,LOTE_297,,,,10-10-2024,07:38:36,NHSESLO01
100,000313647229,1,1,001001290369,,,,,,,,4514338741/465,10-10-2024,LOTE_297,05-07-2024,,,,,,,LOTE_297,,,,10-10-2024,07:38:36,NHSESLO01
100,000313647230,1,1,001001294283,,,,,,,,,,LOTE_299,15-07-2024,,,,,,,LOTE_299,,,,15-07-2024,12:24:50,NHSROCARI
100,000313647231,1,1,001001289459,,,,,,,,4514326804/465,25-09-2024,LOTE_296,03-07-2024,,,,,,,LOTE_296,,,,25-09-2024,12:36:41,NHSESLO01
100,000313647232,1,1,001001289943,,,,,,,,4514338739/465,10-10-2024,LOTE_297,04-07-2024,,,,,,,LOTE_297,,,,10-10-2024,07:38:37,NHSESLO01
100,000313647233,1,1,001001289947,,,,,,,,4514338739/465,10-10-2024,LOTE_297,04-07-2024,,,,,,,LOTE_297,,,,10-10-2024,07:38:37,NHSESLO01
100,000313647234,1,1,001001294127,,,,,,,,4514338743/465,10-10-2024,LOTE_300,15-07-2024,,,,,,,LOTE_300,,,,10-10-2024,08:37:53,NHSESLO01
100,000313647235,1,1,001001289950,,,,,,,,4514338739/465,10-10-2024,LOTE_297,04-07-2024,,,,,,,LOTE_297,,,,10-10-2024,07:38:37,NHSESLO01
100,000313647236,1,1,001001290718,,,,,,,,4514338739/465,10-10-2024,LOTE_297,08-07-2024,,,,,,,LOTE_297,,,,10-10-2024,07:38:37,NHSESLO01
100,000313647249,1,1,001001294909,,,,,,,,,,,,,,,,,,,,,,,,
100,000313647267,1,1,001001300527,,,,,,,,,,,,,,,,,,,,,,,,
100,000313647291,1,1,001001314949,,,,,,,,,,,,,,,,804651312,24-10-2024,804651312,,5,,24-10-2024,15:09:23,NHSITPM03
100,000313648227,1,1,001001294677,,,,,,,,4514338745/465,10-10-2024,LOTE_300,15-07-2024,,,,,,,LOTE_300,,,,10-10-2024,08:37:52,NHSESLO01
100,000313648228,1,1,001001297615,,,,,,,,4514338748/465,10-10-2024,LOTE_301,22-07-2024,,,,,,,LOTE_301,,,,10-10-2024,08:37:53,NHSESLO01
100,000313648229,1,1,001001294676,,,,,,,,4514338745/465,10-10-2024,LOTE_300,15-07-2024,,,,,,,LOTE_300,,,,10-10-2024,08:37:53,NHSESLO01
100,000313648231,1,1,001001294675,,,,,,,,4514338745/465,10-10-2024,LOTE_300,15-07-2024,,,,,,,LOTE_300,,,,10-10-2024,08:37:53,NHSESLO01
100,000313648232,1,1,001001293707,,,,,,,,,,LOTE_299,12-07-2024,,,,,,,LOTE_299,,,,12-07-2024,12:34:30,NHSROCARI
100,000313648233,1,1,001001294674,,,,,,,,4514338745/465,10-10-2024,LOTE_300,15-07-2024,,,,,,,LOTE_300,,,,10-10-2024,08:37:53,NHSESLO01
100,000313648236,1,1,001001298630,,,,,,,,4514338748/465,10-10-2024,LOTE_301,24-07-2024,,,,,,,LOTE_301,,,,10-10-2024,08:37:54,NHSESLO01
100,000313648239,1,1,001001297610,,,,,,,,4514338748/465,10-10-2024,LOTE_301,22-07-2024,,,,,,,LOTE_301,,,,10-10-2024,08:37:54,NHSESLO01
100,000313648240,1,1,001001297731,,,,,,,,4514338748/465,10-10-2024,LOTE_301,22-07-2024,,,,,,,LOTE_301,,,,10-10-2024,08:37:54,NHSESLO01
100,000313648242,1,1,001001297730,,,,,,,,4514338748/465,10-10-2024,LOTE_301,22-07-2024,,,,,,,LOTE_301,,,,10-10-2024,08:37:54,NHSESLO01
100,000313648243,1,1,001001297617,,,,,,,,4514338748/465,10-10-2024,LOTE_301,22-07-2024,,,,,,,LOTE_301,,,,10-10-2024,08:37:54,NHSESLO01
100,000313648244,1,1,001001297729,,,,,,,,4514338748/465,10-10-2024,LOTE_301,22-07-2024,,,,,,,LOTE_301,,,,10-10-2024,08:37:54,NHSESLO01
100,000313648245,1,1,001001293702,,,,,,,,,,LOTE_299,12-07-2024,,,,,,,LOTE_299,,,,12-07-2024,12:34:31,NHSROCARI
100,000313648246,1,1,001001297728,,,,,,,,4514338746/465,10-10-2024,LOTE_301,22-07-2024,,,,,,,LOTE_301,,,,10-10-2024,08:37:54,NHSESLO01
100,000313648248,1,1,001001297606,,,,,,,,4514338748/465,10-10-2024,LOTE_301,22-07-2024,,,,,,,LOTE_301,,,,10-10-2024,08:37:54,NHSESLO01
100,000313648253,1,1,001001294670,,,,,,,,4514338745/465,10-10-2024,LOTE_300,15-07-2024,,,,,,,LOTE_300,,,,10-10-2024,08:37:53,NHSESLO01
100,000313648383,1,1,001001296256,,,,,,,,,,,,,,,,,,,,,,,,
100,000313648403,1,1,001001296973,,,,,,,,4514338748/465,10-10-2024,LOTE_301,19-07-2024,,,,,,,LOTE_301,,,,10-10-2024,08:37:54,NHSESLO01
100,000313648450,1,1,001001296980,,,,,,,,4514338748/465,10-10-2024,LOTE_301,19-07-2024,,,,,,,LOTE_301,,,,10-10-2024,08:37:53,NHSESLO01
100,000313648452,1,1,001001295387,,,,,,,,4514338745/465,10-10-2024,LOTE_300,17-07-2024,,,,,,,LOTE_300,,,,10-10-2024,08:37:52,NHSESLO01
100,000313648453,1,1,001001298167,,,,,,,,4514338748/465,10-10-2024,LOTE_301,23-07-2024,,,,,,,LOTE_301,,,,10-10-2024,08:37:53,NHSESLO01
100,000313648454,1,1,001001297628,,,,,,,,4514338746/465,10-10-2024,LOTE_301,22-07-2024,,,,,,,LOTE_301,,,,10-10-2024,08:37:53,NHSESLO01
100,000313648455,1,1,001001296983,,,,,,,,4514338748/465,10-10-2024,LOTE_301,19-07-2024,,,,,,,LOTE_301,,,,10-10-2024,08:37:54,NHSESLO01
100,000313648456,1,1,001001295733,,,,,,,,4514338743/465,10-10-2024,LOTE_300,17-07-2024,,,,,,,LOTE_300,,,,10-10-2024,08:37:53,NHSESLO01
100,000313648457,1,1,001001296987,,,,,,,,4514338743/465,10-10-2024,LOTE_300,19-07-2024,,,,,,,LOTE_300,,,,10-10-2024,08:37:53,NHSESLO01
100,000313648458,1,1,001001298157,,,,,,,,4514338748/465,10-10-2024,LOTE_301,23-07-2024,,,,,,,LOTE_301,,,,10-10-2024,08:37:54,NHSESLO01
100,000313648972,1,1,001001303285,,,,,,,,,,,,,,,,,,,,,,,,
100,000313648973,1,1,001001305609,,,,,,,,,,,,,,,,,,,,,,,,
100,000313648983,1,1,001001294883,,,,,,,,,,,,,,,,,,,,,,,,
100,000313649968,2,1,001001403155,,,,,,,,,,RMA BEANTRAGUNG,15-07-2024,,,,,,,RMA BEANTRAGUNG,,,,,,
100,000313650712,1,1,001001297049,,,,,,,,,,Cloturer : Echange Standard,02-08-2024,Probleme fonctionnel,30-07-2024,Fournisseur,01-07-2024,Dysfonctionnement du RRU Eri portant les frequences 700/800/900 remontelors de la MEL,01-07-2024,Dysfonctionnement du RRU Eri portant les frequences 700/800/900 remontelors de la MEL/Cloturer : Echange Standard/Probleme fonctionnel/Fournisseur,,5M,,02-08-2024,01:21:55,NHS_BATCH
100,000313650750,1,1,001001301854,,,,,,,,,,,,,,,,,,,,,,,,
100,000313651692,1,1,001001294668,,,,,,,,Attente retour amenageur - mail fait le 01/07/2024 - Go Bytel le02/07/2024,02-07-2024,Cloturer : Shields (Dmd Bytel),07-10-2024,Dommage physique,30-07-2024,MMO,02-07-2024,Site remonte endommage - aucun dommage remonte lors de la livraisoninitiale - Bytel indique une responsabilite MMO,02-07-2024,Site remonte endommage - aucun dommage remonte lors de la livraisoninitiale - Bytel indique une responsabilite MMO/Cloturer : Shields (Dmd Bytel)/Dommage physique/MMO,,5M,,09-10-2024,01:46:08,NHS_BATCH
100,000313651737,1,1,001001294894,,,,,,,,,,,,,,,,,,,,,,,,
100,000313651750,1,1,001001305608,,,,,,,,,,,,,,,,,,,,,,,,
100,000313651775,1,1,001001296036,,,,,,,,,,,,,,,,,,,,,,,,
100,000313651794,1,1,001001295401,,,,,,,,,,,,,,,,,,,,,,,,
100,000313651802,1,1,001001305602,,,,,,,,,,,,,,,,,,,,,,,,
100,000313651808,1,1,001001294051,,,,,,,,,,,,,,,,,,,,,,,,
100,000313652805,1,1,001001301847,,,,,,,,,,,,,,,,,,,,,,,,
100,000313652852,1,1,001001301849,,,,,,,,,,,,,,,,,,,,,,,,
100,000313653029,1,1,001001452975,,,,,,,,,,,,,,,,,,,,,,,,
100,000313653061,1,1,001001451952,,,,,,,,,,,,,,,,,,,,,,,,
100,000313653071,1,1,001001449287,,,,,,,,,,,,,,,,,,,,,,,,
100,000313653223,1,1,001001294898,,,,,,,,,,,,,,,,,,,,,,,,
100,000313653240,1,1,001001295407,,,,,,,,,,,,,,,,,,,,,,,,
100,000313653409,1,1,001001293478,,,,,,,,,,,,,,,,,,,,,,,,
100,000313653416,1,1,001001295421,,,,,,,,,,,,,,,,,,,,,,,,
100,000313653420,1,1,001001295391,,,,,,,,,,,,,,,,,,,,,,,,
100,000313653449,1,1,001001296044,,,,,,,,,,,,,,,,,,,,,,,,
100,000313653470,1,1,001001294035,,,,,,,,,,,,,,,,,,,,,,,,
100,000313653484,1,1,001001293428,,,,,,,,,,,,,,,,,,,,,,,,
100,000313653492,1,1,001001296017,,,,,,,,,,,,,,,,,,,,,,,,
100,000313653496,1,1,001001296025,,,,,,,,,,,,,,,,,,,,,,,,
100,000313653504,1,1,001001296008,,,,,,,,,,,,,,,,,,,,,,,,
100,000313653635,1,1,001001411076,,,,,,TD Entwicklung,10-04-2025,,,,,,,,,,,TD Entwicklung,,3,,10-04-2025,10:19:49,NHS000033
100,000313653672,1,1,001001297050,,,,,,,,,,Cloturer : Echange Standard,02-08-2024,Probleme fonctionnel,30-07-2024,Fournisseur,02-07-2024,RRU ericsson remonte dysfonctionnel par l'amenageur,02-07-2024,RRU ericsson remonte dysfonctionnel par l'amenageur/Cloturer : Echange Standard/Probleme fonctionnel/Fournisseur,,5M,,02-08-2024,01:21:56,NHS_BATCH
100,000313653679,1,1,001001297051,,,,,,,,,,Cloturer : Echange Standard,02-08-2024,Probleme fonctionnel,30-07-2024,Fournisseur,02-07-2024,Chassis/carte ericsson remonte dysfonctionnel par l'amenageur,02-07-2024,Chassis/carte ericsson remonte dysfonctionnel par l'amenageur/Cloturer : Echange Standard/Probleme fonctionnel/Fournisseur,,5M,,02-08-2024,01:21:56,NHS_BATCH
100,000313654423,1,1,001001304335,,,,,,Entwickelt/TD Entwicklung,24-06-2025,,,,,,,,,,,Entwickelt/TD Entwicklung,,3,,24-06-2025,12:15:10,NHS050084
100,000313654730,1,1,001001298154,,,,,,,,4514338748/465,10-10-2024,LOTE_301,23-07-2024,,,,,,,LOTE_301,,,,10-10-2024,08:37:54,NHSESLO01
100,000313654731,1,1,001001296201,,,,,,,,4514338745/465,10-10-2024,LOTE_300,18-07-2024,,,,,,,LOTE_300,,,,10-10-2024,08:37:53,NHSESLO01
100,000313654732,1,1,001001295039,,,,,,,,4514338745/465,10-10-2024,LOTE_300,16-07-2024,,,,,,,LOTE_300,,,,10-10-2024,08:37:53,NHSESLO01
100,000313654733,1,1,001001296231,,,,,,,,4514338745/465,10-10-2024,LOTE_300,18-07-2024,,,,,,,LOTE_300,,,,10-10-2024,08:37:53,NHSESLO01
100,000313654737,1,1,001001303804,,,,,,,,,,Cloturer : Shields (Refus RMA),11-10-2024,Erreur de livraison,04-02-2025,BYTEL,04-02-2025,Erreur packaging IDU ericsson reuse - attente retour equipement dansboite d'origine afin d'identifier la responsabilite,03-07-2024,Erreur packaging IDU ericsson reuse - attente retour equipement dansboite d'origine afin d'identifier la responsabilite/Cloturer : Shields (Refus RMA)/Erreur de livraison/BYTEL,,5M,,23-08-2024,01:17:33,NHS_BATCH
100,000313654975,1,1,001001423761,,,,,,,,Unità persa,08-05-2025,,,,,,,,,,,5,,08-05-2025,14:48:30,NHSITPM03
100,000313655508,1,1,001001322147,,,,,,,,,,,,,,,,,,,,,,,,
100,000313655538,1,1,001001330729,,,,,,,,,,Cloturer : Shields (Refus RMA),23-10-2024,Probleme fonctionnel,30-07-2024,Fournisseur,03-07-2024,Dysfonctionnement du RRU Huawei 700/800/900 remonte par l'amenageur,03-07-2024,Dysfonctionnement du RRU Huawei 700/800/900 remonte par l'amenageur/Cloturer : Shields (Refus RMA)/Probleme fonctionnel/Fournisseur,,5M,,24-10-2024,02:08:37,NHS_BATCH
100,000313655545,1,1,001001322149,,,,,,,,,,,,,,,,,,,,,,,,
100,000313655583,1,1,001001298285,,,,,,,,,,,,,,,,,,,,,,,,
100,000313655584,1,1,001001322492,,,,,,,,,,,,,,,,,,,,,,,,
100,000313655592,1,1,001001307550,,,,,,,,,,,,,,,,,,,,,,,,
100,000313655598,1,1,001001300472,,,,,,,,,,,,,,,,,,,,,,,,
100,000313655599,1,1,001001322154,,,,,,,,,,,,,,,,,,,,,,,,
100,000313656760,1,1,001001345260,,,,,,PHYSICAL REPAIR 08.11.24,11-11-2024,,,,,,,,,,,PHYSICAL REPAIR 08.11.24,,,,11-11-2024,15:06:27,SAPPIRFC
100,000313656793,1,1,001001322153,,,,,,,,,,,,,,,,,,,,,,,,
100,000313656876,1,1,001001322145,,,,,,,,,,,,,,,,,,,,,,,,
100,000313656911,1,1,001001322156,,,,,,,,,,,,,,,,,,,,,,,,
100,000313656939,1,1,001001298638,,,,,,,,,,,,,,,,,,,,,,,,
100,000313656953,1,1,001001297899,,,,,,,,,,,,,,,,,,,,,,,,
100,000313656961,1,1,001001296740,,,,,,,,,,,,,,,,,,,,,,,,
100,000313656963,1,1,001001322140,,,,,,,,,,,,,,,,,,,,,,,,
100,000313657089,1,1,001001322151,,,,,,,,,,,,,,,,,,,,,,,,
100,000313657096,1,1,001001322516,,,,,,,,,,,,,,,,,,,,,,,,
100,000313657335,1,1,001001297052,,,,,,,,,,Cloturer : Shields (Refus RMA),27-08-2024,Probleme fonctionnel,30-07-2024,REUSE,12-09-2024,Probleme chargement logiciel caus# par mot de passe erron# remonte parl'amenageur,04-07-2024,Probleme chargement logiciel caus# par mot de passe erron# remonte parl'amenageur/Cloturer : Shields (Refus RMA)/Probleme fonctionnel/REUSE,,5M,,09-08-2024,09:28:10,NHS_BATCH
100,000313657609,1,1,001001423538,,,,,,,,Unità persa,08-05-2025,,,,,,,,,,,5,,08-05-2025,11:02:29,NHSITPM03
100,000313657672,1,1,001001432313,,,,,,,,,,,,,,,,,,,,5,,19-06-2025,12:33:58,NHSITPM03
100,000313658333,1,1,001001317809,,,,,,,,CTDI : Mail a l'amenageur fait le 08/07/2024 - Retour amenageur le16/07/2024,16-07-2024,Cloturer : Shields (Refus RMA),25-09-2024,Probleme Qualite REUSE,13-09-2024,REUSE,12-09-2024,Port RRU 5502N remonte endommage (avec Photo) - RRU Reuse (shields),16-07-2024,Port RRU 5502N remonte endommage (avec Photo) - RRU Reuse (shields)/Cloturer : Shields (Refus RMA)/Probleme Qualite REUSE/REUSE,,5M,,20-09-2024,01:54:04,NHS_BATCH
100,000313658732,1,1,001001306865,,,,,,,,,,,,,,,,,,,,,,,,
100,000313659019,1,1,001001296741,,,,,,,,,,,,,,,,,,,,,,,,
100,000313659026,1,1,001001306693,,,,,,,,,,,,,,,,,,,,,,,,
100,000313659048,1,1,001001316336,,,,,,Kapazitätsengpass,05-09-2024,,,,,,,,,,,Kapazitätsengpass,,4,,05-09-2024,16:38:25,SAPPIRFC
100,000313659072,1,1,001001307551,,,,,,,,,,,,,,,,,,,,,,,,
100,000313659075,1,1,001001298265,,,,,,,,,,,,,,,,,,,,,,,,
100,000313659081,1,1,001001306527,,,,,,,,,,,,,,,,,,,,,,,,
100,000313659135,1,1,001001300351,,,,,,,,,,Cloturer : Echange Standard,27-08-2024,Probleme fonctionnel,30-07-2024,Fournisseur,08-07-2024,Genere une alarme,08-07-2024,Genere une alarme/Cloturer : Echange Standard/Probleme fonctionnel/Fournisseur,,5M,,13-08-2024,00:59:57,NHS_BATCH
100,000313659254,1,1,001001454835,,,,,,,,,,,,,,,,,,,,,,,,
100,000313659453,2,1,001001363503,,,,,,Entwicklung TD 17.12.24,17-12-2024,,,,,,,,,,,Entwicklung TD 17.12.24,,,,17-12-2024,13:37:04,NHS000440
100,000313660816,1,1,001001338039,,,,,,,,,,Cloturer : Stockage 40N (Projet Serialisation),19-02-2025,Probleme fonctionnel,30-07-2024,Fournisseur,08-07-2024,RET non visible,08-07-2024,RET non visible/Cloturer : Stockage 40N (Projet Serialisation)/Probleme fonctionnel/Fournisseur,,5M,,20-02-2025,00:09:29,NHS_BATCH
100,000313660894,1,1,001001298669,,,,,,,,,,,,,,,,,,,,,,,,
100,000313661127,1,1,001001316332,,,,,,Kapazitätsengpass,05-09-2024,,,,,,,,,,,Kapazitätsengpass,,4,,05-09-2024,16:38:25,SAPPIRFC
100,000313661131,1,1,001001297823,,,,,,,,,,,,,,,,,,,,,,,,
100,000313661134,1,1,001001298537,,,,,,,,,,,,,,,,,,,,,,,,
100,000313661138,1,1,001001297817,,,,,,,,,,,,,,,,,,,,,,,,
100,000313661140,1,1,001001297236,,,,,,,,,,,,,,,,,,,,,,,,
100,000313661144,1,1,001001300504,,,,,,,,,,,,,,,,,,,,,,,,
100,000313661262,1,1,001001315980,,,,,,,,,,Cloturer : Echange Standard,08-10-2024,Probleme fonctionnel,30-07-2024,Fournisseur,09-07-2024,Baseband 6651 remonte H.S par l'amenageur,09-07-2024,Baseband 6651 remonte H.S par l'amenageur/Cloturer : Echange Standard/Probleme fonctionnel/Fournisseur,,5M,,09-10-2024,01:46:08,NHS_BATCH
100,000313661404,1,1,001001423762,,,,,,,,Unità persa,08-05-2025,,,,,,,,,,,5,,08-05-2025,14:48:30,NHSITPM03
100,000313661406,1,1,001001423752,,,,,,,,Ricerca in corso,08-05-2025,,,,,,,,,,,5,,08-05-2025,14:48:28,NHSITPM03
100,000313661850,1,1,001001429425,,,,,,,,,,,,,,,,,,,,,,,,
100,000313661930,1,1,001001423753,,,,,,,,Ricerca in corso,08-05-2025,,,,,,,,,,,5,,08-05-2025,14:48:28,NHSITPM03